,thscode,ths_ths_bond_first_type_bond
0,090801.IB,金融债
1,090204.IB,金融债
2,010107.SH,国债
3,010303.SH,国债
4,058021.IB,企业债
5,078042.IB,企业债
6,111050.SZ,企业债
7,122015.SH,公司债
8,0980140.IB,政府支持机构债
9,0980146.IB,企业债
10,0980182.IB,企业债
11,100302.IB,金融债
12,100222.IB,金融债
13,1082151.IB,中期票据
14,100411.SZ,国债
15,110207.IB,金融债
16,122835.SH,企业债
17,1182082.IB,中期票据
18,1116001.IB,金融债
19,122072.SH,公司债
20,122749.SH,企业债
21,122748.SH,企业债
22,120206.SH,企业债
23,122723.SH,企业债
24,1280102.IB,企业债
25,120221.IB,金融债
26,120224.IB,金融债
27,1282176.IB,中期票据
28,120226.IB,金融债
29,1282205.IB,中期票据
30,120411.IB,金融债
31,120412.IB,金融债
32,1282253.IB,中期票据
33,120416.IB,金融债
34,1280250.IB,企业债
35,122514.SH,企业债
36,112123.SZ,公司债
37,122203.SH,公司债
38,124302.SH,企业债
39,1382011.IB,中期票据
40,130208.IB,金融债
41,130209.IB,金融债
42,1380017.IB,企业债
43,124153.SH,企业债
44,124201.SH,企业债
45,1380060.IB,企业债
46,1380102.IB,企业债
47,1382138.IB,中期票据
48,122244.SH,公司债
49,1320015.IB,金融债
50,1382312.IB,中期票据
51,101353003.IB,中期票据
52,124337.SH,企业债
53,101353010.IB,中期票据
54,1380279.IB,企业债
55,112196.SZ,公司债
56,1380363.IB,企业债
57,018002.SH,金融债
58,140402.IB,金融债
59,122271.SH,公司债
60,101456006.IB,中期票据
61,1428002.IB,金融债
62,140318.IB,金融债
63,140423.IB,金融债
64,140428.IB,金融债
65,140209.IB,金融债
66,140211.IB,金融债
67,101453008.IB,中期票据
68,1480174.IB,政府支持机构债
69,122295.SH,公司债
70,101453009.IB,中期票据
71,124668.SH,企业债
72,101454018.IB,中期票据
73,1480265.IB,企业债
74,101456018.IB,中期票据
75,1480262.IB,企业债
76,1480272.IB,企业债
77,101456023.IB,中期票据
78,140330.IB,金融债
79,101459024.IB,中期票据
80,101451016.IB,中期票据
81,101461014.IB,中期票据
82,101461015.IB,中期票据
83,124771.SH,企业债
84,091401002.IB,金融债
85,1480320.IB,企业债
86,1480335.IB,企业债
87,1480325.IB,企业债
88,1480337.IB,企业债
89,1480187.IB,企业债
90,140215.IB,金融债
91,101461017.IB,中期票据
92,101473006.IB,中期票据
93,122298.SH,公司债
94,1480411.IB,政府支持机构债
95,140441.IB,金融债
96,1480426.IB,企业债
97,1428009.IB,金融债
98,140221.IB,金融债
99,101456051.IB,中期票据
100,140350.IB,金融债
101,1428012.IB,金融债
102,1428011.IB,金融债
103,1480473.IB,企业债
104,101456059.IB,中期票据
105,101468005.IB,中期票据
106,124952.SH,企业债
107,124947.SH,企业债
108,122328.SH,公司债
109,101458029.IB,中期票据
110,101471004.IB,中期票据
111,140024.IB,国债
112,140373.IB,金融债
113,127017.SH,企业债
114,101453029.IB,中期票据
115,101456074.IB,中期票据
116,140228.IB,金融债
117,112232.SZ,金融债
118,091402002.IB,金融债
119,101460049.IB,中期票据
120,101456087.IB,中期票据
121,101478003.IB,中期票据
122,150402.IB,金融债
123,1580013.IB,企业债
124,1580005.IB,企业债
125,101555001.IB,中期票据
126,113008.SH,可转债
127,150205.IB,金融债
128,1580039.IB,企业债
129,150405.IB,金融债
130,1580046.IB,企业债
131,101552006.IB,中期票据
132,150306.IB,金融债
133,122341.SH,公司债
134,101555007.IB,中期票据
135,150308.IB,金融债
136,150208.IB,金融债
137,150209.IB,金融债
138,1580098.IB,企业债
139,101561008.IB,中期票据
140,1528002.IB,金融债
141,150412.IB,金融债
142,101554028.IB,中期票据
143,101558014.IB,中期票据
144,101554029.IB,中期票据
145,101558018.IB,中期票据
146,101559021.IB,中期票据
147,101560019.IB,中期票据
148,091501002.IB,金融债
149,101554035.IB,中期票据
150,122374.SH,金融债
151,122377.SH,公司债
152,101551034.IB,中期票据
153,110031.SH,可转债
154,101564026.IB,中期票据
155,150213.IB,金融债
156,150216.IB,金融债
157,122392.SH,公司债
158,122396.SH,公司债
159,101561014.IB,中期票据
160,101559035.IB,中期票据
161,101552022.IB,中期票据
162,122402.SH,公司债
163,122407.SH,金融债
164,122425.SH,公司债
165,122431.SH,公司债
166,101554055.IB,中期票据
167,122436.SH,公司债
168,112273.SZ,公司债
169,112274.SZ,公司债
170,101552031.IB,中期票据
171,101561023.IB,中期票据
172,1520054.IB,金融债
173,122446.SH,公司债
174,122449.SH,公司债
175,122450.SH,金融债
176,112277.SZ,公司债
177,122358.SH,公司债
178,101562033.IB,中期票据
179,1589225.IB,资产支持证券
180,101553028.IB,中期票据
181,150220.IB,金融债
182,122468.SH,公司债
183,112285.SZ,公司债
184,123935.SH,资产支持证券
185,101560059.IB,中期票据
186,136000.SH,公司债
187,122497.SH,公司债
188,101560061.IB,中期票据
189,150221.IB,金融债
190,101568004.IB,中期票据
191,136013.SH,金融债
192,101554074.IB,中期票据
193,101564059.IB,中期票据
194,136014.SH,公司债
195,132004.SH,可交换债券
196,136031.SH,公司债
197,136036.SH,公司债
198,136035.SH,公司债
199,150316.IB,金融债
200,136053.SH,公司债
201,112296.SZ,金融债
202,136061.SH,金融债
203,136057.SH,公司债
204,127313.SH,企业债
205,136065.SH,公司债
206,1520070.IB,金融债
207,132005.SH,可交换债券
208,136085.SH,公司债
209,136090.SH,公司债
210,101580018.IB,中期票据
211,127334.SH,企业债
212,1580317.IB,企业债
213,160403.IB,金融债
214,160404.IB,金融债
215,160405.IB,金融债
216,110032.SH,可转债
217,110033.SH,可转债
218,127382.SH,企业债
219,101653001.IB,中期票据
220,127365.SH,企业债
221,101658004.IB,中期票据
222,101663001.IB,中期票据
223,1620004.IB,金融债
224,136155.SH,公司债
225,101659008.IB,中期票据
226,136175.SH,公司债
227,113009.SH,可转债
228,128010.SZ,可转债
229,136196.SH,公司债
230,1628001.IB,金融债
231,131128.SH,资产支持证券
232,136194.SH,公司债
233,101651005.IB,中期票据
234,136212.SH,公司债
235,116132.SZ,资产支持证券
236,136219.SH,公司债
237,160206.IB,金融债
238,160301.IB,金融债
239,1628004.IB,金融债
240,160207.IB,金融债
241,101659010.IB,中期票据
242,160407.IB,金融债
243,136228.SH,公司债
244,160208.IB,金融债
245,136253.SH,公司债
246,1628003.IB,金融债
247,1628005.IB,金融债
248,101662022.IB,中期票据
249,101660013.IB,中期票据
250,101672001.IB,中期票据
251,136260.SH,公司债
252,139029.SH,企业债
253,1680086.IB,企业债
254,127400.SH,企业债
255,160411.IB,金融债
256,1620013.IB,金融债
257,136268.SH,公司债
258,061607004.IB,资产支持证券
259,101661013.IB,中期票据
260,1680099.IB,企业债
261,136270.SH,公司债
262,1605049.IB,地方政府债
263,1620015.IB,金融债
264,112352.SZ,公司债
265,136283.SH,公司债
266,136292.SH,公司债
267,136301.SH,公司债
268,127056.SH,企业债
269,127413.SH,企业债
270,1605052.IB,地方政府债
271,136304.SH,公司债
272,112358.SZ,公司债
273,136313.SH,公司债
274,1680133.IB,企业债
275,101659019.IB,中期票据
276,101658015.IB,中期票据
277,130856.SH,地方政府债
278,1605042.IB,地方政府债
279,1680140.IB,企业债
280,136334.SH,公司债
281,136344.SH,公司债
282,130865.SH,地方政府债
283,160210.IB,金融债
284,130887.SH,地方政府债
285,130895.SH,地方政府债
286,160412.IB,金融债
287,160413.IB,金融债
288,1605131.IB,地方政府债
289,112364.SZ,公司债
290,130909.SH,地方政府债
291,101660036.IB,中期票据
292,101681001.IB,中期票据
293,127426.SH,企业债
294,1689080.IB,资产支持证券
295,120001.SH,企业债
296,1680195.IB,企业债
297,136386.SH,公司债
298,160415.IB,金融债
299,160416.IB,金融债
300,160417.IB,金融债
301,160008.IB,国债
302,101651023.IB,中期票据
303,1626001.IB,金融债
304,1680227.IB,企业债
305,130937.SH,地方政府债
306,136411.SH,公司债
307,101653022.IB,中期票据
308,101653023.IB,中期票据
309,101661019.IB,中期票据
310,101652021.IB,中期票据
311,1621015.IB,金融债
312,101653025.IB,中期票据
313,136425.SH,公司债
314,136448.SH,公司债
315,136452.SH,公司债
316,160306.IB,金融债
317,101665003.IB,中期票据
318,136456.SH,金融债
319,136421.SH,公司债
320,127435.SH,企业债
321,1622008.IB,金融债
322,1605253.IB,地方政府债
323,136469.SH,公司债
324,101655011.IB,中期票据
325,061608001.IB,资产支持证券
326,101669020.IB,中期票据
327,101652025.IB,中期票据
328,131799.SH,资产支持证券
329,132006.SH,可交换债券
330,131837.SH,资产支持证券
331,136510.SH,公司债
332,131708.BC,国债
333,136515.SH,公司债
334,101664036.IB,中期票据
335,136519.SH,公司债
336,136523.SH,公司债
337,136141.SH,公司债
338,101661025.IB,中期票据
339,136535.SH,公司债
340,136544.SH,公司债
341,1628012.IB,金融债
342,1628013.IB,金融债
343,136554.SH,金融债
344,101654061.IB,中期票据
345,127446.SH,企业债
346,101652030.IB,中期票据
347,136562.SH,公司债
348,136558.SH,公司债
349,136994.SH,公司债
350,1622009.IB,金融债
351,160420.IB,金融债
352,160421.IB,金融债
353,019544.SH,国债
354,136577.SH,公司债
355,140196.SH,地方政府债
356,131848.SH,资产支持证券
357,112419.SZ,公司债
358,128013.SZ,可转债
359,136594.SH,公司债
360,136607.SH,公司债
361,136606.SH,金融债
362,136615.SH,公司债
363,112425.SZ,公司债
364,1620038.IB,金融债
365,160309.IB,金融债
366,136622.SH,金融债
367,160213.IB,金融债
368,136644.SH,公司债
369,131875.SH,资产支持证券
370,142151.SH,资产支持证券
371,1680360.IB,企业债
372,101654080.IB,中期票据
373,101651048.IB,中期票据
374,136710.SH,公司债
375,136721.SH,公司债
376,136722.SH,公司债
377,136725.SH,公司债
378,136753.SH,公司债
379,1605602.IB,地方政府债
380,101662071.IB,中期票据
381,160215.IB,金融债
382,101660068.IB,中期票据
383,136797.SH,公司债
384,1628017.IB,金融债
385,160312.IB,金融债
386,132007.SH,可交换债券
387,101678005.IB,中期票据
388,136813.SH,公司债
389,160313.IB,金融债
390,136819.SH,公司债
391,136826.SH,公司债
392,160025.IB,国债
393,091602002.IB,金融债
394,1628022.IB,金融债
395,1689273.IB,资产支持证券
396,142297.SH,资产支持证券
397,101658072.IB,中期票据
398,136855.SH,公司债
399,1689281.IB,资产支持证券
400,142392.SH,资产支持证券
401,160316.IB,金融债
402,101651059.IB,中期票据
403,142400.SH,资产支持证券
404,142401.SH,资产支持证券
405,160218.IB,金融债
406,136872.SH,公司债
407,112493.SZ,公司债
408,1622025.IB,金融债
409,142435.SH,资产支持证券
410,1689331.IB,资产支持证券
411,170402.IB,金融债
412,170403.IB,金融债
413,170405.IB,金融债
414,1789013.IB,资产支持证券
415,136893.SH,公司债
416,136895.SH,金融债
417,1789024.IB,资产支持证券
418,1728002.IB,金融债
419,170302.IB,金融债
420,1789036.IB,资产支持证券
421,101761002.IB,中期票据
422,1721010.IB,金融债
423,1722007.IB,金融债
424,143011.SH,公司债
425,101760007.IB,中期票据
426,1728004.IB,金融债
427,101759008.IB,中期票据
428,101761005.IB,中期票据
429,1726001.IB,金融债
430,143012.SH,公司债
431,101759011.IB,中期票据
432,1722010.IB,金融债
433,143036.SH,金融债
434,1789048.IB,资产支持证券
435,113011.SH,可转债
436,142785.SH,资产支持证券
437,101759016.IB,中期票据
438,143043.SH,公司债
439,111710141.IB,同业存单
440,101754025.IB,中期票据
441,018005.SH,金融债
442,018006.SH,金融债
443,170210.IB,金融债
444,112513.SZ,金融债
445,112515.SZ,公司债
446,143062.SH,公司债
447,1789078.IB,资产支持证券
448,170205.IB,金融债
449,1728006.IB,金融债
450,170206.IB,金融债
451,1720016.IB,金融债
452,108602.SZ,金融债
453,143070.SH,公司债
454,128014.SZ,可转债
455,170407.IB,金融债
456,143079.SH,金融债
457,170409.IB,金融债
458,101753008.IB,中期票据
459,1722013.IB,金融债
460,143087.SH,公司债
461,101764019.IB,中期票据
462,1728008.IB,金融债
463,143103.SH,公司债
464,101773004.IB,中期票据
465,170307.IB,金融债
466,1780085.IB,政府支持机构债
467,140613.SH,地方政府债
468,1789123.IB,资产支持证券
469,1721031.IB,金融债
470,1728009.IB,金融债
471,146042.SH,资产支持证券
472,127004.SH,企业债
473,1722017.IB,金融债
474,143130.SH,公司债
475,128015.SZ,可转债
476,1789148.IB,资产支持证券
477,101754055.IB,中期票据
478,1780124.IB,企业债
479,142904.SH,资产支持证券
480,1780130.IB,企业债
481,116608.SZ,资产支持证券
482,116605.SZ,资产支持证券
483,116611.SZ,资产支持证券
484,113013.SH,可转债
485,170309.IB,金融债
486,143166.SH,公司债
487,143171.SH,公司债
488,132009.SH,可交换债券
489,143174.SH,公司债
490,101754068.IB,中期票据
491,1728010.IB,金融债
492,143193.SH,公司债
493,1728011.IB,金融债
494,143196.SH,公司债
495,112556.SZ,金融债
496,1789202.IB,资产支持证券
497,1720046.IB,金融债
498,116634.SZ,资产支持证券
499,101754076.IB,中期票据
500,1789174.IB,资产支持证券
501,143222.SH,公司债
502,132010.SH,可交换债券
503,101772012.IB,中期票据
504,170310.IB,金融债
505,127581.SH,企业债
506,143243.SH,公司债
507,1789182.IB,资产支持证券
508,1728012.IB,金融债
509,1789185.IB,资产支持证券
510,1789214.IB,资产支持证券
511,101780007.IB,中期票据
512,170208.IB,金融债
513,1789196.IB,资产支持证券
514,1789197.IB,资产支持证券
515,143249.SH,公司债
516,170215.IB,金融债
517,1722029.IB,金融债
518,170411.IB,金融债
519,170412.IB,金融债
520,143263.SH,公司债
521,1722027.IB,金融债
522,1789236.IB,资产支持证券
523,143271.SH,公司债
524,101756031.IB,中期票据
525,116643.SZ,资产支持证券
526,1728014.IB,金融债
527,101754100.IB,中期票据
528,1789243.IB,资产支持证券
529,132012.SH,可交换债券
530,101759056.IB,中期票据
531,170415.IB,金融债
532,170209.IB,金融债
533,143283.SH,金融债
534,1789256.IB,资产支持证券
535,143287.SH,公司债
536,1702003.IB,金融债
537,101754106.IB,中期票据
538,1728015.IB,金融债
539,1789253.IB,资产支持证券
540,101759061.IB,中期票据
541,101782010.IB,中期票据
542,128016.SZ,可转债
543,143320.SH,公司债
544,143327.SH,金融债
545,1789288.IB,资产支持证券
546,1789289.IB,资产支持证券
547,1789278.IB,资产支持证券
548,1789292.IB,资产支持证券
549,143337.SH,金融债
550,1789297.IB,资产支持证券
551,143354.SH,公司债
552,143360.SH,公司债
553,101771016.IB,中期票据
554,1720076.IB,金融债
555,143364.SH,公司债
556,113014.SH,可转债
557,143366.SH,公司债
558,101756042.IB,中期票据
559,128017.SZ,可转债
560,113015.SH,可转债
561,170212.IB,金融债
562,128018.SZ,可转债
563,128019.SZ,可转债
564,101751038.IB,中期票据
565,110038.00,其他债券
566,1789319.IB,资产支持证券
567,1720080.IB,金融债
568,1789340.IB,资产支持证券
569,1722037.IB,金融债
570,091718001.IB,金融债
571,128020.SZ,可转债
572,1789329.IB,资产支持证券
573,1789364.IB,资产支持证券
574,101751041.IB,中期票据
575,110040.SH,可转债
576,132013.SH,可交换债券
577,123002.SH,公司债
578,143416.SH,金融债
579,128021.SZ,可转债
580,1789366.IB,资产支持证券
581,128022.SZ,可转债
582,128023.SZ,可转债
583,1789379.IB,资产支持证券
584,1789380.IB,资产支持证券
585,128024.SZ,可转债
586,123003.SH,公司债
587,1789300.IB,资产支持证券
588,128026.SZ,可转债
589,128027.SZ,可转债
590,1720092.IB,金融债
591,123004.SH,公司债
592,123006.SH,企业债
593,1789414.IB,资产支持证券
594,128028.SZ,可转债
595,1789402.IB,资产支持证券
596,1789385.IB,资产支持证券
597,1780416.IB,企业债
598,128030.SZ,可转债
599,128029.SZ,可转债
600,110041.SH,可转债
601,128032.SZ,可转债
602,110042.SH,可转债
603,113017.SH,可转债
604,123007.SH,企业债
605,180301.IB,金融债
606,041800005.IB,短期融资券
607,116806.SZ,资产支持证券
608,180401.IB,金融债
609,1889004.IB,资产支持证券
610,1889002.IB,资产支持证券
611,143449.SH,公司债
612,1880004.IB,政府支持机构债
613,113018.SH,可转债
614,180201.IB,金融债
615,101800053.IB,中期票据
616,180402.IB,金融债
617,180403.IB,金融债
618,116810.SZ,资产支持证券
619,180303.IB,金融债
620,041800041.IB,短期融资券
621,149190.SH,资产支持证券
622,128034.SZ,可转债
623,180202.IB,金融债
624,110043.SH,可转债
625,101800088.IB,中期票据
626,132015.SH,可交换债券
627,117579.SZ,金融债
628,1880013.IB,政府支持机构债
629,041800052.IB,短期融资券
630,128035.SZ,可转债
631,149127.SH,资产支持证券
632,149132.SH,资产支持证券
633,101800121.IB,中期票据
634,101800120.IB,中期票据
635,041800059.IB,短期融资券
636,116847.SZ,资产支持证券
637,180205.IB,金融债
638,116830.SZ,资产支持证券
639,041800063.IB,短期融资券
640,116853.SZ,资产支持证券
641,101800139.IB,中期票据
642,111892516.IB,同业存单
643,113019.SH,可转债
644,111814035.IB,同业存单
645,111892638.IB,同业存单
646,113504.SH,可转债
647,180404.IB,金融债
648,041800073.IB,短期融资券
649,180203.IB,金融债
650,1889016.IB,资产支持证券
651,041800076.IB,短期融资券
652,041800075.IB,短期融资券
653,101800160.IB,中期票据
654,041800077.IB,短期融资券
655,111819091.IB,同业存单
656,149130.SH,资产支持证券
657,113505.SH,可转债
658,101800171.IB,中期票据
659,128036.SZ,可转债
660,143496.SH,公司债
661,127005.SH,企业债
662,149086.SH,资产支持证券
663,127006.SH,企业债
664,101800206.IB,中期票据
665,1880032.IB,企业债
666,180006.BC,国债
667,149138.SH,资产支持证券
668,101800230.IB,中期票据
669,041800102.IB,短期融资券
670,180204.BC,金融债
671,149246.SH,资产支持证券
672,116866.SZ,资产支持证券
673,041800108.IB,短期融资券
674,1820009.IB,金融债
675,101800243.IB,中期票据
676,101800258.IB,中期票据
677,101800261.IB,中期票据
678,1820012.IB,金融债
679,143529.SH,金融债
680,041800113.IB,短期融资券
681,1889033.IB,资产支持证券
682,143533.SH,公司债
683,1889036.IB,资产支持证券
684,101800287.IB,中期票据
685,101800285.IB,中期票据
686,101800279.IB,中期票据
687,101800277.IB,中期票据
688,101800295.IB,中期票据
689,131800007.IB,中期票据
690,101800315.IB,中期票据
691,180206.IB,金融债
692,149284.SH,资产支持证券
693,1820013.IB,金融债
694,101800322.IB,中期票据
695,101800326.IB,中期票据
696,149295.SH,资产支持证券
697,149296.SH,资产支持证券
698,1822005.IB,金融债
699,180304.IB,金融债
700,116878.SZ,资产支持证券
701,101800336.IB,中期票据
702,101800349.IB,中期票据
703,1889046.IB,资产支持证券
704,143559.SH,公司债
705,149441.SH,资产支持证券
706,149442.SH,资产支持证券
707,1889052.IB,资产支持证券
708,1889053.IB,资产支持证券
709,1889049.IB,资产支持证券
710,180405.IB,金融债
711,101800361.IB,中期票据
712,1822006.IB,金融债
713,101800372.IB,中期票据
714,180207.IB,金融债
715,143563.SH,公司债
716,111807084.IB,同业存单
717,1822007.IB,金融债
718,101800379.IB,中期票据
719,1889055.IB,资产支持证券
720,143566.SH,公司债
721,111814054.IB,同业存单
722,101800398.IB,中期票据
723,143572.SH,金融债
724,011800694.IB,短期融资券
725,180009.BC,国债
726,111811102.IB,同业存单
727,111809111.IB,同业存单
728,143372.SH,公司债
729,116905.SZ,资产支持证券
730,101800422.IB,中期票据
731,011800725.IB,短期融资券
732,011800713.IB,短期融资券
733,101800431.IB,中期票据
734,1889061.IB,资产支持证券
735,149380.SH,资产支持证券
736,143309.SH,公司债
737,101800449.IB,中期票据
738,011800728.IB,短期融资券
739,101800452.IB,中期票据
740,1828001.IB,金融债
741,180305.IB,金融债
742,101800462.IB,中期票据
743,011800754.IB,短期融资券
744,143584.SH,公司债
745,011800777.IB,短期融资券
746,111807099.IB,同业存单
747,1889075.IB,资产支持证券
748,101800498.IB,中期票据
749,101800493.IB,中期票据
750,011800791.IB,短期融资券
751,101800499.IB,中期票据
752,180208.IB,金融债
753,101800506.IB,中期票据
754,101800510.IB,中期票据
755,131800009.IB,中期票据
756,116909.SZ,资产支持证券
757,116919.SZ,资产支持证券
758,112690.SZ,金融债
759,011800821.IB,短期融资券
760,101800531.IB,中期票据
761,143605.SH,公司债
762,113508.SH,可转债
763,101800564.IB,中期票据
764,101800562.IB,中期票据
765,149448.SH,资产支持证券
766,1889080.IB,资产支持证券
767,1889081.IB,资产支持证券
768,011800869.IB,短期融资券
769,1889078.IB,资产支持证券
770,143625.SH,公司债
771,1822011.IB,金融债
772,101800595.IB,中期票据
773,101800586.IB,中期票据
774,131800011.IB,中期票据
775,149443.SH,资产支持证券
776,011800908.IB,短期融资券
777,011800902.IB,短期融资券
778,101800612.IB,中期票据
779,101800608.IB,中期票据
780,116924.SZ,资产支持证券
781,1822012.IB,金融债
782,143638.SH,公司债
783,180406.IB,金融债
784,1889086.IB,资产支持证券
785,1889087.IB,资产支持证券
786,1826002.IB,金融债
787,101800624.IB,中期票据
788,101800625.IB,中期票据
789,112703.SZ,公司债
790,1889089.IB,资产支持证券
791,1889091.IB,资产支持证券
792,180407.IB,金融债
793,101800632.IB,中期票据
794,1820021.IB,金融债
795,1822016.IB,金融债
796,112713.SZ,公司债
797,149478.SH,资产支持证券
798,101800645.IB,中期票据
799,180408.IB,金融债
800,1889095.IB,资产支持证券
801,101800650.IB,中期票据
802,1880116.IB,企业债
803,011801022.IB,短期融资券
804,011801021.IB,短期融资券
805,180409.IB,金融债
806,1889109.IB,资产支持证券
807,1889104.IB,资产支持证券
808,1889105.IB,资产支持证券
809,149553.SH,资产支持证券
810,149554.SH,资产支持证券
811,113509.SH,可转债
812,143670.SH,公司债
813,101800667.IB,中期票据
814,101800668.IB,中期票据
815,116971.SZ,资产支持证券
816,011801068.IB,短期融资券
817,1820027.IB,金融债
818,143669.SH,公司债
819,111815266.IB,同业存单
820,111898764.IB,同业存单
821,116983.SZ,资产支持证券
822,101800686.IB,中期票据
823,101800692.IB,中期票据
824,143685.SH,金融债
825,1820029.IB,金融债
826,011801101.IB,短期融资券
827,011801104.IB,短期融资券
828,111899268.IB,同业存单
829,112721.SZ,公司债
830,143681.SH,公司债
831,1889119.IB,资产支持证券
832,113510.SH,可转债
833,101800710.IB,中期票据
834,011801137.IB,短期融资券
835,1889131.IB,资产支持证券
836,110044.SH,可转债
837,011801190.IB,短期融资券
838,041800239.IB,短期融资券
839,1889146.IB,资产支持证券
840,011801204.IB,短期融资券
841,180209.IB,金融债
842,180210.BC,金融债
843,101800730.IB,中期票据
844,041800243.IB,短期融资券
845,1822019.IB,金融债
846,011801236.IB,短期融资券
847,143709.SH,公司债
848,143716.SH,公司债
849,139010.SH,企业债
850,101800745.IB,中期票据
851,101800740.IB,中期票据
852,101800746.IB,中期票据
853,041800257.IB,短期融资券
854,101800752.IB,中期票据
855,011801264.IB,短期融资券
856,101800750.IB,中期票据
857,011801274.IB,短期融资券
858,041800259.IB,短期融资券
859,101800757.IB,中期票据
860,1822020.IB,金融债
861,1826003.IB,金融债
862,1889156.IB,资产支持证券
863,1889157.IB,资产支持证券
864,180017.BC,国债
865,101800772.IB,中期票据
866,1822021.IB,金融债
867,101800775.IB,中期票据
868,101800773.IB,中期票据
869,1822022.IB,金融债
870,101800783.IB,中期票据
871,139031.SH,企业债
872,1889163.IB,资产支持证券
873,143737.SH,公司债
874,143736.SH,公司债
875,149687.SH,资产支持证券
876,011801350.IB,短期融资券
877,143109.SH,金融债
878,139033.SH,企业债
879,011801357.IB,短期融资券
880,101800797.IB,中期票据
881,143029.SH,公司债
882,139027.SH,企业债
883,101800805.IB,中期票据
884,1823005.IB,金融债
885,143188.SH,公司债
886,1820038.IB,金融债
887,111819319.IB,同业存单
888,149690.SH,资产支持证券
889,101800824.IB,中期票据
890,011801409.IB,短期融资券
891,143671.SH,公司债
892,1822024.IB,金融债
893,101800826.IB,中期票据
894,011801413.IB,短期融资券
895,1889173.IB,资产支持证券
896,018007.SH,金融债
897,018008.SH,金融债
898,101800827.IB,中期票据
899,139053.SH,企业债
900,101800836.IB,中期票据
901,111818217.IB,同业存单
902,101800843.IB,中期票据
903,011801435.IB,短期融资券
904,011801440.IB,短期融资券
905,101800848.IB,中期票据
906,041800281.IB,短期融资券
907,111817178.IB,同业存单
908,139059.SH,企业债
909,143933.SH,公司债
910,149794.SH,资产支持证券
911,1889176.IB,资产支持证券
912,111811215.IB,同业存单
913,139040.SH,企业债
914,180211.BC,金融债
915,111882133.IB,同业存单
916,101800869.IB,中期票据
917,101800863.IB,中期票据
918,011801504.IB,短期融资券
919,019601.SH,国债
920,180019.IB,国债
921,143397.SH,公司债
922,139065.SH,企业债
923,1820041.IB,金融债
924,101800888.IB,中期票据
925,139070.SH,企业债
926,101800900.IB,中期票据
927,011801544.IB,短期融资券
928,011801541.IB,短期融资券
929,1889201.IB,资产支持证券
930,149768.SH,资产支持证券
931,143679.SH,公司债
932,1828004.IB,金融债
933,139071.SH,企业债
934,1880169.IB,企业债
935,127850.SH,企业债
936,143761.SH,公司债
937,1822027.IB,金融债
938,111815391.IB,同业存单
939,111883113.IB,同业存单
940,1820044.IB,金融债
941,101800931.IB,中期票据
942,139089.SH,企业债
943,101800949.IB,中期票据
944,1889210.IB,资产支持证券
945,1828005.IB,金融债
946,149805.SH,资产支持证券
947,101800966.IB,中期票据
948,108604.SZ,金融债
949,108603.SZ,金融债
950,111809253.IB,同业存单
951,1820049.IB,金融债
952,041800318.IB,短期融资券
953,149808.SH,资产支持证券
954,139107.IB,地方政府债
955,180212.BC,金融债
956,149588.SH,资产支持证券
957,143631.SH,公司债
958,1889206.IB,资产支持证券
959,1889207.IB,资产支持证券
960,101801011.IB,中期票据
961,101801021.IB,中期票据
962,101801025.IB,中期票据
963,011801738.IB,短期融资券
964,1889225.IB,资产支持证券
965,011801759.IB,短期融资券
966,101801034.IB,中期票据
967,101801032.IB,中期票据
968,041800336.IB,短期融资券
969,139091.SH,企业债
970,143791.SH,公司债
971,143767.SH,公司债
972,1889216.IB,资产支持证券
973,011801763.IB,短期融资券
974,139100.SH,企业债
975,111884379.IB,同业存单
976,1880167.IB,企业债
977,111814175.IB,同业存单
978,1826004.IB,金融债
979,139112.IB,地方政府债
980,143785.SH,金融债
981,101801068.IB,中期票据
982,101801079.IB,中期票据
983,1889250.IB,资产支持证券
984,011801785.IB,短期融资券
985,041800344.IB,短期融资券
986,041800343.IB,短期融资券
987,180312.IB,金融债
988,143808.SH,公司债
989,143804.SH,公司债
990,139124.SH,企业债
991,139110.IB,地方政府债
992,111815460.IB,同业存单
993,149912.SH,资产支持证券
994,011801808.IB,短期融资券
995,011801805.IB,短期融资券
996,1889242.IB,资产支持证券
997,143807.SH,公司债
998,149933.SH,资产支持证券
999,139121.SH,企业债
1000,011801819.IB,短期融资券
1001,011801816.IB,短期融资券
1002,143814.SH,公司债
1003,149931.SH,资产支持证券
1004,139150.SH,企业债
1005,180313.IB,金融债
1006,1889264.IB,资产支持证券
1007,111803167.IB,同业存单
1008,149969.SH,资产支持证券
1009,149975.SH,资产支持证券
1010,139152.SH,企业债
1011,111809287.IB,同业存单
1012,139145.SH,企业债
1013,139207.SH,企业债
1014,139157.SH,企业债
1015,1889274.IB,资产支持证券
1016,1889273.IB,资产支持证券
1017,111886333.IB,同业存单
1018,011801905.IB,短期融资券
1019,101801139.IB,中期票据
1020,101801144.IB,中期票据
1021,1880205.IB,企业债
1022,101801150.IB,中期票据
1023,101801147.IB,中期票据
1024,139182.SH,企业债
1025,101801149.IB,中期票据
1026,111818282.IB,同业存单
1027,1826005.IB,金融债
1028,101801155.IB,中期票据
1029,1889219.IB,资产支持证券
1030,1820058.IB,金融债
1031,139200.SH,企业债
1032,139189.SH,企业债
1033,180322.IB,金融债
1034,1880190.IB,企业债
1035,041800371.IB,短期融资券
1036,101801174.IB,中期票据
1037,011801954.IB,短期融资券
1038,111818295.IB,同业存单
1039,111816324.IB,同业存单
1040,111817201.IB,同业存单
1041,156081.SH,资产支持证券
1042,101801192.IB,中期票据
1043,101801189.IB,中期票据
1044,111887107.IB,同业存单
1045,180214.IB,金融债
1046,011801997.IB,短期融资券
1047,101801199.IB,中期票据
1048,139206.SH,企业债
1049,139205.SH,企业债
1050,011802004.IB,短期融资券
1051,157527.IB,地方政府债
1052,1820062.IB,金融债
1053,1889298.IB,资产支持证券
1054,011802021.IB,短期融资券
1055,041800379.IB,短期融资券
1056,111887382.IB,同业存单
1057,111814215.IB,同业存单
1058,011802043.IB,短期融资券
1059,1820061.IB,金融债
1060,101801223.IB,中期票据
1061,143891.SH,公司债
1062,101801238.IB,中期票据
1063,011802050.IB,短期融资券
1064,111810509.IB,同业存单
1065,111809344.IB,同业存单
1066,111806238.IB,同业存单
1067,156149.SH,资产支持证券
1068,139216.SH,企业债
1069,101801241.IB,中期票据
1070,127893.SH,企业债
1071,1828014.IB,金融债
1072,041800390.IB,短期融资券
1073,011802078.IB,短期融资券
1074,111815565.IB,同业存单
1075,111815566.IB,同业存单
1076,111809351.IB,同业存单
1077,011802099.IB,短期融资券
1078,101801263.IB,中期票据
1079,1820063.IB,金融债
1080,101801278.IB,中期票据
1081,1889305.IB,资产支持证券
1082,041800394.IB,短期融资券
1083,111888083.IB,同业存单
1084,111888055.IB,同业存单
1085,111888057.IB,同业存单
1086,111812207.IB,同业存单
1087,108901.SZ,金融债
1088,108902.SZ,金融债
1089,1889284.IB,资产支持证券
1090,011802120.IB,短期融资券
1091,139227.SH,企业债
1092,1820067.IB,金融债
1093,149591.SH,资产支持证券
1094,041800403.IB,短期融资券
1095,1820068.IB,金融债
1096,139253.SH,企业债
1097,139254.SH,企业债
1098,180410.IB,金融债
1099,011802162.IB,短期融资券
1100,111888434.IB,同业存单
1101,111888496.IB,同业存单
1102,111817221.IB,同业存单
1103,139248.SH,企业债
1104,112798.SZ,公司债
1105,1822036.IB,金融债
1106,111808283.IB,同业存单
1107,111888782.IB,同业存单
1108,1822038.IB,金融债
1109,111814245.IB,同业存单
1110,155024.SH,公司债
1111,041800410.IB,短期融资券
1112,111808287.IB,同业存单
1113,111814248.IB,同业存单
1114,149909.SH,资产支持证券
1115,156173.SH,资产支持证券
1116,101801336.IB,中期票据
1117,101801335.IB,中期票据
1118,011802201.IB,短期融资券
1119,011802200.IB,短期融资券
1120,111804083.IB,同业存单
1121,155036.SH,公司债
1122,149867.SH,资产支持证券
1123,149885.SH,资产支持证券
1124,112800.SZ,公司债
1125,139261.SH,企业债
1126,1828016.IB,金融债
1127,111819459.IB,同业存单
1128,180026.BC,国债
1129,139285.SZ,资产支持证券
1130,155035.SH,公司债
1131,180412.IB,金融债
1132,011802268.IB,短期融资券
1133,1828017.IB,金融债
1134,101801367.IB,中期票据
1135,156289.SH,资产支持证券
1136,156290.SH,资产支持证券
1137,136913.SH,公司债
1138,149882.SH,资产支持证券
1139,149879.SH,资产支持证券
1140,139284.SH,企业债
1141,041800421.IB,短期融资券
1142,156282.SH,资产支持证券
1143,156197.SH,资产支持证券
1144,139302.SH,企业债
1145,101801392.IB,中期票据
1146,155054.SH,公司债
1147,139303.SH,企业债
1148,111819472.IB,同业存单
1149,139275.SH,企业债
1150,1828018.IB,金融债
1151,156245.SH,资产支持证券
1152,101801397.IB,中期票据
1153,156078.SH,资产支持证券
1154,1889368.IB,资产支持证券
1155,1822042.IB,金融债
1156,011802344.IB,短期融资券
1157,111870336.IB,同业存单
1158,1820077.IB,金融债
1159,139308.SH,企业债
1160,1820081.IB,金融债
1161,189955.IB,国债
1162,1889398.IB,资产支持证券
1163,1889399.IB,资产支持证券
1164,011802379.IB,短期融资券
1165,156391.SH,资产支持证券
1166,1822043.IB,金融债
1167,111812223.IB,同业存单
1168,101801455.IB,中期票据
1169,071800055.IB,金融债
1170,041800439.IB,短期融资券
1171,139318.SH,企业债
1172,155085.SH,公司债
1173,156411.SH,资产支持证券
1174,156412.SH,资产支持证券
1175,152040.SH,企业债
1176,041800444.IB,短期融资券
1177,156376.SH,资产支持证券
1178,111806269.IB,同业存单
1179,1820086.IB,金融债
1180,1828020.IB,金融债
1181,156445.SH,资产支持证券
1182,1820087.IB,金融债
1183,111816376.IB,同业存单
1184,139356.SH,企业债
1185,1828019.IB,金融债
1186,111808313.IB,同业存单
1187,139350.SH,企业债
1188,101801529.IB,中期票据
1189,139358.SH,企业债
1190,139355.SH,企业债
1191,156432.SH,资产支持证券
1192,101801532.IB,中期票据
1193,156390.SH,资产支持证券
1194,139369.SZ,资产支持证券
1195,139372.SH,企业债
1196,011802554.IB,短期融资券
1197,101801557.IB,中期票据
1198,101801553.IB,中期票据
1199,101801552.IB,中期票据
1200,011802560.IB,短期融资券
1201,139381.SH,企业债
1202,1805376.IB,地方政府债
1203,156419.SH,资产支持证券
1204,101801568.IB,中期票据
1205,155974.SH,公司债
1206,156443.SH,资产支持证券
1207,139393.SH,企业债
1208,156601.SH,资产支持证券
1209,156582.SH,资产支持证券
1210,1280059.IB,企业债
1211,1380107.IB,企业债
1212,124234.SH,企业债
1213,1380354.IB,企业债
1214,1480249.IB,企业债
1215,1480344.IB,企业债
1216,101559024.IB,中期票据
1217,150218.IB,金融债
1218,1680038.IB,企业债
1219,160205.IB,金融债
1220,136217.SH,公司债
1221,112367.SZ,公司债
1222,136479.SH,公司债
1223,136529.SH,公司债
1224,101654065.IB,中期票据
1225,101654068.IB,中期票据
1226,019547.SH,国债
1227,101655022.IB,中期票据
1228,136815.SH,公司债
1229,1680494.IB,企业债
1230,136977.SH,公司债
1231,143065.SH,公司债
1232,119423.SZ,资产支持证券
1233,119424.SZ,资产支持证券
1234,101780008.IB,中期票据
1235,146377.SH,资产支持证券
1236,143307.SH,公司债
1237,170022.IB,国债
1238,113503.SH,可转债
1239,123009.SH,企业债
1240,128037.SZ,可转债
1241,143537.SH,公司债
1242,113506.SH,可转债
1243,111813050.IB,同业存单
1244,113507.SH,可转债
1245,112682.SZ,公司债
1246,111814082.IB,同业存单
1247,111821201.IB,同业存单
1248,128040.SZ,可转债
1249,113511.SH,可转债
1250,111813102.IB,同业存单
1251,111821223.IB,同业存单
1252,139012.SH,企业债
1253,143094.SH,公司债
1254,112773.SZ,金融债
1255,111810505.IB,同业存单
1256,111811305.IB,同业存单
1257,1880230.IB,企业债
1258,111808296.IB,同业存单
1259,111812214.IB,同业存单
1260,152053.SH,企业债
