,Unnamed: 0,thscode,ths_fund_short_name_fund,ths_fund_manager_current_fund,ths_invest_type_second_classi_fund,bigcompany,Duration,lever,bondtype,是否为定开,3年滚动累计超额收益率均值,3年滚动超额夏普比例,3年滚动累计超额收益率均值排名,3年滚动超额夏普比例排名,总得分
0,299,005684.OF,财通资管鸿睿12个月定开债券A,"马航,顾宇笛,陈希希",混合债券型基金(一级),稳定小基金公司,轮动基金,轮动基金,稳定信用债,1,0.07063997709264476,0.25299943295698923,315.0,321.0,318.0
1,72,000345.OF,鹏华丰融定期开放债券,刘涛,混合债券型基金(一级),轮动基金,轮动基金,轮动基金,稳定信用债,1,0.05359118054148536,0.1986331093776446,314.0,320.0,317.0
2,6,100072.OF,富国强回报定期开放债券A,黄纪亮,中长期纯债券型基金,轮动基金,轮动基金,轮动基金,稳定信用债,1,0.045078470830849406,0.1442038061572399,311.0,319.0,315.0
3,235,004503.OF,鹏华永泰定期开放债券,"祝松,应琛",混合债券型基金(一级),稳定小基金公司,轮动基金,轮动基金,稳定信用债,1,0.049320592991275634,0.13411988899095073,313.0,316.0,314.5
4,182,003547.OF,鹏华丰禄债券,刘涛,中长期纯债券型基金,轮动基金,轮动基金,轮动基金,稳定信用债,0,0.04378131263826056,0.13161343397739386,310.0,314.0,312.0
5,146,002985.OF,中银季季红定期开放债券,易芳菲,混合债券型基金(一级),轮动基金,轮动基金,轮动基金,稳定信用债,1,0.14498424115401984,0.09165784813544355,320.0,304.0,312.0
6,230,004438.OF,鹏华永安定期开放债券,邓明明,中长期纯债券型基金,稳定小基金公司,稳定长,轮动基金,稳定信用债,1,0.04023345575812124,0.13309368648028388,308.0,315.0,311.5
7,199,003859.OF,招商招旭纯债A,郭敏,中长期纯债券型基金,轮动基金,轮动基金,轮动基金,稳定信用债,0,0.0428103209259313,0.11510421426999565,309.0,312.0,310.5
8,78,000516.OF,富国祥利一年期定期开放债券型A,黄纪亮,中长期纯债券型基金,轮动基金,轮动基金,轮动基金,稳定信用债,1,0.03504013011999109,0.12535354888305508,306.0,313.0,309.5
9,342,006393.OF,招商添德3个月定开债A,黄晓婷,中长期纯债券型基金,稳定小基金公司,轮动基金,轮动基金,稳定信用债,1,0.08232662743207368,0.07867016148735732,318.0,300.0,309.0
10,7,110035.OF,易方达双债增强债券A,"田鑫,王晓晨",混合债券型基金(一级),轮动基金,轮动基金,轮动基金,稳定信用债,0,0.239727535381575,0.0714402629005305,321.0,297.0,309.0
11,97,001993.OF,博时裕泰纯债债券,李汉楠,中长期纯债券型基金,轮动基金,轮动基金,稳定大,稳定信用债,0,0.04017627813818784,0.1141855977220303,307.0,311.0,309.0
12,303,005719.OF,招商招诚半年定开债发起式,李家辉,中长期纯债券型基金,稳定小基金公司,轮动基金,轮动基金,稳定信用债,1,0.030009770758123593,0.14022542154572012,300.0,318.0,309.0
13,49,161115.SZ,易方达岁丰添利债券A,"张凯頔,胡剑",混合债券型基金(一级),稳定大基金公司,轮动基金,轮动基金,稳定信用债,0,0.08169019886856407,0.0728944447049961,317.0,298.0,307.5
14,12,217022.OF,招商产业债券A,马龙,混合债券型基金(一级),轮动基金,轮动基金,稳定中,稳定信用债,0,0.03338212969045066,0.09913328369375636,303.0,305.0,304.0
15,323,005921.OF,农银金鑫定开债券,郭振宇,混合债券型基金(一级),稳定小基金公司,轮动基金,稳定大,稳定信用债,1,0.04662332989088602,0.07121012173795933,312.0,295.0,303.5
16,47,161014.SZ,富国汇利回报定期开放债券,黄纪亮,混合债券型基金(一级),稳定大基金公司,轮动基金,轮动基金,稳定信用债,1,0.029717423043291342,0.1021283317815559,299.0,308.0,303.5
17,248,004736.OF,富国鼎利纯债三个月定开债,武磊,中长期纯债券型基金,稳定小基金公司,轮动基金,轮动基金,稳定信用债,1,0.023594312596755835,0.13865243341647185,289.0,317.0,303.0
18,302,005712.OF,兴全祥泰定期开放债券,"石广翔,王健,翟秀华",中长期纯债券型基金,稳定小基金公司,轮动基金,轮动基金,稳定信用债,1,0.027862332629983135,0.11361018263847948,295.0,310.0,302.5
19,114,002395.OF,鹏华丰尚定期开放债券A,刘涛,混合债券型基金(一级),轮动基金,轮动基金,轮动基金,稳定信用债,1,0.07123475089854452,0.05981608607676125,316.0,289.0,302.5
20,20,519138.OF,海富通瑞祥一年定开债券,张靖爽,混合债券型基金(一级),稳定大基金公司,轮动基金,轮动基金,稳定信用债,1,0.027109317030679,0.10171028791953567,294.0,307.0,300.5
21,338,006212.OF,东方臻选纯债债券A,刘长俊,中长期纯债券型基金,,,轮动基金,稳定信用债,0,0.11151559993524685,0.05441551471497891,319.0,281.0,300.0
22,231,004459.OF,鑫元瑞利定开债券,郭卉,中长期纯债券型基金,稳定小基金公司,稳定长,轮动基金,稳定信用债,1,0.03394605907621319,0.0702180626364308,305.0,294.0,299.5
23,218,004127.OF,鹏华丰康债券A,"杜培俊,应琛,祝松",中长期纯债券型基金,稳定小基金公司,轮动基金,轮动基金,稳定信用债,0,0.029127582702902024,0.07978796042014213,297.0,301.0,299.0
24,143,002929.OF,博时聚盈纯债债券,于渤洋,中长期纯债券型基金,轮动基金,稳定长,轮动基金,稳定信用债,0,0.025833160326557896,0.08143324338016947,292.0,302.0,297.0
25,87,001246.OF,兴银长乐定开债,"范泰奇,陶国峰,王深",中长期纯债券型基金,轮动基金,轮动基金,轮动基金,稳定信用债,1,0.02219883497053424,0.10528114314157895,285.0,309.0,297.0
26,23,519322.OF,浦银安盛盛元定开债券A,章潇枫,中长期纯债券型基金,稳定大基金公司,轮动基金,轮动基金,稳定信用债,1,0.022771418347548162,0.1006897142557095,287.0,306.0,296.5
27,229,004388.OF,鹏华丰享债券,方昶,中长期纯债券型基金,稳定小基金公司,轮动基金,轮动基金,稳定信用债,0,0.02650809288577197,0.07139746717384246,293.0,296.0,294.5
28,165,003280.OF,鹏华丰恒债券,方昶,中长期纯债券型基金,轮动基金,轮动基金,轮动基金,稳定信用债,0,0.021814550472770065,0.08177313853319804,283.0,303.0,293.0
29,35,519782.OF,交银裕隆纯债债券A,黄莹洁,中长期纯债券型基金,稳定大基金公司,轮动基金,轮动基金,稳定信用债,0,0.02478997036732952,0.06956867641714269,291.0,293.0,292.0
30,126,002600.OF,易方达裕景添利6个月定期开放债券,李一硕,混合债券型基金(一级),轮动基金,轮动基金,轮动基金,稳定信用债,1,0.028953977361662102,0.05854158045810979,296.0,286.0,291.0
31,162,003265.OF,招商招坤纯债A,郭敏,中长期纯债券型基金,轮动基金,轮动基金,轮动基金,稳定信用债,0,0.023123743364118994,0.06879048224893032,288.0,292.0,290.0
32,171,003327.OF,万家鑫璟纯债A,"周慧,周潜玮",中长期纯债券型基金,轮动基金,轮动基金,轮动基金,稳定信用债,0,0.029714631047104718,0.05223848268417614,298.0,279.0,288.5
33,93,001819.OF,兴全稳益定开债券,"翟秀华,王健,石广翔",中长期纯债券型基金,轮动基金,轮动基金,轮动基金,稳定信用债,1,0.016530671108628634,0.07701601454094913,275.0,299.0,287.0
34,311,005820.OF,博时富兴纯债3个月定开债发起式,陈黎,中长期纯债券型基金,稳定小基金公司,稳定长,稳定大,稳定信用债,1,0.02080736313109737,0.06561011990763403,282.0,290.0,286.0
35,84,000914.OF,中加纯债债券,闫沛贤,中长期纯债券型基金,轮动基金,轮动基金,轮动基金,稳定信用债,0,0.02272660591178312,0.05839127156736571,286.0,285.0,285.5
36,120,002483.OF,富国泰利定期开放债券发起式,俞晓斌,混合债券型基金(一级),轮动基金,轮动基金,轮动基金,稳定信用债,1,0.018559742140415496,0.06764032607876867,278.0,291.0,284.5
37,150,003102.OF,长盛盛裕纯债A,王贵君,中长期纯债券型基金,轮动基金,轮动基金,轮动基金,稳定信用债,0,0.031173624668806323,0.0325919525243697,301.0,266.0,283.5
38,160,003258.OF,博时富祥纯债债券A,陈黎,中长期纯债券型基金,轮动基金,轮动基金,轮动基金,稳定信用债,0,0.022185411950831284,0.0546447557012792,284.0,282.0,283.0
39,191,003662.OF,鹏华永盛定期开放债券,"祝松,杜培俊,应琛",混合债券型基金(一级),轮动基金,轮动基金,轮动基金,稳定信用债,1,0.017093073949912378,0.05959577638582363,277.0,288.0,282.5
40,156,003209.OF,鹏华丰达债券,杜培俊,中长期纯债券型基金,轮动基金,轮动基金,轮动基金,稳定信用债,0,0.01680457229558766,0.056910347608077824,276.0,283.0,279.5
41,262,004978.OF,富国聚利纯债三个月定开债发起式,"刘瀚驰,朱梦娜",中长期纯债券型基金,稳定小基金公司,轮动基金,轮动基金,稳定信用债,1,0.015511784574459326,0.05783526980554863,274.0,284.0,279.0
42,186,003605.OF,景顺长城景泰汇利定期开放债券A,何江波,混合债券型基金(一级),轮动基金,轮动基金,轮动基金,稳定信用债,1,0.015223250654205125,0.05398468185089057,273.0,280.0,276.5
43,268,005307.OF,财通资管鸿达纯债债券A,"王珊,陈希希",中长期纯债券型基金,稳定小基金公司,稳定短,轮动基金,稳定信用债,0,0.011011117628496983,0.059270013684511465,264.0,287.0,275.5
44,10,202108.OF,南方润元纯债债券A/B,金凌志,中长期纯债券型基金,轮动基金,稳定长,轮动基金,稳定信用债,0,0.01997761190806743,0.043276838886940075,280.0,271.0,275.5
45,245,004705.OF,南方祥元A,黄斌斌,中长期纯债券型基金,稳定小基金公司,轮动基金,轮动基金,稳定信用债,0,0.019356822479569904,0.04314354147857059,279.0,270.0,274.5
46,62,000183.OF,嘉实丰益策略定期债券,轩璇,混合债券型基金(一级),稳定大基金公司,稳定中,轮动基金,稳定信用债,1,0.01375518394199493,0.0507664614182333,271.0,278.0,274.5
47,37,530021.OF,建信纯债A,"黎颖芳,彭紫云",中长期纯债券型基金,稳定大基金公司,轮动基金,轮动基金,稳定信用债,0,0.014591903924739778,0.04545061683908571,272.0,274.0,273.0
48,269,005309.OF,中银证券汇嘉定期开放债券,"吕文晔,余亮",中长期纯债券型基金,稳定小基金公司,稳定长,稳定小,稳定信用债,1,0.013700086010314314,0.0451188758839823,270.0,273.0,271.5
49,258,004920.OF,富国泓利纯债债券型发起式A,武磊,中长期纯债券型基金,稳定小基金公司,轮动基金,轮动基金,稳定信用债,0,0.01206815146008736,0.049423757208730414,266.0,277.0,271.5
50,239,004601.OF,博时富腾纯债债券,郭思洁,中长期纯债券型基金,稳定小基金公司,轮动基金,轮动基金,稳定信用债,0,0.01228676498539841,0.034749554353628594,267.0,267.0,267.0
51,70,000265.OF,易方达恒久1年定期债券A,藏海涛,中长期纯债券型基金,轮动基金,轮动基金,稳定大,稳定信用债,1,0.009663872606917907,0.049258472067486965,257.0,276.0,266.5
52,203,003949.OF,兴全稳泰债券A,王帅,中长期纯债券型基金,轮动基金,稳定长,轮动基金,稳定信用债,0,0.011476549112073218,0.035010738750086486,265.0,268.0,266.5
53,66,000207.OF,建信双债增强A,彭紫云,混合债券型基金(一级),稳定大基金公司,稳定短,轮动基金,稳定信用债,0,0.03364825148815926,0.011702164267411356,304.0,228.0,266.0
54,86,001001.OF,华夏债券A/B,"吴凡,吴彬",混合债券型基金(一级),,,轮动基金,稳定信用债,0,0.024618240092736863,0.01811383907116146,290.0,242.0,266.0
55,79,000546.OF,兴业定开债券A,"腊博,周鸣",混合债券型基金(一级),轮动基金,轮动基金,轮动基金,稳定信用债,1,0.009474886625895256,0.047879527487681026,255.0,275.0,265.0
56,315,005853.OF,财通聚利债券,罗晓倩,中长期纯债券型基金,稳定小基金公司,轮动基金,轮动基金,稳定信用债,0,0.009659707173060385,0.04355578084711059,256.0,272.0,264.0
57,200,003863.OF,招商招祥纯债A,"马龙,王梓林",中长期纯债券型基金,轮动基金,轮动基金,稳定中,稳定信用债,0,0.010528437933331374,0.03214260623129968,262.0,265.0,263.5
58,214,004118.OF,博时裕鹏纯债债券,王帅,中长期纯债券型基金,稳定小基金公司,轮动基金,轮动基金,稳定信用债,0,0.00986813655694845,0.04119403625504768,258.0,269.0,263.5
59,272,005336.OF,中加颐慧定开债券A,王霈,中长期纯债券型基金,稳定小基金公司,轮动基金,轮动基金,稳定信用债,1,0.032287672083247135,0.010613588812339397,302.0,224.0,263.0
60,26,519330.OF,浦银安盛盛跃纯债债券A,陶祺,中长期纯债券型基金,稳定大基金公司,轮动基金,稳定小,稳定信用债,0,0.010161049201186925,0.02685599159008455,260.0,263.0,261.5
61,17,485105.OF,工银增强收益债券A,"杜海涛,张略钊",混合债券型基金(一级),稳定大基金公司,轮动基金,轮动基金,稳定信用债,0,0.020536580359635254,0.017784058114295082,281.0,241.0,261.0
62,166,003285.OF,国寿安保安康纯债债券,李一鸣,中长期纯债券型基金,轮动基金,稳定长,轮动基金,稳定信用债,0,0.010363066003734314,0.024729899064305037,261.0,259.0,260.0
63,223,004230.OF,永赢添益债券,吴玮,中长期纯债券型基金,稳定小基金公司,轮动基金,轮动基金,稳定信用债,0,0.012570445452000463,0.019786849972767917,268.0,251.0,259.5
64,76,000402.OF,工银纯债债券A,"张略钊,谷衡",中长期纯债券型基金,轮动基金,稳定长,轮动基金,稳定信用债,0,0.010084470975770587,0.023990287923239893,259.0,258.0,258.5
65,337,006172.OF,万家鑫悦纯债A,周潜玮,中长期纯债券型基金,稳定小基金公司,轮动基金,轮动基金,稳定信用债,0,0.011000274397465537,0.020312526764987567,263.0,253.0,258.0
66,326,005988.OF,兴业纯债6个月定开债券A,伍方方,混合债券型基金(一级),稳定小基金公司,轮动基金,轮动基金,稳定信用债,1,0.008969913549311996,0.0254604332861537,253.0,261.0,257.0
67,250,004821.OF,国寿安保安吉纯债半年定开债券发起式,"吴闻,李一鸣",混合债券型基金(一级),稳定小基金公司,轮动基金,稳定大,稳定信用债,1,0.007744825995364968,0.027751828815024995,249.0,264.0,256.5
68,111,002354.OF,博时裕腾纯债,李秋实,中长期纯债券型基金,轮动基金,轮动基金,轮动基金,稳定信用债,0,0.008078084545640804,0.023297316854104157,250.0,256.0,253.0
69,85,000943.OF,工银中高等级信用债债券A,陈桂都,中长期纯债券型基金,轮动基金,轮动基金,轮动基金,稳定信用债,0,0.009113110933856314,0.01963273100845076,254.0,249.0,251.5
70,222,004200.OF,博时富瑞纯债债券A,倪玉娟,中长期纯债券型基金,稳定小基金公司,轮动基金,轮动基金,稳定信用债,0,0.006070547538624952,0.024907263194486193,240.0,260.0,250.0
71,330,006053.OF,中航瑞景3个月定开A,茅勇峰,混合债券型基金(一级),稳定小基金公司,轮动基金,轮动基金,稳定信用债,1,0.006302700307027033,0.022908265490211074,243.0,255.0,249.0
72,331,006066.OF,中加颐睿纯债债券A,于跃,中长期纯债券型基金,稳定小基金公司,稳定中,轮动基金,稳定信用债,0,0.007707810819747378,0.019743524875539067,248.0,250.0,249.0
73,283,005432.OF,上银聚鸿益三个月定开债券发起式,"蔡唯峰,许佳",中长期纯债券型基金,稳定小基金公司,轮动基金,轮动基金,稳定信用债,1,0.006216968694098522,0.023374486876892076,241.0,257.0,249.0
74,300,005703.OF,永赢增益债券A,谢越,中长期纯债券型基金,稳定小基金公司,轮动基金,轮动基金,稳定信用债,0,0.008304203957934757,0.01898040808489656,252.0,245.0,248.5
75,88,001299.OF,兴业添利债券,"伍方方,周鸣",中长期纯债券型基金,轮动基金,稳定长,轮动基金,稳定信用债,0,0.006274993707796954,0.020419298092197186,242.0,254.0,248.0
76,297,005666.OF,上银慧佳盈债券,楼昕宇,中长期纯债券型基金,稳定小基金公司,稳定长,轮动基金,稳定信用债,0,0.007373336434642505,0.019513774912463866,247.0,248.0,247.5
77,313,005841.OF,富国尊利纯债定期开放债券型发起式,武磊,中长期纯债券型基金,稳定小基金公司,轮动基金,轮动基金,稳定信用债,1,0.005050047511921761,0.025835420808202975,232.0,262.0,247.0
78,217,004126.OF,浦银安盛稳健增利债券(LOF)A,章潇枫,混合债券型基金(一级),稳定小基金公司,轮动基金,轮动基金,稳定信用债,0,0.008200155318192197,0.017304509785233815,251.0,240.0,245.5
79,157,003213.OF,中银悦享定期开放债券,白洁,中长期纯债券型基金,轮动基金,轮动基金,稳定小,稳定信用债,1,0.006007015171222279,0.019154097945184044,239.0,247.0,243.0
80,238,004555.OF,南方和元A,"黄斌斌,施彦珏",中长期纯债券型基金,稳定小基金公司,稳定中,轮动基金,稳定信用债,0,0.007301605890411654,0.017068918221460453,246.0,239.0,242.5
81,277,005383.OF,富国绿色纯债一年定开债券,朱梦娜,中长期纯债券型基金,稳定小基金公司,轮动基金,轮动基金,稳定信用债,1,0.004980855254948307,0.01986552985475431,231.0,252.0,241.5
82,133,002754.OF,博时裕创纯债,李汉楠,中长期纯债券型基金,轮动基金,轮动基金,轮动基金,稳定信用债,0,0.006904111308644355,0.016095392781341047,245.0,235.0,240.0
83,103,002188.OF,鹏华丰华债券,刘涛,中长期纯债券型基金,轮动基金,轮动基金,轮动基金,稳定信用债,0,0.013020748466175371,0.0056677633207891254,269.0,209.0,239.0
84,211,004042.OF,华夏鼎茂债券A,刘明宇,中长期纯债券型基金,稳定小基金公司,轮动基金,轮动基金,稳定信用债,0,0.006773048694327298,0.014659583635667106,244.0,233.0,238.5
85,257,004919.OF,兴全兴泰债券,"王帅,田志祥,季伟杰",中长期纯债券型基金,稳定小基金公司,轮动基金,稳定大,稳定信用债,0,0.005223862830453063,0.018373892992711766,233.0,244.0,238.5
86,226,004322.OF,创金尊隆纯债A,郑振源,混合债券型基金(一级),稳定小基金公司,轮动基金,轮动基金,稳定信用债,0,0.005337809413189065,0.01831192018096106,234.0,243.0,238.5
87,244,004689.OF,博时丰庆纯债债券,李汉楠,中长期纯债券型基金,稳定小基金公司,轮动基金,轮动基金,稳定信用债,0,0.005435775111505154,0.013077213920911346,237.0,231.0,234.0
88,63,000187.OF,华泰柏瑞丰盛纯债债券A,何子建,中长期纯债券型基金,稳定大基金公司,稳定长,轮动基金,稳定信用债,0,0.005768381916249525,0.012216034113604817,238.0,229.0,233.5
89,246,004722.OF,中银丰和定期开放债券,郑涛,中长期纯债券型基金,稳定小基金公司,轮动基金,稳定小,稳定信用债,1,0.004699721379518811,0.01632459401458334,230.0,237.0,233.5
90,273,005338.OF,兴业3个月定开债券,倪侃,中长期纯债券型基金,,,轮动基金,稳定信用债,1,0.004436768892365376,0.016455564736969026,228.0,238.0,233.0
91,116,002445.OF,兴业丰泰债券,王卓然,中长期纯债券型基金,轮动基金,轮动基金,轮动基金,稳定信用债,0,0.005383499879125152,0.012407920873674125,235.0,230.0,232.5
92,122,002549.OF,嘉实稳祥纯债债券A,王亚洲,中长期纯债券型基金,轮动基金,轮动基金,轮动基金,稳定信用债,0,0.004142317693275761,0.016098858648151824,226.0,236.0,231.0
93,332,006076.OF,创金合信恒利超短债债券A,"谢创,吕沂洋,郑振源",混合债券型基金(一级),稳定小基金公司,轮动基金,轮动基金,稳定信用债,0,0.0027280219080341966,0.019120890533406598,216.0,246.0,231.0
94,44,160128.SZ,南方金利定开债券A,李璇,中长期纯债券型基金,稳定大基金公司,轮动基金,轮动基金,稳定信用债,1,0.0038261086498163305,0.013396590177955414,224.0,232.0,228.0
95,18,485107.OF,工银添利债券A,谷衡,混合债券型基金(一级),稳定大基金公司,轮动基金,轮动基金,稳定信用债,0,0.005415124688015622,0.007911161488556457,236.0,218.0,227.0
96,276,005375.OF,建信睿和纯债定期开放债券,"闫晗,徐华婧,黎颖芳",混合债券型基金(一级),,,轮动基金,稳定信用债,1,0.0027512037941197815,0.015171204821892529,217.0,234.0,225.5
97,172,003329.OF,万家鑫安纯债A,"周慧,周潜玮",中长期纯债券型基金,轮动基金,轮动基金,轮动基金,稳定信用债,0,0.0042929296044346464,0.009492284895247324,227.0,223.0,225.0
98,15,270048.OF,广发纯债债券A,宋倩倩,中长期纯债券型基金,轮动基金,轮动基金,轮动基金,稳定信用债,0,0.004100689346846994,0.010811419666422115,225.0,225.0,225.0
99,334,006112.OF,易方达恒惠定开债券发起式,李一硕,中长期纯债券型基金,稳定小基金公司,轮动基金,轮动基金,稳定信用债,1,0.0034780095906539665,0.01156149466420786,221.0,227.0,224.0
100,9,202103.OF,南方多利增强债券A,李璇,混合债券型基金(一级),轮动基金,轮动基金,轮动基金,稳定信用债,0,0.004520786005514484,0.006094514988601319,229.0,213.0,221.0
101,295,005631.OF,博时富乾3个月定开债发起式,于渤洋,中长期纯债券型基金,稳定小基金公司,稳定长,轮动基金,稳定信用债,1,0.003294595672853919,0.008680328711454455,220.0,221.0,220.5
102,100,002143.OF,博时裕坤3个月定开债发起式,郭思洁,中长期纯债券型基金,轮动基金,轮动基金,轮动基金,稳定信用债,1,0.0035572987493009967,0.0073485546351922055,222.0,217.0,219.5
103,275,005369.OF,富国臻利纯债定期开放债券型发起式,武磊,中长期纯债券型基金,稳定小基金公司,轮动基金,稳定大,稳定信用债,1,0.002397146715108267,0.011071943951355393,213.0,226.0,219.5
104,197,003809.OF,招商招顺纯债A,刘万锋,中长期纯债券型基金,轮动基金,轮动基金,轮动基金,稳定信用债,0,0.0028650425565366184,0.008559594445194723,218.0,220.0,219.0
105,134,002755.OF,博时裕盛纯债,李汉楠,中长期纯债券型基金,轮动基金,轮动基金,轮动基金,稳定信用债,0,0.0029317297304494333,0.008018849718311166,219.0,219.0,219.0
106,215,004122.OF,兴银长益三个月定开债,范泰奇,中长期纯债券型基金,稳定小基金公司,轮动基金,轮动基金,稳定信用债,1,0.0022219099035882656,0.009130364897419252,211.0,222.0,216.5
107,115,002438.OF,创金合信尊盛纯债债券,郑振源,中长期纯债券型基金,轮动基金,轮动基金,轮动基金,稳定信用债,0,0.0025374814689544784,0.007040480936860543,215.0,216.0,215.5
108,48,161019.SZ,富国新天锋债券(LOF)A,武磊,混合债券型基金(一级),稳定大基金公司,轮动基金,轮动基金,稳定信用债,0,0.0037867068477989946,0.0054290795396442675,223.0,207.0,215.0
109,131,002716.OF,博时裕通3个月定开债发起式A,何平,中长期纯债券型基金,轮动基金,轮动基金,轮动基金,稳定信用债,1,0.0018565264115422936,0.0065005533935648604,209.0,215.0,212.0
110,64,000191.OF,富国信用债债券A/B,"黄纪亮,吕春杰,陈倩",中长期纯债券型基金,稳定大基金公司,轮动基金,稳定中,稳定信用债,0,0.0016969681171632128,0.006214667290680986,207.0,214.0,210.5
111,324,005936.OF,申万菱信安泰惠利纯债债券A,"唐俊杰,叶瑜珍",中长期纯债券型基金,,,轮动基金,稳定信用债,0,0.002354097557744802,0.004841213565211233,212.0,206.0,209.0
112,148,002994.OF,招商招裕纯债A,"王闯,康晶",中长期纯债券型基金,轮动基金,轮动基金,轮动基金,稳定信用债,0,0.00248864195801281,0.0035924891627618716,214.0,204.0,209.0
113,278,005388.OF,兴业安弘3个月定开债券发起式,刘禹含,中长期纯债券型基金,稳定小基金公司,轮动基金,轮动基金,稳定信用债,1,0.0015727813637128132,0.005974890142828981,205.0,212.0,208.5
114,32,519746.OF,交银丰享收益债券A,黄莹洁,中长期纯债券型基金,稳定大基金公司,轮动基金,轮动基金,稳定信用债,0,0.0016530358598824124,0.00591681667788719,206.0,210.0,208.0
115,154,003192.OF,创金合信尊丰纯债,郑振源,混合债券型基金(一级),轮动基金,轮动基金,轮动基金,稳定信用债,0,0.0019576992690735046,0.004696531234363312,210.0,205.0,207.5
116,204,003952.OF,兴业嘉瑞6个月定开债券A,倪侃,混合债券型基金(一级),,,轮动基金,稳定信用债,1,0.00151200138714607,0.005969388340618895,203.0,211.0,207.0
117,56,000105.OF,建信安心回报定期开放债券A,"闫晗,姜月",中长期纯债券型基金,,,轮动基金,稳定信用债,1,0.0017465145012713584,0.0034002615700739797,208.0,202.0,205.0
118,309,005784.OF,创金合信汇誉纯债六个月定开债券A,郑振源,混合债券型基金(一级),稳定小基金公司,轮动基金,轮动基金,稳定信用债,1,0.0014470622340509523,0.005656696780674423,201.0,208.0,204.5
119,267,005171.OF,富国景利纯债债券,"朱梦娜,陈倩",中长期纯债券型基金,稳定小基金公司,轮动基金,轮动基金,稳定信用债,0,0.0014727886109133146,0.003579364696913465,202.0,203.0,202.5
120,77,000469.OF,富国目标齐利一年期纯债债券,"张洋,黄纪亮",中长期纯债券型基金,轮动基金,轮动基金,轮动基金,稳定信用债,0,0.0009553757866148331,0.002632135350700311,199.0,201.0,200.0
121,129,002638.OF,兴业天融债券,雷志强,中长期纯债券型基金,轮动基金,稳定长,稳定大,稳定信用债,0,0.0012604184756166426,0.002505717824069501,200.0,200.0,200.0
122,228,004366.OF,博时汇享纯债债券A,王帅,中长期纯债券型基金,稳定小基金公司,轮动基金,轮动基金,稳定信用债,0,0.001523932038519939,-0.0007928500245519531,204.0,194.0,199.0
123,320,005897.OF,平安合颖定开债,张文平,中长期纯债券型基金,稳定小基金公司,轮动基金,轮动基金,稳定信用债,1,0.0005218033432561489,0.0021115118144522083,197.0,199.0,198.0
124,207,004027.OF,广发景源纯债A,"刘志辉,方抗",中长期纯债券型基金,稳定小基金公司,轮动基金,轮动基金,稳定信用债,0,0.0007626689763658355,0.0012351451192245898,198.0,197.0,197.5
125,196,003770.OF,中银丰庆定期开放债券,白洁,中长期纯债券型基金,轮动基金,稳定长,稳定小,稳定信用债,1,0.0003979772052894776,0.0017121430571466376,195.0,198.0,196.5
126,321,005898.OF,浦银安盛盛泽定开债券,陶祺,中长期纯债券型基金,稳定小基金公司,轮动基金,轮动基金,稳定信用债,1,-0.00010961818765542475,8.717381252161241e-05,194.0,195.0,194.5
127,159,003223.OF,广发景丰纯债,吴迪,中长期纯债券型基金,轮动基金,轮动基金,轮动基金,稳定信用债,0,0.0004990063004315053,-0.0008116938940286698,196.0,193.0,194.5
128,90,001545.OF,博时裕嘉3个月定开债发起式,郭思洁,中长期纯债券型基金,轮动基金,稳定短,轮动基金,稳定信用债,1,-0.0002696369649892251,0.0009105742795852541,193.0,196.0,194.5
129,319,005879.OF,中加颐兴定开债券,"颜灵珊,闫沛贤",中长期纯债券型基金,稳定小基金公司,轮动基金,轮动基金,稳定信用债,1,-0.0005189380645383355,-0.0014201811729889842,191.0,192.0,191.5
130,265,005073.OF,永赢永益债券A,徐沛琳,中长期纯债券型基金,稳定小基金公司,轮动基金,轮动基金,稳定信用债,0,-0.0004184679515566606,-0.001455604750748156,192.0,191.0,191.5
131,110,002341.OF,招商招瑞纯债债券发起式A,刘万锋,中长期纯债券型基金,轮动基金,轮动基金,轮动基金,稳定信用债,0,-0.000624345742975382,-0.0015743898168368623,190.0,190.0,190.0
132,106,002268.OF,兴业丰利债券,伍方方,中长期纯债券型基金,轮动基金,稳定长,轮动基金,稳定信用债,0,-0.0008224402662538718,-0.0021630440968230624,188.0,188.0,188.0
133,249,004797.OF,国寿安保安盛纯债3个月定开债券发起式,"卢珊,黄力",中长期纯债券型基金,稳定小基金公司,轮动基金,轮动基金,稳定信用债,1,-0.0006620894312618601,-0.002568667789945796,189.0,187.0,188.0
134,301,005710.OF,兴业嘉润3个月定开债券发起式,雷志强,中长期纯债券型基金,稳定小基金公司,稳定长,轮动基金,稳定信用债,1,-0.0008719537364160519,-0.0026724972332913327,187.0,185.0,186.0
135,39,675041.OF,西部利得合享A,刘心峰,混合债券型基金(一级),稳定大基金公司,轮动基金,稳定中,稳定信用债,0,-0.0009468416586897137,-0.0032672891790090823,186.0,184.0,185.0
136,336,006171.OF,鹏扬淳利定期开放债券,"陈钟闻,王莹莹",中长期纯债券型基金,稳定小基金公司,轮动基金,轮动基金,稳定信用债,1,-0.0010127877710217614,-0.003908202803374897,185.0,182.0,183.5
137,304,005740.OF,易方达恒信定开债券发起式,胡剑,中长期纯债券型基金,稳定小基金公司,轮动基金,轮动基金,稳定信用债,1,-0.0011842304239927223,-0.004017806391089334,184.0,181.0,182.5
138,237,004547.OF,华夏稳定双利债券A,张海静,混合债券型基金(一级),稳定小基金公司,轮动基金,轮动基金,稳定信用债,0,-0.0015655086494330245,-0.0026509610059871408,179.0,186.0,182.5
139,286,005442.OF,兴业安和6个月定开债券发起式,冯小波,中长期纯债券型基金,稳定小基金公司,轮动基金,轮动基金,稳定信用债,1,-0.0013021339496137913,-0.00421905169004889,183.0,180.0,181.5
140,95,001960.OF,兴银瑞益,"洪木妹,王深,陶国峰",中长期纯债券型基金,轮动基金,轮动基金,轮动基金,稳定信用债,0,-0.0016025265204367978,-0.0033472359853629926,178.0,183.0,180.5
141,255,004910.OF,中加颐享纯债债券A,于跃,中长期纯债券型基金,稳定小基金公司,轮动基金,稳定小,稳定信用债,0,-0.0014296843996576111,-0.005204455612373672,181.0,179.0,180.0
142,174,003428.OF,中加丰盈一年定期开放债券型发起式,于跃,混合债券型基金(一级),轮动基金,轮动基金,轮动基金,稳定信用债,1,-0.0013687217930119986,-0.0055559215938840705,182.0,177.0,179.5
143,183,003569.OF,招商招丰纯债A,王闯,中长期纯债券型基金,,,轮动基金,稳定信用债,0,-0.0015032346015982276,-0.005341019575997073,180.0,178.0,179.0
144,210,004032.OF,工银丰淳半年定开债券,陈桂都,中长期纯债券型基金,稳定小基金公司,轮动基金,轮动基金,稳定信用债,1,-0.0016600462118902457,-0.006374974303600138,177.0,176.0,176.5
145,158,003214.OF,易方达富惠纯债债券A,李一硕,中长期纯债券型基金,轮动基金,轮动基金,轮动基金,稳定信用债,0,-0.0018309468448681596,-0.006895173254382136,176.0,174.0,175.0
146,198,003832.OF,中银丰润定期开放债券,易芳菲,中长期纯债券型基金,轮动基金,轮动基金,稳定小,稳定信用债,1,-0.0021308093162126468,-0.008037472719312303,175.0,171.0,173.0
147,256,004911.OF,中加纯债定开债券A,王霈,中长期纯债券型基金,稳定小基金公司,轮动基金,轮动基金,稳定信用债,1,-0.002693325141101734,-0.009369271884579136,173.0,169.0,171.0
148,205,003983.OF,鹏华丰惠债券,杜培俊,中长期纯债券型基金,轮动基金,轮动基金,轮动基金,稳定信用债,0,-0.0027802851382080812,-0.00986022096019114,171.0,167.0,169.0
149,220,004140.OF,兴业福鑫债券,伍方方,中长期纯债券型基金,稳定小基金公司,轮动基金,轮动基金,稳定信用债,0,-0.0034348441102732196,-0.009117904366271534,166.0,170.0,168.0
150,170,003315.OF,景顺长城政策性金融债A,"陈健宾,何江波",中长期纯债券型基金,轮动基金,轮动基金,轮动基金,稳定信用债,0,-0.0038859014192027213,-0.007360551696612706,163.0,173.0,168.0
151,333,006107.OF,招商添利6个月定开债发起式A,"刘万锋,康晶",中长期纯债券型基金,稳定小基金公司,轮动基金,轮动基金,稳定信用债,1,-0.0028889464785605595,-0.011603723115678116,170.0,165.0,167.5
152,29,519680.OF,交银增利债券A/B,"张顺晨,魏玉敏",混合债券型基金(一级),稳定大基金公司,轮动基金,轮动基金,稳定信用债,0,-0.004568195020482002,-0.00667277369851367,159.0,175.0,167.0
153,266,005124.OF,易方达恒益定开债券发起式,胡剑,中长期纯债券型基金,稳定小基金公司,轮动基金,轮动基金,稳定信用债,1,-0.0033210171115819315,-0.01166406605023254,167.0,164.0,165.5
154,289,005525.OF,工银瑞祥定开发起式债券,"赵建,李娜",混合债券型基金(一级),稳定小基金公司,轮动基金,轮动基金,稳定信用债,1,-0.0031138393234704876,-0.0118162759298102,168.0,163.0,165.5
155,281,005410.OF,添富鑫盛定开债A,李伟,中长期纯债券型基金,,,轮动基金,稳定信用债,1,-0.003049054059157151,-0.0131887404874223,169.0,161.0,165.0
156,291,005590.OF,添富鑫永定开债A,胡娜,混合债券型基金(一级),稳定小基金公司,轮动基金,轮动基金,稳定信用债,1,-0.002732693471814453,-0.013743838457257965,172.0,158.0,165.0
157,259,004923.OF,华夏鼎祥三个月定期开放债券A,孙蕾,中长期纯债券型基金,稳定小基金公司,轮动基金,轮动基金,稳定信用债,1,-0.0034916550357279824,-0.013644429216090739,165.0,159.0,162.0
158,173,003417.OF,中加丰泽纯债,袁素,中长期纯债券型基金,轮动基金,轮动基金,轮动基金,稳定信用债,0,-0.004730347739818714,-0.010914003780481765,157.0,166.0,161.5
159,101,002169.OF,永赢稳益债券,陶毅,中长期纯债券型基金,轮动基金,轮动基金,稳定中,稳定信用债,0,-0.0044934644897517894,-0.014160711444206771,160.0,157.0,158.5
160,279,005393.OF,南方卓利3个月定开债发起式,"金凌志,李璇",中长期纯债券型基金,稳定小基金公司,轮动基金,轮动基金,稳定信用债,1,-0.003766784555994202,-0.016342168789869622,164.0,151.0,157.5
161,305,005754.OF,平安短债A,欧阳亮,短期纯债券型基金,稳定小基金公司,稳定短,轮动基金,稳定信用债,0,-0.002583551598549188,-0.018922358397972967,174.0,141.0,157.5
162,139,002868.OF,鹏华丰茂债券,杜培俊,中长期纯债券型基金,轮动基金,轮动基金,轮动基金,稳定信用债,0,-0.004364988079482919,-0.01640571541765791,161.0,150.0,155.5
163,294,005622.OF,博时富安3个月定开债发起式,"李秋实,黄海峰",中长期纯债券型基金,稳定小基金公司,轮动基金,轮动基金,稳定信用债,1,-0.004795030872804228,-0.015760960976734958,156.0,154.0,155.0
164,71,000295.OF,鹏华丰实定期开放债券A,"方昶,王石千",混合债券型基金(一级),轮动基金,稳定短,轮动基金,稳定信用债,1,-0.007951861042224926,-0.0019446679479410253,119.0,189.0,154.0
165,339,006275.OF,永赢聚益债券A,徐沛琳,中长期纯债券型基金,稳定小基金公司,轮动基金,稳定大,稳定信用债,0,-0.005951212761622106,-0.013081446760292378,143.0,162.0,152.5
166,33,519762.OF,交银裕通纯债债券A,季参平,中长期纯债券型基金,稳定大基金公司,轮动基金,轮动基金,稳定信用债,0,-0.005919571964029734,-0.01337473806248447,144.0,160.0,152.0
167,202,003929.OF,中银证券安进债券A,"余亮,王玉玺",中长期纯债券型基金,轮动基金,稳定长,稳定小,稳定信用债,0,-0.005627332059573823,-0.015455715471792707,148.0,155.0,151.5
168,316,005854.OF,财通汇利债券,闫梦璇,中长期纯债券型基金,稳定小基金公司,轮动基金,轮动基金,稳定信用债,0,-0.005659678477639437,-0.016492518566640097,147.0,149.0,148.0
169,254,004899.OF,中银信享定期开放债券,白洁,中长期纯债券型基金,稳定小基金公司,轮动基金,轮动基金,稳定信用债,1,-0.004838049715546815,-0.020107701627273915,154.0,138.0,146.0
170,213,004061.OF,华夏鼎隆债券A,孙蕾,中长期纯债券型基金,稳定小基金公司,轮动基金,轮动基金,稳定信用债,0,-0.006970800005319895,-0.015864317034705627,137.0,153.0,145.0
171,112,002377.OF,建信睿怡纯债A,"吴沛文,闫晗",混合债券型基金(一级),轮动基金,轮动基金,轮动基金,稳定信用债,0,-0.008004013918078843,-0.007472044824368851,117.0,172.0,144.5
172,329,006043.OF,永赢惠益债券A,吴玮,中长期纯债券型基金,稳定小基金公司,稳定长,轮动基金,稳定信用债,0,-0.00721200588264007,-0.015171825224689319,133.0,156.0,144.5
173,221,004141.OF,兴业瑞丰6个月定开债券,冯小波,中长期纯债券型基金,稳定小基金公司,轮动基金,轮动基金,稳定信用债,1,-0.005249689396641737,-0.020467593686804373,153.0,136.0,144.5
174,117,002447.OF,博时裕安一年定开债发起式,李汉楠,中长期纯债券型基金,轮动基金,轮动基金,轮动基金,稳定信用债,1,-0.004705123127245739,-0.02316935874416503,158.0,128.0,143.0
175,152,003162.OF,博时富宁纯债债券,李秋实,中长期纯债券型基金,轮动基金,轮动基金,轮动基金,稳定信用债,0,-0.0052909319503795516,-0.02191564699212916,152.0,133.0,142.5
176,314,005845.OF,长城久荣定期开放债券型发起式,吴冰燕,中长期纯债券型基金,稳定小基金公司,轮动基金,轮动基金,稳定信用债,1,-0.004006462387407301,-0.024144961548999984,162.0,123.0,142.5
177,224,004238.OF,永赢瑞益债券A,"余国豪,杨凡颖",中长期纯债券型基金,稳定小基金公司,轮动基金,轮动基金,稳定信用债,0,-0.006335080706296038,-0.019123077195589866,142.0,139.0,140.5
178,216,004124.OF,民生加银鑫升,刘昊,中长期纯债券型基金,,,轮动基金,稳定信用债,0,-0.007437828674008011,-0.016882548816982958,130.0,148.0,139.0
179,292,005594.OF,招商添润3个月定开债发起式A,李家辉,中长期纯债券型基金,稳定小基金公司,轮动基金,轮动基金,稳定信用债,1,-0.004813371712591663,-0.02537845715978191,155.0,118.0,136.5
180,188,003640.OF,兴业裕丰债券,冯小波,中长期纯债券型基金,轮动基金,轮动基金,轮动基金,稳定信用债,0,-0.007682592924582684,-0.017835286832874418,124.0,144.0,134.0
181,312,005831.OF,鹏华尊悦定开债发起式,刘涛,中长期纯债券型基金,稳定小基金公司,轮动基金,轮动基金,稳定信用债,1,-0.005302806135272771,-0.025520798278537725,150.0,117.0,133.5
182,153,003188.OF,博时聚源纯债债券A,黄海峰,中长期纯债券型基金,轮动基金,稳定长,轮动基金,稳定信用债,0,-0.007918734117537598,-0.01691793650086195,120.0,147.0,133.5
183,59,000137.OF,民生加银岁岁增利债券A,李文君,中长期纯债券型基金,稳定大基金公司,轮动基金,轮动基金,稳定信用债,0,-0.008145197608963801,-0.01603026737393897,115.0,152.0,133.5
184,212,004052.OF,华夏鼎智债券A,孙蕾,中长期纯债券型基金,稳定小基金公司,稳定短,轮动基金,稳定信用债,0,-0.005674812829468324,-0.024920108396140665,146.0,120.0,133.0
185,102,002175.OF,博时裕乾纯债A,何平,中长期纯债券型基金,轮动基金,轮动基金,轮动基金,稳定信用债,0,-0.00774508909102272,-0.018809581106844133,123.0,142.0,132.5
186,151,003155.OF,中加丰尚纯债债券A,王霈,中长期纯债券型基金,轮动基金,轮动基金,轮动基金,稳定信用债,0,-0.006601030272107978,-0.023989220528620684,140.0,124.0,132.0
187,293,005606.OF,招商招鸿6个月定开债发起式,刘万锋,中长期纯债券型基金,稳定小基金公司,稳定长,稳定小,稳定信用债,1,-0.006721292408923528,-0.02326541081310176,138.0,126.0,132.0
188,104,002198.OF,博时裕达纯债,王帅,中长期纯债券型基金,轮动基金,稳定长,轮动基金,稳定信用债,0,-0.0075143424234329305,-0.022952212525472315,129.0,130.0,129.5
189,341,006367.OF,交银裕祥纯债债券A,季参平,中长期纯债券型基金,稳定小基金公司,轮动基金,轮动基金,稳定信用债,0,-0.008448274997119198,-0.017110972740090085,109.0,146.0,127.5
190,2,070037.OF,嘉实纯债债券A,轩璇,中长期纯债券型基金,轮动基金,轮动基金,轮动基金,稳定信用债,0,-0.008042331129868787,-0.020377731232834845,116.0,137.0,126.5
191,167,003289.OF,创金合信尊泰纯债,郑振源,混合债券型基金(一级),轮动基金,轮动基金,轮动基金,稳定信用债,0,-0.01135189658988275,-0.0095062910198576,83.0,168.0,125.5
192,45,160515.SZ,博时安丰18个月定开债A,王帅,中长期纯债券型基金,稳定大基金公司,轮动基金,轮动基金,稳定信用债,1,-0.00529283173266223,-0.029616749263773896,151.0,97.0,124.0
193,121,002548.OF,嘉实稳瑞纯债债券,"王立芹,韩同利,闫红蕾",中长期纯债券型基金,轮动基金,轮动基金,轮动基金,稳定信用债,0,-0.007643819974495559,-0.02440339034782246,126.0,121.0,123.5
194,30,519718.OF,交银纯债债券A/B,"于海颖,魏玉敏",中长期纯债券型基金,稳定大基金公司,稳定中,稳定中,稳定信用债,0,-0.00790319027756546,-0.02368286781918424,121.0,125.0,123.0
195,53,000005.OF,嘉实增强信用定期债券,"轩璇,吴翠",混合债券型基金(一级),稳定大基金公司,轮动基金,轮动基金,稳定信用债,1,-0.007139748646708252,-0.027083659549258187,135.0,111.0,123.0
196,308,005782.OF,创金合信汇益纯债一年定开债券A,郑振源,混合债券型基金(一级),稳定小基金公司,轮动基金,轮动基金,稳定信用债,1,-0.0057398758466927925,-0.029267431209125245,145.0,100.0,122.5
197,155,003193.OF,创金合信尊智纯债A,郑振源,混合债券型基金(一级),轮动基金,轮动基金,轮动基金,稳定信用债,0,-0.00829950305786845,-0.022452614770269188,112.0,131.0,121.5
198,81,000606.OF,天弘优选债券,刘洋,中长期纯债券型基金,轮动基金,轮动基金,轮动基金,稳定信用债,0,-0.009653959611067789,-0.01742626933537159,98.0,145.0,121.5
199,274,005364.OF,华夏鼎顺三个月定开债券A,张海静,中长期纯债券型基金,稳定小基金公司,轮动基金,轮动基金,稳定信用债,1,-0.007595888536346153,-0.025994954535393074,127.0,115.0,121.0
200,243,004672.OF,华夏短债债券A,刘明宇,短期纯债券型基金,稳定小基金公司,稳定短,轮动基金,稳定信用债,0,-0.005534313057266086,-0.031528936882800646,149.0,91.0,120.0
201,241,004637.OF,华夏鼎兴债券A,孙蕾,中长期纯债券型基金,稳定小基金公司,轮动基金,轮动基金,稳定信用债,0,-0.009426672083663434,-0.01892733377921488,99.0,140.0,119.5
202,5,100066.OF,富国纯债债券发起式A/B,"吕春杰,张洋",中长期纯债券型基金,轮动基金,轮动基金,轮动基金,稳定信用债,0,-0.0076680674976062745,-0.026766223135881347,125.0,112.0,118.5
203,285,005439.OF,易方达恒安定开债券发起式,李一硕,中长期纯债券型基金,稳定小基金公司,轮动基金,稳定大,稳定信用债,1,-0.007980216697469147,-0.025199315577430326,118.0,119.0,118.5
204,327,006029.OF,鹏华尊享定期开放发起式债券,应琛,中长期纯债券型基金,稳定小基金公司,稳定短,轮动基金,稳定信用债,1,-0.00647956142537912,-0.030765153910724614,141.0,95.0,118.0
205,74,000355.OF,南方丰元信用增强债券A,李璇,混合债券型基金(一级),轮动基金,轮动基金,轮动基金,稳定信用债,0,-0.010471174361066213,-0.01793227967269345,86.0,143.0,114.5
206,194,003730.OF,博时富华纯债债券,李汉楠,中长期纯债券型基金,轮动基金,轮动基金,稳定大,稳定信用债,0,-0.01012096129088147,-0.020567832344074697,94.0,134.0,114.0
207,252,004882.OF,中银丰荣定期开放债券,郑涛,中长期纯债券型基金,稳定小基金公司,稳定长,稳定小,稳定信用债,1,-0.007364200849202592,-0.031059576800428007,132.0,94.0,113.0
208,288,005469.OF,南方浙利定开债券发起,黄斌斌,中长期纯债券型基金,稳定小基金公司,轮动基金,轮动基金,稳定信用债,1,-0.007042678695796016,-0.0328181472999062,136.0,87.0,111.5
209,232,004479.OF,博时富和纯债债券,李秋实,中长期纯债券型基金,稳定小基金公司,轮动基金,轮动基金,稳定信用债,0,-0.010325991096493459,-0.021956749353338727,91.0,132.0,111.5
210,192,003671.OF,兴业裕恒债券,雷志强,中长期纯债券型基金,轮动基金,稳定长,轮动基金,稳定信用债,0,-0.0101429880303958,-0.022980468312076598,93.0,129.0,111.0
211,310,005791.OF,华夏鼎福三个月定开债券A,孙蕾,中长期纯债券型基金,稳定小基金公司,轮动基金,轮动基金,稳定信用债,1,-0.00848643375630363,-0.02708739307274067,107.0,110.0,108.5
212,179,003454.OF,招商招通纯债A,黄晓婷,中长期纯债券型基金,轮动基金,轮动基金,轮动基金,稳定信用债,0,-0.010330161878896063,-0.02320368796556418,90.0,127.0,108.5
213,73,000346.OF,建信安心回报6个月定期开放债券A,"闫晗,彭紫云",混合债券型基金(一级),轮动基金,轮动基金,轮动基金,稳定信用债,1,-0.008319266458025545,-0.027705622186378957,111.0,105.0,108.0
214,147,002991.OF,嘉实稳鑫纯债债券,李卓锴,中长期纯债券型基金,轮动基金,稳定长,稳定小,稳定信用债,0,-0.008857798817393094,-0.02664339070500424,103.0,113.0,108.0
215,176,003440.OF,招商招享纯债A,王闯,中长期纯债券型基金,,,轮动基金,稳定信用债,0,-0.008495369518968676,-0.027404502173521424,106.0,108.0,107.0
216,94,001911.OF,博时裕恒纯债债券,郭思洁,中长期纯债券型基金,轮动基金,稳定长,轮动基金,稳定信用债,0,-0.008417439893266423,-0.028176529279379265,110.0,102.0,106.0
217,306,005772.OF,工银瑞景定开发起式债券,陈桂都,中长期纯债券型基金,稳定小基金公司,轮动基金,轮动基金,稳定信用债,1,-0.007167954832368333,-0.03673428655154143,134.0,77.0,105.5
218,4,100058.OF,富国产业债A,"黄纪亮,武磊",混合债券型基金(一级),轮动基金,轮动基金,轮动基金,稳定信用债,0,-0.007514661735938367,-0.03505680356201681,128.0,81.0,104.5
219,227,004334.OF,博时广利3个月定开债发起式,于渤洋,中长期纯债券型基金,稳定小基金公司,轮动基金,轮动基金,稳定信用债,1,-0.006654556308766292,-0.040993992352024174,139.0,66.0,102.5
220,135,002781.OF,博时聚瑞6个月定开债发起式,于渤洋,中长期纯债券型基金,轮动基金,轮动基金,轮动基金,稳定信用债,1,-0.008589946852695065,-0.029528197361478426,105.0,99.0,102.0
221,83,000815.OF,鑫元合享纯债A,郭卉,中长期纯债券型基金,轮动基金,稳定长,轮动基金,稳定信用债,0,-0.01341877853974779,-0.020506870570587473,66.0,135.0,100.5
222,247,004728.OF,中欧瑾泰债券A,LI TONG,中长期纯债券型基金,稳定小基金公司,轮动基金,轮动基金,稳定信用债,0,-0.011971499946427369,-0.024175109732534745,79.0,122.0,100.5
223,225,004307.OF,博时富元纯债债券,"王帅,李汉楠",中长期纯债券型基金,稳定小基金公司,轮动基金,轮动基金,稳定信用债,0,-0.01083481920294709,-0.02590927791367056,84.0,116.0,100.0
224,119,002466.OF,博时裕新纯债,郭思洁,中长期纯债券型基金,轮动基金,轮动基金,轮动基金,稳定信用债,0,-0.008806258377346101,-0.03143388943019532,104.0,92.0,98.0
225,123,002552.OF,华夏恒利3个月定开债券,孙蕾,混合债券型基金(一级),轮动基金,轮动基金,轮动基金,稳定信用债,1,-0.009948559345614196,-0.029549793985547728,96.0,98.0,97.0
226,263,005024.OF,南方兴利半年定开债券发起,"李璇,杜才超",中长期纯债券型基金,稳定小基金公司,轮动基金,轮动基金,稳定信用债,1,-0.008457149487163298,-0.03378177540801776,108.0,85.0,96.5
227,236,004544.OF,嘉实稳华纯债债券A,王亚洲,中长期纯债券型基金,稳定小基金公司,稳定短,轮动基金,稳定信用债,0,-0.007896568660215755,-0.04029789256991982,122.0,68.0,95.0
228,328,006037.OF,国泰瑞和纯债债券,胡智磊,中长期纯债券型基金,,,轮动基金,稳定信用债,0,-0.010521394315793369,-0.02777803764527468,85.0,104.0,94.5
229,108,002336.OF,创金合信尊享纯债债券A,郑振源,中长期纯债券型基金,轮动基金,轮动基金,轮动基金,稳定信用债,0,-0.011791333121789562,-0.027441576896144775,80.0,107.0,93.5
230,177,003445.OF,中加丰享纯债债券,王霈,中长期纯债券型基金,轮动基金,轮动基金,轮动基金,稳定信用债,0,-0.010219286269765235,-0.031099104599346717,92.0,93.0,92.5
231,209,004031.OF,鑫元添利三个月定期开放债券,郭卉,混合债券型基金(一级),稳定小基金公司,轮动基金,轮动基金,稳定信用债,1,-0.010465582474391317,-0.030528684602651977,87.0,96.0,91.5
232,340,006360.OF,财通资管鸿益中短债债券A,李杰,短期纯债券型基金,稳定小基金公司,稳定短,轮动基金,稳定信用债,0,-0.007428456869920996,-0.05501533860969506,131.0,42.0,86.5
233,51,162715.SZ,广发聚源债券(LOF)A,吴迪,中长期纯债券型基金,稳定大基金公司,轮动基金,轮动基金,稳定信用债,0,-0.011642646551654066,-0.03161085019975166,81.0,90.0,85.5
234,24,519324.OF,浦银安盛盛鑫定开债券A,章潇枫,混合债券型基金(一级),稳定大基金公司,轮动基金,轮动基金,稳定信用债,1,-0.009840662564381113,-0.03919975833575063,97.0,71.0,84.0
235,99,002140.OF,博时裕诚纯债债券,郭思洁,中长期纯债券型基金,轮动基金,轮动基金,轮动基金,稳定信用债,0,-0.012009165644273123,-0.03182210812198616,76.0,89.0,82.5
236,141,002904.OF,博时安仁一年定开债发起式A,李汉楠,中长期纯债券型基金,轮动基金,轮动基金,轮动基金,稳定信用债,1,-0.009134883970496142,-0.04257060995134267,102.0,63.0,82.5
237,69,000254.OF,长城定期开放债券A,张棪,混合债券型基金(一级),轮动基金,轮动基金,轮动基金,稳定信用债,1,-0.016345899575358574,-0.02639423119420509,48.0,114.0,81.0
238,54,000032.OF,易方达信用债债券A,"胡剑,纪玲云",中长期纯债券型基金,稳定大基金公司,轮动基金,轮动基金,稳定信用债,0,-0.011988103144071203,-0.03440118488702506,77.0,84.0,80.5
239,195,003746.OF,广发汇瑞3个月定期开放债券,赵子良,中长期纯债券型基金,轮动基金,轮动基金,轮动基金,稳定信用债,1,-0.009240040298617533,-0.0438875714494309,101.0,59.0,80.0
240,144,002930.OF,博时聚润纯债债券,王帅,中长期纯债券型基金,轮动基金,轮动基金,轮动基金,稳定信用债,0,-0.0103510053540509,-0.039851394572348535,89.0,69.0,79.0
241,55,000084.OF,博时安盈债券A,黄海峰,短期纯债券型基金,稳定大基金公司,轮动基金,轮动基金,稳定信用债,0,-0.008214332390108143,-0.05383806813686648,113.0,45.0,79.0
242,271,005322.OF,中银丰禧定期开放债券,郑涛,中长期纯债券型基金,稳定小基金公司,轮动基金,轮动基金,稳定信用债,1,-0.008176929721532325,-0.05417103070703161,114.0,43.0,78.5
243,1,070025.OF,嘉实信用债券A,"王立芹,赵国英",混合债券型基金(一级),轮动基金,轮动基金,稳定大,稳定信用债,0,-0.016147822695888214,-0.02755070703869954,50.0,106.0,78.0
244,233,004498.OF,鹏华丰源债券,刘涛,中长期纯债券型基金,稳定小基金公司,轮动基金,轮动基金,稳定信用债,0,-0.012485479228247356,-0.03488135702015125,72.0,83.0,77.5
245,65,000205.OF,易方达投资级信用债债券A,王晓晨,中长期纯债券型基金,稳定大基金公司,轮动基金,轮动基金,稳定信用债,0,-0.01286564744393567,-0.032904240966852634,68.0,86.0,77.0
246,142,002927.OF,长盛盛和纯债A,王贵君,中长期纯债券型基金,轮动基金,轮动基金,轮动基金,稳定信用债,0,-0.014940968865120339,-0.028732766934043745,52.0,101.0,76.5
247,307,005781.OF,华富富瑞3个月定期开放债券,倪莉莎,中长期纯债券型基金,稳定小基金公司,轮动基金,轮动基金,稳定信用债,1,-0.009292281867807475,-0.048490543193617175,100.0,53.0,76.5
248,189,003651.OF,博时丰达6个月定开债发起式,郭思洁,中长期纯债券型基金,轮动基金,轮动基金,轮动基金,稳定信用债,1,-0.010030833560048842,-0.048504449822451536,95.0,52.0,73.5
249,184,003571.OF,招商招琪纯债A,王梓林,中长期纯债券型基金,轮动基金,轮动基金,轮动基金,稳定信用债,0,-0.013557880702318574,-0.035618197737702285,65.0,80.0,72.5
250,109,002338.OF,兴业优债增利债券A,倪侃,混合债券型基金(一级),,,轮动基金,稳定信用债,0,-0.013722720514560138,-0.034911198712816865,63.0,82.0,72.5
251,96,001961.OF,博时裕荣纯债债券,郭思洁,中长期纯债券型基金,轮动基金,轮动基金,轮动基金,稳定信用债,0,-0.013709574233085466,-0.035750183900562234,64.0,79.0,71.5
252,325,005972.OF,交银裕如纯债债券A,"于海颖,张顺晨",中长期纯债券型基金,稳定小基金公司,轮动基金,轮动基金,稳定信用债,0,-0.014392852530693794,-0.03265410277270135,55.0,88.0,71.5
253,163,003268.OF,博时悦楚纯债债券A,郭思洁,中长期纯债券型基金,轮动基金,稳定中,轮动基金,稳定信用债,0,-0.01197765717930729,-0.04184646969412642,78.0,65.0,71.5
254,125,002578.OF,博时裕泉纯债债券,李秋实,中长期纯债券型基金,轮动基金,轮动基金,轮动基金,稳定信用债,0,-0.012799122383812454,-0.039802630324846995,69.0,70.0,69.5
255,16,400009.OF,东方稳健回报债券A,刘长俊,混合债券型基金(一级),,,轮动基金,稳定信用债,0,-0.021634290283392938,-0.027330768705862575,27.0,109.0,68.0
256,242,004655.OF,汇添富鑫汇债券A,杨靖,混合债券型基金(一级),稳定小基金公司,轮动基金,轮动基金,稳定信用债,0,-0.012797297184939731,-0.042756938662202086,70.0,62.0,66.0
257,22,519225.OF,海富通集利债券,方昆明,混合债券型基金(一级),稳定大基金公司,轮动基金,轮动基金,稳定信用债,0,-0.014238222470705513,-0.037556835722595674,56.0,74.0,65.0
258,107,002301.OF,兴业短债债券A,刘禹含,短期纯债券型基金,轮动基金,稳定短,轮动基金,稳定信用债,0,-0.010445710513716868,-0.05668451795560422,88.0,40.0,64.0
259,52,164703.SZ,汇添富纯债(LOF),胡娜,混合债券型基金(一级),稳定大基金公司,轮动基金,轮动基金,稳定信用债,0,-0.0145533053155472,-0.03888588802065609,54.0,72.0,63.0
260,219,004136.OF,博时民泽纯债债券,倪玉娟,中长期纯债券型基金,稳定小基金公司,轮动基金,轮动基金,稳定信用债,0,-0.014014831265530048,-0.040727248224075245,59.0,67.0,63.0
261,46,160618.SZ,鹏华丰泽债券(LOF),"祝松,邓明明",混合债券型基金(一级),稳定大基金公司,轮动基金,轮动基金,稳定信用债,0,-0.013302156210224014,-0.0457350744340134,67.0,57.0,62.0
262,270,005321.OF,中银证券汇宇定期开放债券,余亮,中长期纯债券型基金,稳定小基金公司,稳定长,稳定小,稳定信用债,1,-0.012116603330236073,-0.05128254431671626,74.0,48.0,61.0
263,67,000244.OF,天弘稳利定期开放A,柴文婷,混合债券型基金(一级),稳定大基金公司,轮动基金,轮动基金,稳定信用债,1,-0.024614625756099105,-0.027794352358433184,16.0,103.0,59.5
264,322,005920.OF,富国颐利纯债债券,"吕春杰,李金柳",中长期纯债券型基金,稳定小基金公司,轮动基金,轮动基金,稳定信用债,0,-0.017243797434100348,-0.0374248772059626,43.0,75.0,59.0
265,13,261001.OF,景顺长城稳定收益债券A,"李训练,何江波",混合债券型基金(一级),轮动基金,轮动基金,轮动基金,稳定信用债,0,-0.014153775400396276,-0.043604206480580464,57.0,61.0,59.0
266,185,003590.OF,建信睿富纯债债券,刘思,中长期纯债券型基金,轮动基金,轮动基金,轮动基金,稳定信用债,0,-0.014090727467880601,-0.045044720556830946,58.0,58.0,58.0
267,296,005648.OF,招商添琪3个月定开债发起式A,"姜南林,李家辉",中长期纯债券型基金,稳定小基金公司,轮动基金,轮动基金,稳定信用债,1,-0.011555516722441483,-0.06342540349142893,82.0,32.0,57.0
268,169,003313.OF,中银睿享定期开放债券,白洁,中长期纯债券型基金,轮动基金,轮动基金,稳定小,稳定信用债,1,-0.01203949490565613,-0.0626136829783706,75.0,36.0,55.5
269,234,004499.OF,鹏华丰瑞债券,刘涛,中长期纯债券型基金,稳定小基金公司,轮动基金,轮动基金,稳定信用债,0,-0.013751007166382667,-0.048580740702624726,61.0,50.0,55.5
270,127,002603.OF,工银瑞信瑞丰半年定期开放纯债债券,李娜,中长期纯债券型基金,轮动基金,稳定短,轮动基金,稳定信用债,1,-0.012728889442707876,-0.058848328256894955,71.0,39.0,55.0
271,75,000395.OF,汇添富安心中国债券A,"何旻,茹奕菡",中长期纯债券型基金,,,轮动基金,稳定信用债,0,-0.016684149191432445,-0.042027428709555115,45.0,64.0,54.5
272,145,002970.OF,博时裕昂纯债债券,李汉楠,中长期纯债券型基金,轮动基金,轮动基金,轮动基金,稳定信用债,0,-0.015661210890554673,-0.04749201810510549,51.0,56.0,53.5
273,175,003438.OF,招商招怡纯债A,欧阳倩蓉,中长期纯债券型基金,,,轮动基金,稳定信用债,0,-0.020991418965025575,-0.03677520895351425,30.0,76.0,53.0
274,136,002817.OF,招商招恒纯债A,"欧阳倩蓉,王闯",中长期纯债券型基金,,,轮动基金,稳定信用债,0,-0.0199211587843179,-0.03838509123242107,33.0,73.0,53.0
275,180,003518.OF,万家鑫瑞纯债A,"徐青,谷丹青",混合债券型基金(一级),,,轮动基金,稳定信用债,0,-0.017288062835873426,-0.04387868666972592,42.0,60.0,51.0
276,27,519332.OF,浦银安盛盛达纯债债券A,章潇枫,中长期纯债券型基金,稳定大基金公司,轮动基金,轮动基金,稳定信用债,0,-0.014752944620865278,-0.05090781380512437,53.0,49.0,51.0
277,161,003260.OF,博时利发纯债债券A,王帅,中长期纯债券型基金,轮动基金,轮动基金,轮动基金,稳定信用债,0,-0.02356523978253525,-0.03594637440213389,20.0,78.0,49.0
278,118,002452.OF,民生加银和鑫定开债券发起式,"裴禹翔,刘昊",中长期纯债券型基金,,,轮动基金,稳定信用债,1,-0.013804766022090496,-0.06296542606493452,60.0,35.0,47.5
279,31,519743.OF,交银丰润收益债券A,季参平,中长期纯债券型基金,稳定大基金公司,轮动基金,轮动基金,稳定信用债,0,-0.018811892295761586,-0.047643316304752416,38.0,55.0,46.5
280,240,004614.OF,鹏扬利泽债券A,"焦翠,陈钟闻",短期纯债券型基金,稳定小基金公司,轮动基金,轮动基金,稳定信用债,0,-0.012165155736397695,-0.0829519732572973,73.0,19.0,46.0
281,34,519776.OF,交银裕盈纯债债券A,"于海颖,姬静",中长期纯债券型基金,稳定大基金公司,轮动基金,稳定小,稳定信用债,0,-0.018411809635830573,-0.04851816119482947,40.0,51.0,45.5
282,128,002625.OF,博时安怡6个月定开债,王帅,混合债券型基金(一级),轮动基金,稳定长,轮动基金,稳定信用债,1,-0.013735239864840218,-0.07935317314434721,62.0,23.0,42.5
283,98,002109.OF,博时裕丰3个月定开债发起式,"王帅,程卓",中长期纯债券型基金,轮动基金,轮动基金,轮动基金,稳定信用债,1,-0.016338628522685656,-0.06674223384333619,49.0,30.0,39.5
284,130,002698.OF,博时裕利纯债债券,陈黎,中长期纯债券型基金,轮动基金,轮动基金,轮动基金,稳定信用债,0,-0.020499226095793514,-0.053267991373208326,31.0,46.0,38.5
285,261,004956.OF,中银证券安誉债券A,余亮,中长期纯债券型基金,稳定小基金公司,轮动基金,轮动基金,稳定信用债,0,-0.0231354434420425,-0.047765600651275365,22.0,54.0,38.0
286,124,002568.OF,博时裕发纯债债券,于渤洋,中长期纯债券型基金,轮动基金,稳定长,轮动基金,稳定信用债,0,-0.021618891622725504,-0.05260734464709522,28.0,47.0,37.5
287,105,002206.OF,博时裕康纯债,王帅,中长期纯债券型基金,轮动基金,轮动基金,轮动基金,稳定信用债,0,-0.016554127799432168,-0.06756462176059244,46.0,29.0,37.5
288,50,161117.SZ,易方达永旭定期开放债券,李一硕,中长期纯债券型基金,稳定大基金公司,轮动基金,稳定大,稳定信用债,1,-0.01639590202390013,-0.08178022139018033,47.0,21.0,34.0
289,317,005864.OF,国投瑞银顺达纯债债券,"敬夏玺,李鸥",中长期纯债券型基金,稳定小基金公司,轮动基金,轮动基金,稳定信用债,0,-0.02337402724553009,-0.053939868224393776,21.0,44.0,32.5
290,164,003269.OF,招商招乾3个月定开债发起式A,王梓林,中长期纯债券型基金,轮动基金,轮动基金,轮动基金,稳定信用债,1,-0.017751375770652254,-0.07273155466347665,41.0,24.0,32.5
291,201,003869.OF,长信稳势纯债债券,"杜国昊,邹依恩",中长期纯债券型基金,轮动基金,轮动基金,轮动基金,稳定信用债,0,-0.018773020836973773,-0.06861400478252676,39.0,26.0,32.5
292,193,003673.OF,中加丰裕纯债债券A,王霈,中长期纯债券型基金,轮动基金,轮动基金,轮动基金,稳定信用债,0,-0.019313051960683367,-0.06771163522468525,36.0,28.0,32.0
293,282,005419.OF,中欧聚瑞债券A,"周锦程,LI TONG",混合债券型基金(一级),稳定小基金公司,稳定中,轮动基金,稳定信用债,0,-0.021102621439838716,-0.06318189969034944,29.0,34.0,31.5
294,57,000111.OF,易方达纯债1年定期开放债券A,李一硕,中长期纯债券型基金,稳定大基金公司,轮动基金,稳定大,稳定信用债,1,-0.016842843806275716,-0.08323935867931877,44.0,18.0,31.0
295,11,217003.OF,招商安泰债券A,刘万锋,混合债券型基金(一级),轮动基金,轮动基金,轮动基金,稳定信用债,0,-0.019330228128850577,-0.07048498444214273,35.0,25.0,30.0
296,137,002832.OF,工银恒享纯债债券A,"杨曼丽,陈桂都",中长期纯债券型基金,轮动基金,稳定中,轮动基金,稳定信用债,0,-0.020480573581905043,-0.06806565919348209,32.0,27.0,29.5
297,25,519328.OF,浦银安盛盛泰纯债债券A,陶祺,中长期纯债券型基金,稳定大基金公司,轮动基金,轮动基金,稳定信用债,0,-0.02278645763252461,-0.06333323349197435,23.0,33.0,28.0
298,206,004020.OF,广发景祥纯债,赵子良,中长期纯债券型基金,稳定小基金公司,轮动基金,轮动基金,稳定信用债,0,-0.019037448706220452,-0.09115788636375981,37.0,16.0,26.5
299,187,003607.OF,博时富益纯债债券,于渤洋,中长期纯债券型基金,轮动基金,轮动基金,轮动基金,稳定信用债,0,-0.03064692986449402,-0.056632582262118515,9.0,41.0,25.0
300,287,005462.OF,博时富业3个月定开债发起式,"倪玉娟,吕瑞君",中长期纯债券型基金,稳定小基金公司,轮动基金,轮动基金,稳定信用债,1,-0.02798863212609429,-0.05900256183957494,12.0,38.0,25.0
301,91,001578.OF,博时裕瑞纯债债券,"李汉楠,李秋实,何平",中长期纯债券型基金,轮动基金,轮动基金,轮动基金,稳定信用债,0,-0.024194503380982297,-0.06352282637300712,17.0,31.0,24.0
302,3,100018.OF,富国天利增长债券A,黄纪亮,混合债券型基金(一级),轮动基金,轮动基金,轮动基金,稳定信用债,0,-0.022494940154557126,-0.07954539486756042,24.0,22.0,23.0
303,38,650001.OF,英大纯债债券A,"张大铮,张婧珣,易祺坤",混合债券型基金(一级),稳定大基金公司,轮动基金,轮动基金,稳定信用债,0,-0.031150788263166435,-0.06195637823452214,8.0,37.0,22.5
304,181,003528.OF,汇添富长添利定期开放债券A,杨靖,混合债券型基金(一级),轮动基金,稳定长,轮动基金,稳定信用债,1,-0.019475990289953504,-0.29757883243780103,34.0,1.0,17.5
305,149,003039.OF,广发集富纯债A,吴迪,中长期纯债券型基金,轮动基金,稳定中,轮动基金,稳定信用债,0,-0.027391263764248892,-0.08180191464658423,13.0,20.0,16.5
306,138,002864.OF,广发安泽短债A,刘志辉,短期纯债券型基金,轮动基金,轮动基金,轮动基金,稳定信用债,0,-0.022056928454859483,-0.1723714520980833,26.0,6.0,16.0
307,28,519334.OF,浦银安盛盛勤定开债券A,李羿,中长期纯债券型基金,稳定大基金公司,轮动基金,稳定小,稳定信用债,1,-0.023584489764094947,-0.13498821239364048,19.0,9.0,14.0
308,253,004887.OF,长信稳通三个月定开债券发起式,"邹依恩,杜国昊",中长期纯债券型基金,稳定小基金公司,稳定短,轮动基金,稳定信用债,1,-0.02238530446115748,-0.24085660523611077,25.0,2.0,13.5
309,264,005072.OF,中银丰进定期开放债券,易芳菲,中长期纯债券型基金,稳定小基金公司,稳定长,轮动基金,稳定信用债,1,-0.024817061928901048,-0.11403199724936429,15.0,11.0,13.0
310,60,000139.OF,富国国有企业债债券A/B,张波,中长期纯债券型基金,稳定大基金公司,稳定短,轮动基金,稳定信用债,0,-0.023669183183528335,-0.18957946172056275,18.0,5.0,11.5
311,0,070005.OF,嘉实债券,轩璇,混合债券型基金(一级),轮动基金,轮动基金,轮动基金,稳定信用债,0,-0.036606105716153796,-0.08350664510927681,6.0,17.0,11.5
312,208,004030.OF,嘉实丰安6个月定期债券,王亚洲,中长期纯债券型基金,稳定小基金公司,轮动基金,轮动基金,稳定信用债,1,-0.02544403690671707,-0.1707910650492843,14.0,7.0,10.5
313,178,003452.OF,招商招盛纯债A,李家辉,中长期纯债券型基金,轮动基金,轮动基金,轮动基金,稳定信用债,0,-0.03002292743931751,-0.11879706775126644,10.0,10.0,10.0
314,68,000252.OF,景顺长城景兴信用纯债债券A,何江波,中长期纯债券型基金,轮动基金,轮动基金,轮动基金,稳定信用债,0,-0.033838437540560484,-0.11205816777116592,7.0,12.0,9.5
315,61,000147.OF,易方达高等级信用债债券A,胡剑,中长期纯债券型基金,稳定大基金公司,轮动基金,轮动基金,稳定信用债,0,-0.04371211345033153,-0.0975333781635737,5.0,14.0,9.5
316,298,005670.OF,嘉实致兴定期纯债债券,"王立芹,赵国英",中长期纯债券型基金,稳定小基金公司,稳定长,轮动基金,稳定信用债,1,-0.052691143395775866,-0.1103741671045567,3.0,13.0,8.0
317,113,002381.OF,东海祥瑞A,张浩硕,中长期纯债券型基金,,,轮动基金,稳定信用债,0,-0.0794352732404741,-0.09348763975649874,1.0,15.0,8.0
318,58,000128.OF,大成景安短融债券A,"曾婷婷,张俊杰",短期纯债券型基金,,,轮动基金,稳定信用债,0,-0.029071029460268818,-0.227310277145392,11.0,3.0,7.0
319,8,160602.OF,鹏华普天债券A,刘涛,混合债券型基金(一级),轮动基金,轮动基金,轮动基金,稳定信用债,0,-0.0473116899171054,-0.1569356228549243,4.0,8.0,6.0
320,168,003290.OF,长城久稳债券A,吴冰燕,中长期纯债券型基金,轮动基金,轮动基金,轮动基金,稳定信用债,0,-0.055342128666351624,-0.22495107335491135,2.0,4.0,3.0
321,80,000552.OF,中加纯债一年A,闫沛贤,中长期纯债券型基金,轮动基金,轮动基金,轮动基金,稳定信用债,0,,,,,
322,82,000799.OF,民生加银半年理财,李文君,短期纯债券型基金,轮动基金,稳定短,轮动基金,稳定信用债,0,,,,,
323,132,002750.OF,工银泰享三年理财债券,陈桂都,中长期纯债券型基金,轮动基金,轮动基金,稳定大,稳定信用债,0,,,,,
324,140,002898.OF,富国两年期理财债券A,俞晓斌,中长期纯债券型基金,轮动基金,轮动基金,轮动基金,稳定信用债,0,,,,,
325,190,003660.OF,中加纯债两年债券A,于跃,混合债券型基金(一级),轮动基金,轮动基金,轮动基金,稳定信用债,0,,,,,
326,251,004859.OF,泰康年年红纯债一年债券,经惠云,混合债券型基金(一级),稳定小基金公司,轮动基金,稳定大,稳定信用债,0,,,,,
327,260,004940.OF,中加聚鑫纯债一年A,袁素,混合债券型基金(一级),稳定小基金公司,轮动基金,轮动基金,稳定信用债,0,,,,,
328,280,005398.OF,鹏扬淳优债券,"王莹莹,陈钟闻",中长期纯债券型基金,稳定小基金公司,轮动基金,轮动基金,稳定信用债,0,,,,,
329,284,005435.OF,国投瑞银顺银债券,李鸥,中长期纯债券型基金,稳定小基金公司,轮动基金,轮动基金,稳定信用债,0,,,,,
330,290,005577.OF,交银丰晟收益债券A,于海颖,中长期纯债券型基金,稳定小基金公司,轮动基金,稳定中,稳定信用债,0,,,,,
331,318,005871.OF,天弘荣享,"任明,刘洋",混合债券型基金(一级),稳定小基金公司,轮动基金,轮动基金,稳定信用债,0,,,,,
332,335,006150.OF,招商添利两年债券,"马龙,李家辉",混合债券型基金(一级),稳定小基金公司,稳定短,稳定大,稳定信用债,0,,,,,
333,14,270043.OF,广发理财年年红债券,吴迪,短期纯债券型基金,轮动基金,稳定短,轮动基金,稳定信用债,0,,,,,
334,19,519137.OF,海富通瑞福债券A,"方昆明,张靖爽",混合债券型基金(一级),稳定大基金公司,轮动基金,轮动基金,稳定信用债,0,,,,,
335,21,519206.OF,万家年年恒荣A,"谷丹青,徐青",混合债券型基金(一级),,,轮动基金,稳定信用债,0,,,,,
336,36,519784.OF,交银境尚收益债券A,"姬静,黄莹洁",中长期纯债券型基金,稳定大基金公司,轮动基金,轮动基金,稳定信用债,0,,,,,
337,89,001368.OF,兴业稳固收益一年理财债券,"周鸣,王卓然",中长期纯债券型基金,轮动基金,稳定短,轮动基金,稳定信用债,0,,,,,
