,thscode,ths_jjggbl_fund
0,460008.OF,100.04472996194
1,485022.OF,122.7127675889
2,485105.OF,100.87219280454
3,485107.OF,131.25584287029
4,485120.OF,127.24625683888
5,519137.OF,105.00446965636
6,519138.OF,143.28233406296
7,519225.OF,124.74651810751
8,519322.OF,131.16132805998
9,519324.OF,108.42521197272
10,519328.OF,100.04360265961
11,519330.OF,110.47771084452
12,519332.OF,119.38546079256
13,519334.OF,103.92373703942
14,519680.OF,127.06580557664
15,519718.OF,126.30756241212
16,519743.OF,109.20042657645
17,519746.OF,125.21890065346
18,519762.OF,132.77015660495
19,519776.OF,111.22379832049
20,519782.OF,130.24797003105
21,519784.OF,109.19618096682
22,530021.OF,121.40375724602
23,530029.OF,109.83843928635
24,531028.OF,116.73005373502
25,650001.OF,126.26570868846
26,675041.OF,128.48176059573
27,960040.OF,
28,970096.OF,100.45914351331
29,970098.OF,100.52581261298
30,970132.OF,101.30792109792
31,H000355.OF,
32,H202108.OF,
33,H217003.OF,
34,160128.SZ,154.02544617208
35,160515.SZ,147.68818091366
36,160618.SZ,113.35268858604
37,161014.SZ,142.81408639377
38,161019.SZ,132.88925631173
39,161115.SZ,110.87263764341
40,161117.SZ,158.77679872068
41,162715.SZ,103.93379269638
42,164703.SZ,131.39447199156
43,000005.OF,132.27579479679
44,000032.OF,139.33781236243
45,000037.OF,131.90708520803
46,000053.OF,153.7274790362
47,000084.OF,122.20343211107
48,000090.OF,130.42851412083
49,000111.OF,153.76799412381
50,000116.OF,138.92209494443
51,000137.OF,126.08408108785
52,000139.OF,114.03452162595
53,000147.OF,122.19222758875
54,000183.OF,144.00041157298
55,000186.OF,123.57711251033
56,000187.OF,123.56224181322
57,000191.OF,117.76432124926
58,000205.OF,110.15261527241
59,000207.OF,104.5624411221
60,000244.OF,126.67765145117
61,000252.OF,130.46871297487
62,000254.OF,121.55932966363
63,000265.OF,148.46431161933
64,000295.OF,130.44252467761
65,000345.OF,112.60604750347
66,000346.OF,130.34643622977
67,000355.OF,105.16991612668
68,000402.OF,120.65637219604
69,000469.OF,136.53725256635
70,000516.OF,143.20342093484
71,000546.OF,100.17954331938
72,000552.OF,136.46178318297
73,000606.OF,122.87964872197
74,000783.OF,100.19372999662
75,000799.OF,100.03163713472
76,000815.OF,132.0273739042
77,000914.OF,123.35388267192
78,000931.OF,122.56442024449
79,000943.OF,114.57479585039
80,001246.OF,154.83729482562
81,001299.OF,104.2228308695
82,001368.OF,127.56125530012
83,001369.OF,100.03359599224
84,001545.OF,100.99742344038
85,001578.OF,117.69434396627
86,001619.OF,123.89408067683
87,001783.OF,109.46316903711
88,001785.OF,126.08408108785
89,001819.OF,141.4119768784
90,001911.OF,125.97338958253
91,001960.OF,130.45461636295
92,001961.OF,119.00336893859
93,001993.OF,136.90722025161
94,002109.OF,131.68225611588
95,002140.OF,122.87402907191
96,002143.OF,130.79893519037
97,002169.OF,122.01015015265
98,002175.OF,116.55962813461
99,002188.OF,113.64586531531
100,002198.OF,120.53640115204
101,002206.OF,136.89843857981
102,002268.OF,117.17466142839
103,002301.OF,112.24504673481
104,002336.OF,102.14526642071
105,002341.OF,127.45016291876
106,002354.OF,118.87574419388
107,002377.OF,120.25395589284
108,002395.OF,129.07150331982
109,002438.OF,134.5429267799
110,002445.OF,133.94777054639
111,002447.OF,100.05545152744
112,002466.OF,130.56057427196
113,002483.OF,104.25666177711
114,002524.OF,124.77945084875
115,002548.OF,123.12323164956
116,002549.OF,112.93911789239
117,002550.OF,136.54631624736
118,002552.OF,137.35351715653
119,002568.OF,128.18578475525
120,002578.OF,100.03956861724
121,002600.OF,147.64611773741
122,002603.OF,111.31095070767
123,002625.OF,119.73975529437
124,002638.OF,133.85184055947
125,002698.OF,113.50790994098
126,002716.OF,132.3367661277
127,002750.OF,152.53170107051
128,002754.OF,134.16001853189
129,002755.OF,116.00494684573
130,002781.OF,106.67744095323
131,002832.OF,105.71599760791
132,002864.OF,102.94406862463
133,002868.OF,127.78128911188
134,002898.OF,129.7579132413
135,002904.OF,126.91446363888
136,002927.OF,126.24180978794
137,002929.OF,116.85442216634
138,002930.OF,135.73871705481
139,002970.OF,103.89639756303
140,002985.OF,100.35960598722
141,002991.OF,102.80293466886
142,002994.OF,117.72969333818
143,003039.OF,137.12584917351
144,003056.OF,104.66804341254
145,003102.OF,134.58845651145
146,003155.OF,101.69856436633
147,003162.OF,104.74099449765
148,003188.OF,137.4229854346
149,003192.OF,121.90400410511
150,003193.OF,125.15888760523
151,003209.OF,126.0191252126
152,003213.OF,100.04280538095
153,003214.OF,135.09060269393
154,003223.OF,120.87320533255
155,003258.OF,130.61505386332
156,003260.OF,136.57746289581
157,003265.OF,107.80045443672
158,003268.OF,127.71111232991
159,003269.OF,120.17125803651
160,003280.OF,120.58128996224
161,003285.OF,125.54804134539
162,003289.OF,121.35140622722
163,003290.OF,117.30618455122
164,003309.OF,146.15320289454
165,003313.OF,100.0339000499
166,003315.OF,133.78376414821
167,003327.OF,110.16588153606
168,003329.OF,120.6644939081
169,003417.OF,130.67462958218
170,003428.OF,136.01694118049
171,003445.OF,122.06546486874
172,003452.OF,122.20527858699
173,003454.OF,112.50514107408
174,003528.OF,172.40082347945
175,003547.OF,136.44887936172
176,003571.OF,126.53988663948
177,003590.OF,107.24190980228
178,003605.OF,137.24039175582
179,003607.OF,125.39601495795
180,003640.OF,103.06607032853
181,003651.OF,122.6750005613
182,003660.OF,127.57958021108
183,003662.OF,138.43670147749
184,003671.OF,137.98970451236
185,003673.OF,106.90891886892
186,003703.OF,121.63448770347
187,003730.OF,136.92861253985
188,003746.OF,121.19616554379
189,003770.OF,100.03525673514
190,003809.OF,119.09580929385
191,003832.OF,100.0343661981
192,003847.OF,129.82421603423
193,003859.OF,116.94557559819
194,003863.OF,129.70166293372
195,003869.OF,104.40491448938
196,003880.OF,104.51916331743
197,003929.OF,100.03391741748
198,003949.OF,116.80793798288
199,003983.OF,130.36591427179
200,004020.OF,100.04198721476
201,004027.OF,118.72980707635
202,004030.OF,123.61856568758
203,004031.OF,125.67118287232
204,004032.OF,124.67540824707
205,004042.OF,138.69180849636
206,004052.OF,100.04482109499
207,004061.OF,118.37217218239
208,004118.OF,110.41892095773
209,004122.OF,128.09187767157
210,004126.OF,107.80775712049
211,004127.OF,120.41415305541
212,004136.OF,120.08151984182
213,004140.OF,129.57439445958
214,004141.OF,114.14493800947
215,004200.OF,131.28526002656
216,004230.OF,124.37448596608
217,004238.OF,114.63362872373
218,004307.OF,126.88798154323
219,004322.OF,126.30415211008
220,004334.OF,130.06854204901
221,004366.OF,125.23716934697
222,004388.OF,126.62439703306
223,004438.OF,134.39973210095
224,004459.OF,128.05847077553
225,004479.OF,128.25713991289
226,004498.OF,118.40731957185
227,004499.OF,122.32672096078
228,004503.OF,152.84301266272
229,004504.OF,141.95227580498
230,004544.OF,103.98828645906
231,004547.OF,109.15818169353
232,004555.OF,128.29291762156
233,004601.OF,126.97325656809
234,004614.OF,100.38689329372
235,004637.OF,110.15154130197
236,004639.OF,131.28227800479
237,004655.OF,115.43548627888
238,004672.OF,135.96408229095
239,004689.OF,123.36327607744
240,004705.OF,134.2009312661
241,004722.OF,100.03384226472
242,004728.OF,119.44913394909
243,004736.OF,152.0012247276
244,004797.OF,152.10658307401
245,004821.OF,147.06489693243
246,004839.OF,130.29486959751
247,004859.OF,166.46659039509
248,004882.OF,100.03428576274
249,004887.OF,102.90187411258
250,004899.OF,104.44799659446
251,004910.OF,111.67837007184
252,004911.OF,119.08576574097
253,004919.OF,143.54124253932
254,004920.OF,134.31265487914
255,004923.OF,116.7031171512
256,004940.OF,137.11833417761
257,004954.OF,125.78045407559
258,004956.OF,109.46900894052
259,004978.OF,144.88020025845
260,005024.OF,159.58397065768
261,005072.OF,117.10000859624
262,005073.OF,127.59467308136
263,005099.OF,119.83895287394
264,005124.OF,159.42403874627
265,005171.OF,113.62675633172
266,005200.OF,106.72324129542
267,005307.OF,109.01302689978
268,005309.OF,100.03486753564
269,005321.OF,100.0338851595
270,005322.OF,103.27988851351
271,005336.OF,124.23299932128
272,005362.OF,130.1762930333
273,005364.OF,124.03900727035
274,005369.OF,154.55037843234
275,005383.OF,114.49937276722
276,005388.OF,134.16071125659
277,005393.OF,126.0690183651
278,005398.OF,139.3847269707
279,005419.OF,129.66399121974
280,005432.OF,150.4464749844
281,005435.OF,100.04395088833
282,005439.OF,138.43147407455
283,005442.OF,104.72594234268
284,005462.OF,148.62822192438
285,005469.OF,126.73923859085
286,005525.OF,147.73994169616
287,005531.OF,127.4572891051
288,005577.OF,122.53588687822
289,005590.OF,127.37345471767
290,005594.OF,125.69562090736
291,005606.OF,114.15359160916
292,005622.OF,126.1140459081
293,005631.OF,124.73974821622
294,005648.OF,117.83477979868
295,005666.OF,117.19364396636
296,005670.OF,133.4288186392
297,005684.OF,121.41156129877
298,005703.OF,115.13372328791
299,005705.OF,137.95009626578
300,005709.OF,124.7409002138
301,005710.OF,131.61234036578
302,005712.OF,135.41428837817
303,005718.OF,181.03746491867
304,005719.OF,121.72719272428
305,005736.OF,146.35836298749
306,005740.OF,141.20294669148
307,005754.OF,130.88986326619
308,005772.OF,100.03515294252
309,005781.OF,100.76911252071
310,005782.OF,134.63807821808
311,005784.OF,116.27694835762
312,005791.OF,132.89185420082
313,005816.OF,120.68335119581
314,005820.OF,131.40459771743
315,005831.OF,130.2311768784
316,005836.OF,125.39644242697
317,005841.OF,149.08560735732
318,005842.OF,125.05805634118
319,005845.OF,100.04176758222
320,005853.OF,126.06171980851
321,005854.OF,117.87850934984
322,005862.OF,126.18089365759
323,005864.OF,125.91872736647
324,005871.OF,105.34658746343
325,005879.OF,131.55912633545
326,005897.OF,113.67212439844
327,005898.OF,132.28516856268
328,005920.OF,113.23794396037
329,005921.OF,151.75856014772
330,005971.OF,113.021107875
331,005972.OF,124.77953063232
332,005988.OF,114.33272852611
333,006029.OF,100.03725001949
334,006032.OF,100.10571017188
335,006043.OF,115.61503575991
336,006045.OF,138.07040168063
337,006053.OF,111.68286808145
338,006066.OF,116.11868412661
339,006076.OF,120.8618203601
340,006082.OF,114.02766516809
341,006088.OF,137.53996422856
342,006097.OF,106.19429932954
343,006107.OF,120.09721927887
344,006112.OF,100.05442026059
345,006116.OF,124.46466436924
346,006120.OF,153.93288851688
347,006137.OF,131.83827941181
348,006150.OF,159.40796578979
349,006151.OF,102.09579779136
350,006169.OF,100.86393114625
351,006171.OF,137.01422986932
352,006172.OF,100.04836345426
353,006191.OF,122.63409743958
354,006275.OF,135.52134705991
355,006287.OF,135.26701671798
356,006319.OF,111.47168185732
357,006325.OF,100.36826967342
358,006332.OF,122.68528504268
359,006360.OF,111.82697707996
360,006367.OF,132.37024085543
361,006378.OF,118.09097138112
362,006393.OF,113.37595864152
363,006405.OF,133.06785148684
364,006411.OF,114.10965547753
365,006421.OF,142.2736773734
366,006427.OF,100.02217269273
367,006434.OF,117.27176546557
368,006436.OF,135.27748058916
369,006450.OF,138.04763130927
370,006464.OF,100.02655292838
371,006468.OF,135.74412761109
372,006489.OF,115.08877526165
373,006504.OF,124.4160926218
374,006517.OF,109.96954795404
375,006552.OF,113.12454346784
376,006570.OF,107.43368767234
377,006582.OF,129.35318874359
378,006591.OF,131.1193644974
379,006597.OF,116.24949716367
380,006599.OF,135.74224193137
381,006617.OF,112.84428393467
382,006626.OF,101.08083812451
383,006629.OF,103.61767884341
384,006635.OF,130.05741799164
385,006646.OF,125.1939164672
386,006653.OF,108.22679346394
387,006660.OF,134.25551217587
388,006662.OF,122.05074627876
389,006664.OF,122.05074627876
390,006665.OF,103.87781129908
391,006668.OF,132.40091527911
392,006683.OF,114.03452162595
393,006684.OF,117.76432124926
394,006707.OF,130.98666716938
395,006714.OF,103.42598931636
396,006740.OF,109.11126113267
397,006750.OF,137.81329290783
398,006758.OF,131.89784148923
399,006764.OF,106.98339897883
400,006771.OF,116.43646544887
401,006772.OF,106.27196979241
402,006776.OF,100.04961315149
403,006782.OF,139.50376812997
404,006791.OF,100.01944396871
405,006793.OF,112.79603506364
406,006797.OF,116.89965535979
407,006804.OF,131.04373860054
408,006806.OF,101.80723279337
409,006824.OF,110.60533537785
410,006829.OF,119.95817108088
411,006834.OF,129.32743831438
412,006838.OF,104.59853319447
413,006841.OF,139.30801904364
414,006846.OF,171.11456453293
415,006850.OF,121.9745202859
416,006852.OF,125.42263538899
417,006869.OF,117.27199274566
418,006874.OF,123.68781063437
419,006884.OF,125.86833772791
420,006885.OF,125.86833772791
421,006893.OF,110.5738102788
422,006901.OF,116.23267813681
423,006907.OF,134.08417319632
424,006915.OF,108.96203017879
425,006919.OF,126.4230070713
426,006929.OF,108.7048221062
427,006934.OF,100.11274880384
428,006936.OF,131.92054123186
429,006944.OF,125.96208554415
430,006953.OF,128.79785566681
431,006955.OF,124.78360739222
432,006956.OF,107.03010911453
433,006958.OF,117.4872670343
434,006963.OF,113.87819840416
435,006965.OF,109.96746742783
436,006970.OF,104.89243204119
437,006984.OF,151.08500128496
438,006985.OF,117.4952581356
439,006986.OF,139.42995544023
440,006995.OF,126.98393245316
441,006998.OF,126.4939647078
442,007017.OF,128.25336871444
443,007050.OF,120.30778952334
444,007053.OF,127.52721481507
445,007061.OF,109.9337185303
446,007068.OF,100.0274326883
447,007086.OF,129.97019005925
448,007104.OF,175.17600044527
449,007105.OF,110.85909199242
450,007121.OF,100.9627830951
451,007145.OF,150.27766660914
452,007158.OF,113.00070238721
453,007167.OF,119.99828688959
454,007175.OF,133.26848077275
455,007184.OF,121.36609131816
456,007199.OF,100.03766034053
457,007201.OF,107.34621082186
458,007213.OF,123.61228097954
459,007215.OF,131.56661936094
460,007220.OF,111.1400094204
461,007268.OF,143.25925505956
462,007278.OF,135.81282113106
463,007295.OF,127.21894193562
464,007321.OF,116.07018804124
465,007342.OF,131.66544038711
466,007347.OF,120.61059171388
467,007373.OF,125.8414552465
468,007374.OF,118.37468604721
469,007408.OF,130.77461521121
470,007417.OF,138.86401054645
471,007427.OF,127.24487776255
472,007440.OF,120.1642118618
473,007447.OF,108.51021599732
474,007451.OF,157.67437230913
475,007454.OF,116.20287332573
476,007496.OF,175.68705908221
477,007513.OF,133.07659656576
478,007515.OF,120.58074178915
479,007517.OF,126.84502128525
480,007525.OF,149.21779450878
481,007529.OF,134.44575640944
482,007535.OF,172.43663131732
483,007537.OF,135.90616853025
484,007542.OF,125.6253608143
485,007544.OF,138.91335876158
486,007555.OF,132.82356670588
487,007562.OF,120.25983367012
488,007572.OF,129.33499094969
489,007573.OF,168.13796073124
490,007576.OF,112.62227762676
491,007584.OF,119.65770427608
492,007585.OF,100.03520022992
493,007589.OF,172.06213910809
494,007595.OF,125.64014974563
495,007600.OF,157.87506019231
496,007603.OF,128.8771368754
497,007616.OF,114.27375161565
498,007618.OF,114.27375161565
499,007619.OF,168.38856568919
500,007645.OF,110.66207730533
501,007653.OF,110.75861471928
502,007659.OF,122.90473388148
503,007670.OF,115.79183571996
504,007680.OF,144.55255578715
505,007681.OF,117.68442403662
506,007682.OF,168.75450269997
507,007691.OF,118.36611792407
508,007692.OF,132.66121496807
509,007706.OF,120.49412657065
510,007714.OF,122.13315214538
511,007716.OF,133.50115073695
512,007717.OF,129.32743831438
513,007723.OF,161.77822399321
514,007740.OF,122.04531314769
515,007744.OF,115.43119858973
516,007754.OF,121.0346646293
517,007758.OF,139.92531188328
518,007761.OF,160.2424414776
519,007762.OF,105.94982974703
520,007772.OF,134.26545294104
521,007823.OF,114.87115039704
522,007828.OF,132.63283172042
523,007830.OF,140.32021811333
524,007836.OF,155.97527058071
525,007852.OF,100.03536053483
526,007867.OF,145.90261191499
527,007870.OF,162.67968124963
528,007871.OF,114.22922262878
529,007888.OF,129.15581832461
530,007915.OF,123.6903392818
531,007928.OF,137.17456140437
532,007930.OF,122.4606489657
533,007935.OF,133.2596514194
534,007948.OF,160.42079925263
535,007949.OF,117.91963052412
536,007953.OF,122.89151049902
537,007954.OF,104.97423539153
538,007958.OF,123.61646698997
539,007967.OF,145.87679039614
540,007970.OF,137.67078292495
541,007985.OF,125.92543149639
542,007986.OF,113.02569488265
543,007990.OF,139.50791269823
544,007996.OF,122.46108247994
545,007997.OF,153.33397774255
546,008003.OF,141.57715498395
547,008014.OF,182.28647039703
548,008017.OF,139.50989933568
549,008018.OF,137.95715740174
550,008022.OF,116.73005373502
551,008027.OF,157.42177181389
552,008030.OF,134.39020617854
553,008031.OF,137.67169027789
554,008032.OF,135.17987780596
555,008102.OF,174.85546460095
556,008104.OF,138.01708115379
557,008117.OF,137.88990901355
558,008130.OF,137.68307531794
559,008139.OF,133.88475364579
560,008170.OF,130.56078426807
561,008204.OF,126.07161815384
562,008207.OF,110.74274812846
563,008214.OF,100.01948302124
564,008217.OF,134.42184324378
565,008219.OF,146.32618098958
566,008223.OF,144.35200707831
567,008229.OF,158.098284662
568,008231.OF,165.38145775385
569,008242.OF,112.96613638624
570,008266.OF,100.05284134019
571,008278.OF,139.06640026194
572,008302.OF,119.21902938045
573,008316.OF,179.875357272
574,008338.OF,143.14479577181
575,008349.OF,141.91106927776
576,008352.OF,165.7220772502
577,008366.OF,132.33908515132
578,008383.OF,134.1661107178
579,008406.OF,104.05950374759
580,008409.OF,123.46760598442
581,008411.OF,108.32196768827
582,008429.OF,162.59604094787
583,008460.OF,132.19931100057
584,008463.OF,129.43037597003
585,008465.OF,122.24399745228
586,008471.OF,156.85055037615
587,008478.OF,154.06048899128
588,008493.OF,144.82020782525
589,008497.OF,108.30832367633
590,008508.OF,100.1152664415
591,008509.OF,131.18598244037
592,008516.OF,147.58147561008
593,008521.OF,144.02001200182
594,008535.OF,136.77557750711
595,008539.OF,100.05440324847
596,008558.OF,128.38607271378
597,008568.OF,134.34708752453
598,008569.OF,125.05450875026
599,008575.OF,155.01925576759
600,008582.OF,100.04361562327
601,008587.OF,117.7189264195
602,008596.OF,136.14844239329
603,008608.OF,100.01863463207
604,008620.OF,138.86800000335
605,008644.OF,167.53061768123
606,008646.OF,132.66228253273
607,008648.OF,127.6489732675
608,008649.OF,108.61807599061
609,008650.OF,124.4442989468
610,008651.OF,129.07205261838
611,008661.OF,145.81712102079
612,008674.OF,140.22637024096
613,008675.OF,172.75004744943
614,008700.OF,138.08422900114
615,008722.OF,167.81891777308
616,008730.OF,100.04018117088
617,008738.OF,137.48540992882
618,008746.OF,108.70997157378
619,008761.OF,124.00522787696
620,008762.OF,124.87197562242
621,008774.OF,102.80597850827
622,008796.OF,100.04859152444
623,008802.OF,100.79934695778
624,008807.OF,131.33219075847
625,008826.OF,110.80015647496
626,008829.OF,112.00546048473
627,008857.OF,122.0595561725
628,008862.OF,100.18368165976
629,008863.OF,149.71736619075
630,008875.OF,112.35745013035
631,008902.OF,127.20497981191
632,008925.OF,133.23398205547
633,008995.OF,137.4881688658
634,009001.OF,108.15392995628
635,009021.OF,124.90426846122
636,009041.OF,130.48439997769
637,009045.OF,100.10513659773
638,009082.OF,121.21185729518
639,009091.OF,128.883898944
640,009105.OF,148.82933741442
641,009148.OF,112.59041392561
642,009166.OF,137.34167937475
643,009167.OF,114.067818972
644,009207.OF,130.98316677454
645,009212.OF,146.59671626083
646,009235.OF,159.86882646157
647,009237.OF,112.64040479634
648,009252.OF,100.05940400527
649,009254.OF,182.12532389674
650,009257.OF,109.11126113267
651,009271.OF,115.41196821981
652,009284.OF,100.04661929798
653,009289.OF,119.46660220689
654,009290.OF,128.14551227918
655,009292.OF,152.55576727679
656,009294.OF,138.94429465958
657,009298.OF,100.03457606498
658,009306.OF,130.27359170532
659,009309.OF,121.86031089236
660,009338.OF,125.92133532275
661,009343.OF,137.20046279126
662,009356.OF,119.27575549464
663,009417.OF,145.97995437924
664,009450.OF,143.36570469
665,009453.OF,137.54877954888
666,009483.OF,129.0918048559
667,009577.OF,143.48014742951
668,009578.OF,109.89751113619
669,009580.OF,129.02602954483
670,009583.OF,173.0598154171
671,009587.OF,151.11764871646
672,009599.OF,117.71481741558
673,009600.OF,138.15039482987
674,009632.OF,181.65581857101
675,009643.OF,123.03786384169
676,009655.OF,122.7127675889
677,009666.OF,185.39429299207
678,009685.OF,168.8221328732
679,009711.OF,136.37117250664
680,009732.OF,161.74638367366
681,009749.OF,173.65290361724
682,009770.OF,131.66436772698
683,009792.OF,100.06259679413
684,009799.OF,138.45498767672
685,009809.OF,156.07711767108
686,009831.OF,100.06525019757
687,009851.OF,138.55984622181
688,009866.OF,164.37565508873
689,009920.OF,117.3448848337
690,009922.OF,120.11820584106
691,009933.OF,162.80351398511
692,009953.OF,128.4234895986
693,010048.OF,130.88986326619
694,010083.OF,119.23204840756
695,010084.OF,104.27663633425
696,010092.OF,118.70627823743
697,010168.OF,113.50248749351
698,010191.OF,129.24632133616
699,010232.OF,133.46898280149
700,010254.OF,124.35918932634
701,010258.OF,111.21185530446
702,010462.OF,148.42266192945
703,010471.OF,156.24267984714
704,010477.OF,138.91940044985
705,010479.OF,112.36593906042
706,010482.OF,148.97643076333
707,010485.OF,177.91042463346
708,010580.OF,157.68302498441
709,010621.OF,167.39941198698
710,010627.OF,189.39983072759
711,010632.OF,118.68453999472
712,010634.OF,104.09748101404
713,010639.OF,177.02382165792
714,010653.OF,136.96987828272
715,010753.OF,116.94557559819
716,010836.OF,124.14305538798
717,010946.OF,132.67171988177
718,010983.OF,189.43314169755
719,011067.OF,109.01302689978
720,011079.OF,136.45107030561
721,011080.OF,116.59766042371
722,011088.OF,141.88553799653
723,011262.OF,118.82315889428
724,011292.OF,115.08877526165
725,011294.OF,135.40747865905
726,011529.OF,119.87861032429
727,011617.OF,125.86833772791
728,011655.OF,125.26598447932
729,011683.OF,138.84526875708
730,011699.OF,137.36100537937
731,011719.OF,143.8186595889
732,011890.OF,136.35556428846
733,011943.OF,139.64230430892
734,011946.OF,118.23868286999
735,011952.OF,100.04027367323
736,011953.OF,127.45016291876
737,011955.OF,129.70166293372
738,011960.OF,141.2563441582
739,011961.OF,124.15497057252
740,011968.OF,134.41846471226
741,012101.OF,119.44186760791
742,012229.OF,129.56543394004
743,012242.OF,123.55267433411
744,012265.OF,115.58377773486
745,012273.OF,151.70473483256
746,012279.OF,109.34976313238
747,012290.OF,137.01117226881
748,012352.OF,100.05038381467
749,012356.OF,139.04951218787
750,012395.OF,130.25973058999
751,012451.OF,130.33752995244
752,012452.OF,109.46147195333
753,012465.OF,121.93672072392
754,012468.OF,100.30847771384
755,012489.OF,119.09580929385
756,012567.OF,117.30618455122
757,012580.OF,114.66308349903
758,012591.OF,121.16346819729
759,012742.OF,100.62588004963
760,012750.OF,126.56995138203
761,012773.OF,120.27319707031
762,012803.OF,144.10991047489
763,012806.OF,111.28330676331
764,012823.OF,128.37152824853
765,012933.OF,139.17182469877
766,012941.OF,119.98142490902
767,012948.OF,167.55934111514
768,013008.OF,112.10983520432
769,013062.OF,169.85085554633
770,013065.OF,109.15598385628
771,013068.OF,120.96790294424
772,013075.OF,117.98679832461
773,013077.OF,132.07675743266
774,013087.OF,154.93600611263
775,013159.OF,139.09247243239
776,013206.OF,128.68814078808
777,013213.OF,100.04038691662
778,013216.OF,118.60730862771
779,013236.OF,101.74419267503
780,013265.OF,157.89950273922
781,013336.OF,126.83509474873
782,013351.OF,109.5656457093
783,013373.OF,100.11594150683
784,013375.OF,114.46528363945
785,013391.OF,132.44561399594
786,013405.OF,111.64773581969
787,013408.OF,112.39340449203
788,013419.OF,152.95504488113
789,013456.OF,115.43119858973
790,013457.OF,116.11597060001
791,013459.OF,132.0764304637
792,013487.OF,153.46092405035
793,013494.OF,125.44536892913
794,013522.OF,104.27221017966
795,013538.OF,139.72992593494
796,013563.OF,110.99098375691
797,013648.OF,104.10245476468
798,013654.OF,158.85496947058
799,013699.OF,109.53126578824
800,013703.OF,112.14816342355
801,013718.OF,100.28312600008
802,013723.OF,143.2070862567
803,013728.OF,125.4025829075
804,013780.OF,120.91578497585
805,013799.OF,101.11132177598
806,013804.OF,111.01255140009
807,013808.OF,122.42129128239
808,013821.OF,132.72848737936
809,013838.OF,129.97302893991
810,013864.OF,114.35582131845
811,013875.OF,132.0273739042
812,013901.OF,132.96707110429
813,013931.OF,159.00037036319
814,013952.OF,110.1866378604
815,013976.OF,121.29244148276
816,014004.OF,152.88350448563
817,014012.OF,114.15201269574
818,014059.OF,130.60620470328
819,014097.OF,104.6415357267
820,014105.OF,138.5018304196
821,014230.OF,102.41266502352
822,014231.OF,163.72960441361
823,014234.OF,134.86298344322
824,014242.OF,134.18570264312
825,014248.OF,125.06659028381
826,014250.OF,118.5590654744
827,014252.OF,109.69922835056
828,014257.OF,102.71031846645
829,014315.OF,106.41122187326
830,014367.OF,100.02217269273
831,014392.OF,135.97178716016
832,014435.OF,133.46358445983
833,014446.OF,120.24748640147
834,014452.OF,149.35082509931
835,014464.OF,150.60101203835
836,014474.OF,100.23003287744
837,014476.OF,123.37218530685
838,014480.OF,116.45992357478
839,014504.OF,130.77461521121
840,014517.OF,111.33144418602
841,014552.OF,130.02903874533
842,014638.OF,134.08417319632
843,014714.OF,129.07952314145
844,014721.OF,109.44382512591
845,014740.OF,132.08179508101
846,014778.OF,100.03276991327
847,014815.OF,121.71902214964
848,014856.OF,128.71456055856
849,014858.OF,128.71456055856
850,014952.OF,143.16398689439
851,014959.OF,126.53199168839
852,014965.OF,146.45996669064
853,014966.OF,112.69094066133
854,014973.OF,166.32665790248
855,015018.OF,140.98551112527
856,015049.OF,115.33700827178
857,015081.OF,110.83853709718
858,015209.OF,149.10798499764
859,015255.OF,130.57743261093
860,015260.OF,141.52933291788
861,015263.OF,133.09230669484
862,015301.OF,117.11974541708
863,015315.OF,133.28371227638
864,015397.OF,140.30392092463
865,015423.OF,100.03987795381
866,015469.OF,160.79619201764
867,015471.OF,100.03922306134
868,015473.OF,159.98039513045
869,015487.OF,117.97174813452
870,015492.OF,100.04565682856
871,015516.OF,112.8765846777
872,015530.OF,130.00175514904
873,015552.OF,100.08671744571
874,015569.OF,117.72969333818
875,015581.OF,125.58093992705
876,015622.OF,133.59148209663
877,015624.OF,145.45116250516
878,015629.OF,102.80178867082
879,015653.OF,175.71567121802
880,015654.OF,112.79603506364
881,015720.OF,110.09661314616
882,015736.OF,134.58845651145
883,015746.OF,110.10307628984
884,015811.OF,154.07149890843
885,015815.OF,116.19118708293
886,015830.OF,137.57489247869
887,015832.OF,112.10887644264
888,015834.OF,123.68230180418
889,015848.OF,104.09748101404
890,015852.OF,114.21437525209
891,015853.OF,110.55596087863
892,015858.OF,133.65954165988
893,015893.OF,123.32276366279
894,015913.OF,162.35160916006
895,015917.OF,101.84621804082
896,015925.OF,100.04520989045
897,015949.OF,134.5548726051
898,015969.OF,135.51124812162
899,016009.OF,159.00703098887
900,016011.OF,120.26956016792
901,016023.OF,139.22992068351
902,016024.OF,137.07797759246
903,016031.OF,107.35793522899
904,016034.OF,130.96878439097
905,016111.OF,134.19692206731
906,016172.OF,100.38689329372
907,016184.OF,151.4686162932
908,016189.OF,112.79108177222
909,016191.OF,125.31756148079
910,016208.OF,100.03660334852
911,016212.OF,129.76258904499
912,016235.OF,100.0203983372
913,016247.OF,122.37505634081
914,016296.OF,119.36124432324
915,016396.OF,115.52475991706
916,016411.OF,124.93157588561
917,016426.OF,100.06225193863
918,016427.OF,110.5738102788
919,016432.OF,100.07247666006
920,016483.OF,100.04514795153
921,016497.OF,128.71456055856
922,016510.OF,113.14403738987
923,016526.OF,101.2050898757
924,016585.OF,132.81027110854
925,016609.OF,116.58315395225
926,016614.OF,135.85672301881
927,016674.OF,123.4975296055
928,016689.OF,136.38080539717
929,016695.OF,114.97286358675
930,016790.OF,104.49159143289
931,016793.OF,132.1007698322
932,016799.OF,123.49535069083
933,016812.OF,107.24982507043
934,016816.OF,118.41422973533
935,016871.OF,127.64023913426
936,016875.OF,142.21602305221
937,016885.OF,100.16685344952
938,016914.OF,119.68945501995
939,016925.OF,130.80712700172
940,016928.OF,100.03406309257
941,016947.OF,100.05638101694
942,016951.OF,
943,016955.OF,111.21465817469
944,017006.OF,100.07690177347
945,017024.OF,121.32193154278
946,017129.OF,130.92299465326
947,017137.OF,136.59140486755
948,017201.OF,137.03090376609
949,017305.OF,100.17371603402
950,017307.OF,100.58398815899
951,017314.OF,114.3031542808
952,017328.OF,126.56190054542
953,017428.OF,116.57174989253
954,017432.OF,132.97038461727
955,017438.OF,130.16479135903
956,017500.OF,
957,017529.OF,100.22617916013
958,017614.OF,100.86393114625
959,017659.OF,170.35408695076
960,017671.OF,124.10390908607
961,017681.OF,
962,017687.OF,131.97949742828
963,017695.OF,112.30378299122
964,017777.OF,100.05440324847
965,017812.OF,123.51645268289
966,018011.OF,116.35066685236
967,018085.OF,108.09269333165
968,018169.OF,112.85386377783
969,018196.OF,139.1850728325
970,018252.OF,126.93098450885
971,018256.OF,
972,018275.OF,100.01308538146
973,018407.OF,
974,018559.OF,
975,018584.OF,
976,018666.OF,119.95817108088
977,040040.OF,123.88029756882
978,040045.OF,113.18323839596
979,050027.OF,113.89137007408
980,050106.OF,124.05882954798
981,070005.OF,133.16037124978
982,070025.OF,136.0144402826
983,070037.OF,123.7383394148
984,090021.OF,115.03777634421
985,100018.OF,116.83938265718
986,100058.OF,133.95688875201
987,100066.OF,123.98883947316
988,100072.OF,135.94164230445
989,110035.OF,114.23458535935
990,110051.OF,132.4879610037
991,110053.OF,137.54607367116
992,160602.OF,129.18109431891
993,202103.OF,100.24981671563
994,202108.OF,127.5224163061
995,217003.OF,132.44561399594
996,217022.OF,130.64770750207
997,261001.OF,100.10881669707
998,270043.OF,171.93696824982
999,270048.OF,127.54514685422
