time,000005.OF,000032.OF,000084.OF,000111.OF,000116.OF,000137.OF,000139.OF,000147.OF,000183.OF,000186.OF,000187.OF,000191.OF,000205.OF,000207.OF,000244.OF,000252.OF,000254.OF,000265.OF,000295.OF,000345.OF,000346.OF,000355.OF,000402.OF,000469.OF,000546.OF,000552.OF,000815.OF,000914.OF,001246.OF,001299.OF,001368.OF,001369.OF,001578.OF,040040.OF,040045.OF,050027.OF,050106.OF,070005.OF,070025.OF,070037.OF,100018.OF,100058.OF,100066.OF,100072.OF,110035.OF,160128.SZ,160515.SZ,160602.OF,160618.SZ,161014.SZ,161019.SZ,161115.SZ,161117.SZ,162715.SZ,202103.OF,202108.OF,217003.OF,217022.OF,261001.OF,270043.OF,270048.OF,460008.OF,485105.OF,485107.OF,519680.OF,519718.OF,519743.OF,530021.OF,650001.OF
2014-12-31,1.068,1.051,1.06,1.091,1.106,1.125,1.108,1.099,1.125,1.108,1.095,1.109,1.107,1.148,1.111,1.105,1.148,1.011,1.136,1.1,1.093,1.134,1.087,1.031,1.102,1.078,0.944,1.0021,,,,,,1.073,1.167,1.163,1.62,1.991,1.207,1.066,2.2252,1.254,1.086,1.15,1.267,1.179,1.159,1.667,1.375,1.325,1.222,1.622,1.188,0.983,1.496,1.106,1.8208,1.29,1.056,1.135,1.118,1.147,1.6948,1.6411,1.4955,1.096,0.982,1.07,1.0886
2015-01-05,1.071,1.051,1.061,1.091,1.106,1.128,1.109,1.103,1.128,1.109,1.097,1.109,1.108,1.15,1.112,1.105,1.152,,1.144,1.102,1.094,1.135,1.086,1.031,,,,,,,,,,1.073,1.173,1.162,1.628,1.995,1.213,1.067,2.2321,1.259,1.088,1.151,1.268,1.18,1.159,1.675,1.38,1.327,1.223,1.639,1.189,0.983,1.5043,1.11,1.8246,1.296,1.058,,1.12,1.148,1.7139,1.6492,1.5015,1.096,,1.071,1.0896
2015-01-06,1.073,1.051,1.061,,1.107,1.128,1.111,1.105,1.131,1.108,1.097,1.109,1.109,1.152,1.114,1.107,1.155,,1.145,1.104,1.094,1.133,1.084,1.03,,,,,,,,,,1.074,1.177,1.163,1.623,1.996,1.212,1.068,2.2319,1.261,1.089,1.152,1.27,1.181,1.16,1.672,1.379,1.328,1.223,1.633,1.19,0.981,1.5055,1.11,1.8215,1.297,1.059,,1.123,1.148,1.7151,1.6426,1.5017,1.097,,1.072,1.0881
2015-01-07,1.074,1.051,1.061,,1.107,1.128,1.111,1.105,1.132,1.108,1.098,1.109,1.109,1.154,1.114,1.108,1.157,,1.155,1.102,1.094,1.133,1.087,1.03,,,,,,,,,,1.075,1.185,1.163,1.623,1.997,1.215,1.068,2.2342,1.263,1.089,1.152,1.27,1.181,1.16,1.681,1.381,1.329,1.223,1.651,1.19,0.983,1.5092,1.11,1.8239,1.298,1.058,,1.125,1.149,1.7244,1.6485,1.5044,1.097,,1.072,1.0894
2015-01-08,1.074,1.05,1.062,,1.108,1.129,1.112,1.106,1.124,1.11,1.099,1.109,1.11,1.153,1.115,1.108,1.15,,1.147,1.102,1.094,1.134,1.087,1.032,,,,,,,,,,1.076,1.183,1.164,1.62,1.996,1.207,1.069,2.2303,1.262,1.089,1.153,1.271,1.182,1.161,1.677,1.374,1.328,1.222,1.627,1.19,0.984,1.5067,1.111,1.8194,1.294,1.059,,1.127,1.151,1.7136,1.6327,1.4982,1.098,,1.072,1.0896
2015-01-09,1.075,1.052,1.062,1.093,1.108,1.129,1.113,1.106,1.127,1.112,1.1,1.109,1.11,1.153,1.116,1.108,1.152,1.015,1.149,1.103,1.095,1.133,1.088,1.033,1.106,1.084,0.953,1.0034,,,,,,1.076,1.182,1.164,1.623,1.998,1.212,1.069,2.2329,1.262,1.09,1.153,1.272,1.183,1.162,1.678,1.374,1.328,1.222,1.626,1.19,0.983,1.5085,1.111,1.8287,1.298,1.06,1.136,1.128,1.151,1.7185,1.6424,1.5005,1.098,0.985,1.073,1.0878
2015-01-12,1.073,1.052,1.062,1.093,1.108,,1.113,1.106,1.125,1.113,1.101,1.111,1.111,1.152,1.116,1.108,1.15,,1.137,1.105,1.095,1.136,1.088,1.033,,,,,,,,,,1.076,1.18,1.167,1.628,1.997,1.21,1.07,2.2321,1.261,1.091,1.153,1.273,1.184,1.161,1.675,1.37,1.328,1.222,1.609,1.192,0.984,1.5047,1.111,1.8271,1.296,1.061,,1.13,1.151,1.706,1.6396,1.4958,1.099,,1.073,1.089
2015-01-13,1.075,1.053,1.063,,1.109,,1.114,1.107,1.127,1.113,1.102,1.111,1.109,1.154,1.117,1.109,1.152,,1.138,1.104,1.095,1.136,1.089,1.034,,,,,,,,,,1.077,1.183,1.166,1.629,2.002,1.21,1.07,2.2328,1.263,1.091,1.153,1.274,1.184,1.161,1.674,1.372,1.329,1.225,1.616,1.192,0.985,1.5064,1.113,1.829,1.3,1.061,,1.132,1.152,1.7087,1.6438,1.4972,1.099,,1.075,1.0905
2015-01-14,1.077,1.056,1.063,,1.11,,1.116,1.107,1.125,1.115,1.104,1.112,1.109,1.155,1.121,1.111,1.156,,1.15,1.106,1.095,1.14,1.09,1.035,,,,,,,,,,1.078,1.184,1.166,1.628,2.004,1.212,1.072,2.2352,1.264,1.092,1.155,1.277,1.186,1.164,1.678,1.377,1.33,1.225,1.614,1.193,0.985,1.5086,1.113,1.831,1.3,1.062,,1.138,1.155,1.7133,1.6503,1.5003,1.1,,1.077,1.0922
2015-01-15,1.08,1.057,1.064,,1.109,,1.116,1.108,1.134,1.115,1.105,1.112,1.11,1.156,1.121,1.111,1.159,,1.165,1.104,1.096,1.141,1.092,1.035,,,,,,,,,,1.079,1.187,1.161,1.639,2.007,1.226,1.072,2.2403,1.267,1.094,1.155,1.277,1.187,1.165,1.684,1.384,1.332,1.226,1.628,1.194,0.988,1.5111,1.116,1.8346,1.305,1.062,,1.139,1.156,1.7251,1.6656,1.5066,1.101,,1.079,1.0934
2015-01-16,1.082,1.059,1.064,1.097,1.11,1.135,1.117,1.106,1.134,1.117,1.106,1.113,1.11,1.161,1.122,1.116,1.161,1.018,1.185,1.106,1.099,1.145,1.094,1.036,1.109,1.086,0.962,1.0043,,,,,,1.071,1.195,1.162,1.639,2.01,1.23,1.073,2.2429,1.27,1.095,1.156,1.278,1.188,1.167,1.687,1.39,1.333,1.225,1.642,1.194,0.989,1.5131,1.116,1.8367,1.308,1.064,1.137,1.142,1.158,1.7334,1.6739,1.5082,1.101,0.985,1.081,1.097
2015-01-19,1.076,1.06,1.065,,1.111,,1.118,1.107,1.115,1.118,1.107,1.119,1.11,1.159,1.124,1.119,1.157,,1.159,1.107,1.097,1.146,1.1,1.037,,,,,,,,,,1.066,1.19,1.164,1.625,2.004,1.206,1.074,2.2369,1.269,1.097,1.157,1.279,1.189,1.169,1.674,1.37,1.332,1.227,1.58,1.196,0.99,1.507,1.117,1.8307,1.298,1.065,,1.144,1.159,1.7055,1.6436,1.4921,1.102,,1.081,1.0967
2015-01-20,1.077,1.06,1.065,,1.111,,1.121,1.107,1.119,1.119,1.107,1.119,1.111,1.162,1.125,1.12,1.158,,1.165,1.111,1.099,1.147,1.107,1.038,,,,,,,,,,1.072,1.197,1.168,1.626,2.006,1.209,1.074,2.238,1.27,1.097,1.158,1.28,1.19,1.171,1.677,1.374,1.332,1.228,1.589,1.197,0.994,1.5089,1.116,1.8334,1.301,1.066,,1.144,1.16,1.7099,1.6531,1.4957,1.102,,1.082,1.0991
2015-01-21,1.083,1.058,1.065,,1.111,1.134,1.121,1.107,1.134,1.12,1.107,1.119,1.109,1.163,1.126,1.121,1.162,,1.179,1.112,1.099,1.148,1.11,1.038,,,,,,,,,,1.073,1.204,1.172,1.64,2.013,1.224,1.075,2.2438,1.272,1.097,1.16,1.281,1.191,1.172,1.689,1.378,1.335,1.228,1.619,1.195,0.994,1.5122,1.117,1.8383,1.308,1.067,,1.146,1.16,1.7241,1.6751,1.5048,1.103,,1.083,1.1006
2015-01-22,1.085,1.06,1.066,,1.112,,1.122,1.108,1.133,1.122,1.108,1.12,1.11,1.165,1.127,1.122,1.163,,1.182,1.113,1.101,1.15,1.113,1.039,,,,,,,,,,1.073,1.208,1.172,1.639,2.015,1.225,1.075,2.2455,1.275,1.099,1.16,1.281,1.192,1.173,1.69,1.385,1.335,1.229,1.637,1.198,0.995,1.5146,1.117,1.8407,1.315,1.069,,1.147,1.16,1.7294,1.6807,1.5077,1.103,,1.084,1.1016
2015-01-23,1.085,1.061,1.067,1.1,1.112,1.136,1.122,1.109,1.134,1.123,1.109,1.12,1.11,1.166,1.128,1.122,1.164,1.02,1.185,1.112,1.102,1.151,1.114,1.039,1.111,1.092,0.969,1.0053,,,,,,1.073,1.202,1.172,1.641,2.016,1.228,1.075,2.2461,1.276,1.099,1.16,1.282,1.192,1.174,1.691,1.384,1.336,1.229,1.637,1.198,0.995,1.515,1.118,1.8419,1.316,1.069,1.138,1.147,1.161,1.73,1.6849,1.5076,1.103,0.985,1.085,1.1034
2015-01-26,1.084,1.06,1.067,,1.113,1.137,1.123,1.11,1.135,1.124,1.109,1.121,1.111,1.162,1.129,1.123,1.162,,1.178,1.113,1.1,1.152,1.114,1.04,,,,,,,,,,1.073,1.21,1.175,1.638,2.015,1.224,1.076,2.2452,1.277,1.1,1.16,1.282,1.193,1.175,1.691,1.379,1.337,1.231,1.639,1.198,0.997,1.514,1.122,1.8392,1.313,1.07,,1.148,1.161,1.7254,1.6748,1.5043,1.104,,1.085,1.1035
2015-01-27,1.083,1.061,1.067,,1.115,,1.124,1.11,1.131,1.123,1.109,1.121,1.111,1.165,1.128,1.123,1.161,,1.174,1.112,1.101,1.152,1.114,1.041,,,,,,,,,,1.073,1.211,1.172,1.635,2.014,1.219,1.076,2.2439,1.277,1.1,1.16,1.282,1.193,1.176,1.689,1.375,1.336,1.23,1.635,1.198,0.998,1.5127,1.123,1.8356,1.31,1.07,,1.148,1.161,1.7185,1.6634,1.5021,1.104,,1.085,1.1044
2015-01-28,1.08,1.061,1.067,,1.114,,1.125,1.11,1.127,1.122,1.109,1.122,1.111,1.167,1.127,1.124,1.158,,1.166,1.113,1.103,1.152,1.114,1.041,,,,,,,,,,1.073,1.207,1.175,1.632,2.01,1.208,1.076,2.2425,1.276,1.101,1.16,1.282,1.193,1.176,1.683,1.369,1.336,1.23,1.611,1.199,0.997,1.5095,1.123,1.833,1.309,1.071,,1.147,1.161,1.7104,1.6544,1.4972,1.103,,1.085,1.1042
2015-01-29,1.078,1.06,1.066,,1.114,,1.125,1.109,1.125,1.122,1.109,1.122,1.113,1.167,1.127,1.124,1.155,,1.163,1.114,1.103,1.151,1.115,1.041,,,,,,,,,,1.076,1.204,1.175,1.628,2.008,1.2,1.075,2.2404,1.276,1.101,1.161,1.281,1.193,1.176,1.68,1.366,1.335,1.229,1.596,1.199,0.998,1.5072,1.123,1.8314,1.308,1.07,,1.146,1.161,1.706,1.6476,1.492,1.103,,1.084,1.1044
2015-01-30,1.077,1.061,1.066,1.101,1.114,1.137,1.125,1.11,1.12,1.122,1.109,1.122,1.113,1.165,1.127,1.123,1.152,1.022,1.157,1.114,1.103,1.15,1.114,1.042,1.112,1.093,0.97,1.0063,,,,,,1.077,1.199,1.174,1.625,2.007,1.193,1.075,2.2391,1.276,1.099,1.161,1.281,1.193,1.176,1.675,1.364,1.334,1.23,1.577,1.199,0.997,1.506,1.122,1.8318,1.308,1.07,1.138,1.146,1.162,1.7031,1.6468,1.4915,1.104,0.991,1.084,1.1043
2015-02-02,1.071,1.061,1.066,,1.114,1.137,1.126,1.11,1.113,1.123,1.109,1.122,1.113,1.164,1.127,1.123,1.151,,1.131,1.115,1.103,1.151,1.113,1.041,,,,,,,,,,1.078,1.201,1.174,1.618,2.001,1.176,1.075,2.2369,1.274,1.1,1.16,1.281,1.193,1.175,1.663,1.35,1.333,1.229,1.522,1.199,1.004,1.5033,1.122,1.8271,1.304,1.071,,1.146,1.162,1.6939,1.6285,1.4848,1.103,,1.084,1.1042
2015-02-03,1.073,1.06,1.066,,1.114,,1.125,1.11,1.116,1.123,1.109,1.122,1.115,1.165,1.126,1.123,1.152,,1.141,1.113,1.103,1.151,1.113,1.041,,,,,,,,,,1.078,1.209,1.174,1.624,2.005,1.183,1.075,2.2391,1.275,1.099,1.16,1.281,1.193,1.176,1.669,1.358,1.334,1.228,1.554,1.199,1.006,1.505,1.123,1.8308,1.306,1.071,,1.145,1.162,1.6982,1.6434,1.4852,1.103,,1.085,1.1032
2015-02-04,1.072,1.061,1.067,,1.114,,1.126,1.11,1.115,1.123,1.109,1.122,1.115,1.167,1.126,1.122,1.152,,1.142,1.113,1.103,1.151,1.114,1.042,,,,,,,,,,1.077,1.209,1.176,1.62,2.004,1.179,1.075,2.2374,1.276,1.099,1.161,1.28,1.193,1.176,1.667,1.356,1.333,1.23,1.55,1.199,1.005,1.5051,1.121,1.8291,1.305,1.07,,1.145,1.162,1.6974,1.6358,1.4848,1.103,,1.084,1.1042
2015-02-05,1.072,1.06,1.067,,1.114,1.138,1.126,1.111,1.112,1.125,1.11,1.122,1.115,1.167,1.128,1.123,1.151,,1.139,1.114,1.103,1.153,1.114,1.044,,,,,,,,,,1.078,1.212,1.176,1.618,2.004,1.176,1.076,2.2379,1.276,1.101,1.166,1.281,1.193,1.177,1.665,1.355,1.333,1.23,1.543,1.2,1.005,1.5057,1.124,1.8308,1.307,1.072,,1.147,1.163,1.6982,1.6396,1.4849,1.104,,1.086,1.105
2015-02-06,1.07,1.061,1.067,1.103,1.115,1.138,1.127,1.116,1.111,1.125,1.111,1.122,1.113,1.165,1.128,1.124,1.151,1.023,1.131,1.114,1.104,1.153,1.113,1.046,1.11,1.101,0.963,1.0073,,,,,,1.081,1.204,1.177,1.616,2.003,1.168,1.076,2.237,1.275,1.102,1.167,1.282,1.194,1.177,1.663,1.35,1.333,1.231,1.513,1.201,1.006,1.5029,1.124,1.8309,1.307,1.072,1.139,1.148,1.163,1.6961,1.6365,1.4825,1.105,0.995,1.086,1.1054
2015-02-09,1.071,1.061,1.068,,1.116,1.14,1.128,1.112,1.111,1.126,1.111,1.123,1.114,1.165,1.13,1.125,1.152,,1.134,1.115,1.104,1.154,1.114,1.047,,,,,,,,,,1.082,1.204,1.178,1.62,2.005,1.167,1.077,2.2394,1.276,1.105,1.167,1.283,1.194,1.178,1.665,1.354,1.334,1.232,1.527,1.202,1.006,1.5041,1.125,1.8342,1.308,1.073,,1.149,1.164,1.6977,1.6455,1.4842,1.106,,1.087,1.105
2015-02-10,1.073,1.062,1.068,,1.116,1.138,1.128,1.113,1.111,1.126,1.112,1.124,1.115,1.166,1.13,1.125,1.153,,1.143,1.115,1.104,1.154,1.113,1.047,,,,,,,,,,1.081,1.207,1.178,1.623,2.007,1.171,1.077,2.2403,1.277,1.105,1.168,1.283,1.195,1.178,1.669,1.36,1.335,1.232,1.552,1.202,1.006,1.5064,1.125,1.8365,1.309,1.074,,1.15,1.164,1.6994,1.6542,1.4864,1.106,,1.087,1.1051
2015-02-11,1.073,1.062,1.068,,1.115,,1.128,1.113,1.111,1.127,1.113,1.124,1.116,1.166,1.132,1.126,1.154,,1.144,1.117,1.105,1.155,1.113,1.047,,,,,,,,,,1.083,1.211,1.179,1.625,2.008,1.174,1.078,2.241,1.277,1.106,1.168,1.285,1.195,1.179,1.671,1.362,1.335,1.232,1.553,1.203,1.007,1.5072,1.125,1.8373,1.31,1.074,,1.152,1.165,1.7011,1.6567,1.4878,1.108,,1.087,1.1056
2015-02-12,1.074,1.063,1.068,,1.117,,1.128,1.113,1.113,1.128,1.113,1.125,1.116,1.166,1.134,1.126,1.155,,1.148,1.117,1.105,1.155,1.114,1.045,,,,,,,,,,1.084,1.213,1.178,1.627,2.009,1.175,1.079,2.2421,1.278,1.106,1.168,1.286,1.197,1.179,1.672,1.364,1.336,1.232,1.563,1.203,1.008,1.5089,1.126,1.8392,1.311,1.074,,1.155,1.165,1.7024,1.6603,1.4885,1.105,,1.087,1.106
2015-02-13,1.077,1.063,1.069,1.104,1.118,1.142,1.129,1.114,1.115,1.131,1.114,1.125,1.117,1.169,1.135,1.127,1.154,1.026,1.155,1.118,1.106,1.156,1.118,1.047,1.114,1.1,0.984,1.0082,,,,,,1.086,1.217,1.177,1.632,2.012,1.179,1.08,2.2433,1.28,1.108,1.174,1.287,1.198,1.18,1.672,1.369,1.336,1.233,1.58,1.204,1.01,1.5109,1.127,1.8406,1.314,1.075,1.14,1.156,1.166,1.7053,1.6679,1.4906,1.105,0.999,1.089,1.1076
2015-02-16,1.079,1.066,1.069,,1.119,1.14,1.128,1.114,1.118,1.135,1.115,1.125,1.118,1.172,1.137,1.131,1.155,,1.158,1.115,1.108,1.157,1.121,1.048,,,,,,,,,,1.087,1.224,1.179,1.634,2.015,1.181,1.081,2.2436,1.282,1.107,1.178,1.289,1.198,1.181,1.675,1.371,1.336,1.232,1.59,1.205,1.011,1.5135,1.127,1.8424,1.318,1.075,,1.159,1.167,1.7076,1.6724,1.4925,1.103,,1.09,1.1085
2015-02-17,1.08,1.066,1.069,1.106,1.121,1.145,1.129,1.115,1.118,1.135,1.115,1.125,1.119,1.173,1.138,1.131,1.155,1.027,1.163,1.12,1.108,1.158,1.121,1.049,1.115,1.101,0.989,1.0088,,,,,,1.084,1.224,1.179,1.636,2.017,1.183,1.081,2.2449,1.283,1.11,1.178,1.29,1.198,1.181,1.677,1.375,1.34,1.234,1.596,1.204,1.013,1.5144,1.128,1.8431,1.319,1.076,1.14,1.16,1.167,1.7092,1.6778,1.493,1.1,,1.09,1.1106
2015-02-25,1.08,1.068,1.07,,1.122,,1.13,1.117,1.118,1.138,1.117,1.129,1.122,1.171,1.14,1.133,1.158,,1.158,1.121,1.108,1.159,1.122,1.05,,,,,,,,,,1.088,1.22,1.18,1.634,2.018,1.184,1.083,2.2479,1.284,1.111,1.18,1.292,1.2,1.184,1.674,1.376,1.343,1.236,1.587,1.209,1.016,1.5166,1.13,1.8431,1.32,1.078,,1.162,1.168,1.7085,1.6666,1.4942,1.103,,1.095,1.1127
2015-02-26,1.084,1.068,1.07,,1.123,,1.131,1.117,1.12,1.138,1.117,1.129,1.124,1.174,1.141,1.134,1.16,,1.162,1.122,1.11,1.159,1.123,1.051,,,,,,,,,,1.088,1.22,1.184,1.64,2.021,1.193,1.083,2.2493,1.285,1.111,1.18,1.292,1.2,1.185,1.68,1.378,1.344,1.238,1.627,1.209,1.02,1.5186,1.13,1.8437,1.32,1.079,,1.162,1.168,1.7102,1.6756,1.4967,1.103,,1.095,1.1124
2015-02-27,1.084,1.068,1.07,1.109,1.123,1.147,1.131,1.118,1.121,1.138,1.118,1.13,1.124,1.174,1.141,1.134,1.16,1.029,1.16,1.123,1.11,1.159,1.123,1.052,1.117,1.103,1.0,1.0102,,,,,,1.089,1.223,1.185,1.641,2.021,1.193,1.083,2.251,1.285,1.111,1.181,1.292,1.2,1.185,1.68,1.377,1.344,1.238,1.618,1.21,1.02,1.5194,1.13,1.8438,1.32,1.078,1.141,1.162,1.169,1.71,1.6731,1.4962,1.107,1.001,1.095,1.1103
2015-03-02,1.085,1.069,1.071,,1.124,1.147,1.131,1.118,1.123,1.138,1.119,1.131,1.125,1.175,1.142,1.136,1.161,,1.164,1.124,1.111,1.16,1.124,1.053,,,,,,,,,,1.089,1.227,1.185,1.64,2.022,1.196,1.084,2.2531,1.286,1.112,1.184,1.292,1.201,1.186,1.683,1.38,1.345,1.238,1.628,1.21,1.022,1.5201,1.13,1.8439,1.321,1.081,,1.162,1.169,1.711,1.6715,1.497,1.107,,1.095,1.1116
2015-03-03,1.083,1.069,1.071,,1.124,,1.131,1.118,1.126,1.137,1.117,1.131,1.128,1.174,1.14,1.135,1.161,,1.161,1.125,1.111,1.158,1.123,1.052,,,,,,,,,,1.091,1.228,1.185,1.631,2.021,1.199,1.083,2.2495,1.287,1.112,1.183,1.291,1.2,1.184,1.68,1.373,1.346,1.238,1.635,1.21,1.021,1.5185,1.129,1.8429,1.319,1.081,,1.16,1.168,1.7089,1.6635,1.4951,1.107,,1.094,1.1121
2015-03-04,1.083,1.069,1.071,,1.123,,1.132,1.118,1.127,1.138,1.117,1.132,1.127,1.174,1.141,1.137,1.161,,1.161,1.125,1.111,1.158,1.124,1.052,,,,,,,,,,1.091,1.231,1.185,1.631,2.021,1.199,1.082,2.2487,1.287,1.112,1.185,1.291,1.2,1.186,1.681,1.375,1.346,1.238,1.629,1.21,1.021,1.5185,1.129,1.8423,1.319,1.082,,1.159,1.168,1.7088,1.6596,1.4951,1.108,,1.094,1.1122
2015-03-05,1.081,1.069,1.071,,1.122,,1.132,1.117,1.124,1.137,1.117,1.132,1.127,1.175,1.141,1.138,1.161,,1.159,1.124,1.111,1.158,1.124,1.053,1.118,,,,,,,,,1.09,1.233,1.187,1.626,2.019,1.195,1.082,2.2465,1.287,1.113,1.186,1.29,1.2,1.186,1.677,1.372,1.346,1.238,1.625,1.211,1.021,1.5173,1.129,1.841,1.318,1.082,,1.158,1.168,1.7078,1.6494,1.4942,1.111,,1.094,1.1124
2015-03-06,1.08,1.07,1.071,1.11,1.122,1.148,1.132,1.117,1.122,1.136,1.116,1.132,1.127,1.176,1.14,1.137,1.161,1.029,1.155,1.125,1.112,1.158,1.125,1.052,1.118,1.103,0.999,1.0112,,,,,,1.089,1.227,1.183,1.626,2.018,1.193,1.081,2.2473,1.287,1.113,1.186,1.289,1.2,1.186,1.676,1.373,1.346,1.237,1.618,1.212,1.022,1.5164,1.129,1.8405,1.318,1.082,1.143,1.156,1.168,1.7079,1.6489,1.4932,1.111,1.001,1.094,1.1133
2015-03-09,1.082,1.07,1.072,,1.122,,1.132,1.117,1.122,1.136,1.116,1.132,1.127,1.177,1.14,1.139,1.161,,1.155,1.124,1.113,1.158,1.125,1.054,,,,,,,,,,1.089,1.231,1.184,1.633,2.019,1.194,1.081,2.2513,1.287,1.113,1.187,1.289,1.201,1.186,1.681,1.376,1.347,1.238,1.624,1.211,1.022,1.5177,1.128,1.8414,1.319,1.083,,1.157,1.168,1.7095,1.6615,1.4939,1.11,,1.094,1.1144
2015-03-10,1.083,1.07,1.072,,1.123,1.148,1.132,1.117,1.123,1.135,1.116,1.132,1.126,1.177,1.14,1.138,1.161,,1.152,1.124,1.113,1.157,1.124,1.053,,,,,,,,,,1.087,1.232,1.183,1.629,2.02,1.196,1.081,2.2493,1.287,1.113,1.187,1.288,1.2,1.188,1.682,1.374,1.347,1.238,1.642,1.211,1.023,1.5176,1.128,1.8407,1.318,1.083,,1.155,1.168,1.7089,1.6543,1.4934,1.11,,1.094,1.1156
2015-03-11,1.084,1.071,1.072,,1.124,1.148,1.133,1.117,1.122,1.136,1.116,1.132,1.127,1.178,1.141,1.139,1.162,,1.156,1.126,1.114,1.158,1.125,1.053,1.119,,,,,,,,,1.089,1.232,1.184,1.63,2.022,1.197,1.081,2.251,1.288,1.114,1.188,1.289,1.201,1.19,1.683,1.376,1.347,1.238,1.648,1.213,1.023,1.5186,1.129,1.8424,1.319,1.084,,1.157,1.169,1.7096,1.6615,1.4946,1.111,,1.095,1.1163
2015-03-12,1.086,1.072,1.072,,1.124,1.149,1.133,1.118,1.124,1.136,1.117,1.132,1.128,1.176,1.142,1.138,1.162,,1.168,1.126,1.114,1.159,1.125,1.053,1.12,,,,,,,,,1.093,1.231,1.184,1.638,2.025,1.201,1.082,2.2537,1.289,1.115,1.188,1.29,1.201,1.188,1.687,1.382,1.347,1.239,1.658,1.214,1.023,1.5196,1.127,1.8445,1.321,1.084,,1.158,1.169,1.7124,1.6781,1.4963,1.111,,1.095,1.1217
2015-03-13,1.086,1.071,1.072,1.112,1.124,1.148,1.135,1.118,1.125,1.136,1.117,1.136,1.128,1.178,1.142,1.14,1.162,1.03,1.171,1.126,1.114,1.159,1.128,1.056,1.122,1.11,1.003,1.0122,,,,,,1.094,1.236,1.185,1.638,2.024,1.2,1.082,2.2542,1.291,1.116,1.193,1.29,1.201,1.189,1.689,1.384,1.349,1.239,1.658,1.215,1.023,1.5197,1.127,1.8438,1.321,1.084,1.144,1.157,1.169,1.7134,1.6776,1.4961,1.11,1.002,1.095,1.1177
2015-03-16,1.089,1.071,1.073,,1.124,,1.135,1.118,1.128,1.136,1.117,1.135,1.128,1.178,1.142,1.14,1.163,,1.184,1.127,1.115,1.16,1.128,1.056,1.125,,,,,,,,,1.093,1.245,1.19,1.648,2.025,1.206,1.082,2.2556,1.293,1.117,1.193,1.29,1.201,1.189,1.697,1.389,1.349,1.241,1.687,1.215,1.024,1.5221,1.128,1.8451,1.323,1.084,,1.157,1.17,1.7206,1.6842,1.4985,1.109,,1.095,1.1203
2015-03-17,1.092,1.071,1.073,,1.123,1.149,1.135,1.118,1.13,1.136,1.117,1.135,1.128,1.179,1.142,1.14,1.164,,1.189,1.127,1.115,1.159,1.129,1.056,1.126,,,,,,,,,1.093,1.248,1.19,1.65,2.026,1.213,1.082,2.257,1.295,1.116,1.193,1.289,1.201,1.188,1.703,1.391,1.348,1.241,1.714,1.214,1.024,1.524,1.127,1.8454,1.323,1.084,,1.153,1.17,1.7252,1.6881,1.5008,1.119,,1.095,1.1201
2015-03-18,1.093,1.073,1.073,,1.123,1.149,1.135,1.118,1.131,1.133,1.115,1.134,1.13,1.179,1.141,1.14,1.164,,1.189,1.124,1.116,1.158,1.129,1.056,1.129,,,,,,,,,1.092,1.251,1.19,1.658,2.027,1.216,1.081,2.2592,1.295,1.119,1.193,1.288,1.2,1.187,1.706,1.392,1.348,1.24,1.72,1.214,1.023,1.5241,1.128,1.8452,1.323,1.085,,1.151,1.168,1.725,1.6941,1.5002,1.116,,1.095,1.1219
2015-03-19,1.092,1.078,1.073,,1.124,,1.135,1.117,1.135,1.134,1.115,1.135,1.132,1.179,1.142,1.14,1.164,,1.189,1.124,1.116,1.158,1.129,1.056,1.129,,,,,,,,,1.091,1.252,1.19,1.654,2.027,1.218,1.081,2.259,1.296,1.116,1.192,1.288,1.201,1.187,1.705,1.394,1.348,1.241,1.721,1.214,1.023,1.5244,1.127,1.8444,1.323,1.084,,1.151,1.168,1.7228,1.6851,1.5014,1.12,,1.095,1.1218
2015-03-20,1.093,1.078,1.073,1.112,1.125,1.148,1.135,1.117,1.135,1.133,1.115,1.134,1.133,1.18,1.142,1.139,1.164,1.031,1.19,1.125,1.117,1.158,1.13,1.056,1.13,1.117,1.003,1.0131,,,,,,1.091,1.253,1.19,1.66,2.029,1.219,1.081,2.2601,1.296,1.115,1.192,1.287,1.201,1.188,1.707,1.395,1.348,1.242,1.726,1.215,1.023,1.525,1.128,1.846,1.324,1.085,1.145,1.152,1.168,1.7259,1.6952,1.5027,1.119,1.004,1.095,1.1222
2015-03-23,1.095,1.079,1.073,,1.124,,1.135,1.117,1.137,1.134,1.116,1.135,1.133,1.181,1.143,1.141,1.164,,1.188,1.126,1.119,1.159,1.13,1.054,1.13,1.118,,,,,,,,1.092,1.258,1.191,1.661,2.029,1.221,1.081,2.2606,1.296,1.116,1.19,1.288,1.202,1.184,1.709,1.396,1.352,1.243,1.743,1.216,1.023,1.5256,1.128,1.8463,1.327,1.085,,1.153,1.169,1.7291,1.6975,1.5044,1.12,,1.095,1.1233
2015-03-24,1.095,1.078,1.074,,1.124,,1.134,1.117,1.139,1.134,1.116,1.135,1.133,1.18,1.141,1.141,1.161,,1.185,1.125,1.119,1.158,1.13,1.054,,1.118,,,,,,,,1.091,1.261,1.191,1.657,2.027,1.217,1.081,2.2598,1.296,1.115,1.19,1.287,1.201,1.186,1.705,1.394,1.352,1.243,1.728,1.216,1.023,1.5234,1.127,1.8445,1.327,1.085,,1.15,1.166,1.7248,1.6896,1.5033,1.119,,1.095,1.1225
2015-03-25,1.092,1.078,1.074,,1.123,,1.135,1.117,1.139,1.134,1.116,1.136,1.133,1.181,1.14,1.141,1.164,,1.181,1.125,1.119,1.158,1.131,1.054,,1.118,,,,,,,,1.091,1.264,1.192,1.653,2.024,1.209,1.08,2.2573,1.294,1.115,1.191,1.286,1.201,1.186,1.702,1.391,1.352,1.243,1.715,1.216,1.022,1.5212,1.127,1.8425,1.325,1.085,,1.148,1.166,1.7192,1.6757,1.5007,1.119,,1.095,1.1223
2015-03-26,1.09,1.076,1.074,,1.121,,1.135,1.115,1.132,1.133,1.115,1.135,1.133,1.18,1.139,1.139,1.163,,1.179,1.128,1.117,1.155,1.134,1.054,,1.117,,,,,,,,1.089,1.254,1.191,1.657,2.022,1.208,1.079,2.2583,1.293,1.115,1.191,1.284,1.199,1.183,1.702,1.39,1.351,1.242,1.712,1.215,1.021,1.521,1.126,1.8403,1.324,1.084,,1.142,1.166,1.7149,1.6709,1.4969,1.116,,1.091,1.1199
2015-03-27,1.09,1.076,1.074,1.113,1.119,1.148,1.136,1.114,1.131,1.133,1.115,1.134,1.132,1.178,1.137,1.138,1.162,1.03,1.177,1.124,1.117,1.153,1.131,1.054,1.128,1.117,0.98,1.0141,,,,,,1.088,1.253,1.191,1.654,2.02,1.208,1.078,2.2574,1.293,1.113,1.191,1.283,1.198,1.18,1.701,1.389,1.351,1.242,1.713,1.215,1.02,1.5196,1.125,1.8393,1.325,1.084,1.145,1.138,1.165,1.7145,1.6704,1.4964,1.115,1.001,1.09,1.1189
2015-03-30,1.092,1.075,1.074,,1.118,,1.135,1.11,1.132,1.132,1.114,1.134,1.132,1.179,1.136,1.138,1.163,,1.178,1.125,1.118,1.152,1.132,1.054,,1.118,,,,,,,,1.079,1.25,1.191,1.664,2.02,1.214,1.077,2.2595,1.295,1.113,1.19,1.281,1.198,1.177,1.707,1.392,1.351,1.243,1.718,1.215,1.019,1.5199,1.125,1.8385,1.324,1.084,,1.135,1.165,1.7171,1.6798,1.4972,1.117,,1.09,1.1216
2015-03-31,1.089,1.073,1.074,,1.115,,1.135,1.109,1.131,1.131,1.114,1.133,1.131,1.179,1.132,1.136,1.161,,1.174,1.125,1.118,1.149,1.131,1.053,,1.117,,,,,,,,1.077,1.252,1.191,1.657,2.018,1.21,1.076,2.2569,1.293,1.113,1.189,1.279,1.197,1.174,1.702,1.388,1.35,1.243,1.709,1.214,1.017,1.5168,1.123,1.8349,1.322,1.083,,1.128,1.165,1.7126,1.6669,1.4939,1.116,,1.088,1.1203
2015-04-01,1.091,1.072,1.074,1.112,1.116,,1.134,1.108,1.133,1.132,1.114,1.132,1.129,1.177,1.134,1.136,1.16,,1.185,1.126,1.118,1.149,1.13,1.053,,,,,,,,,,1.077,1.259,1.19,1.659,2.021,1.214,1.076,2.2566,1.294,1.11,1.188,1.28,1.197,1.173,1.707,1.396,1.349,1.243,1.717,1.213,1.018,1.519,1.123,1.8367,1.324,1.083,,1.13,1.163,1.7165,1.6744,1.4961,1.116,,1.088,1.119
2015-04-02,1.092,1.074,1.074,,1.117,,1.135,1.109,1.138,1.133,1.114,1.133,1.13,1.177,1.136,1.137,1.161,,1.184,1.127,1.119,1.15,1.131,1.053,,,,,,,,,,1.078,1.266,1.191,1.658,2.023,1.218,1.078,2.2575,1.294,1.111,1.189,1.282,1.198,1.175,1.71,1.395,1.35,1.243,1.727,1.214,1.019,1.5215,1.125,1.8389,1.325,1.083,,1.135,1.165,1.7211,1.6764,1.4975,1.117,,1.09,1.1202
2015-04-03,1.093,1.073,1.074,1.114,1.117,1.147,1.135,1.109,1.137,1.133,1.114,1.134,1.13,1.178,1.136,1.137,1.161,1.031,1.188,1.127,1.119,1.151,1.132,1.053,1.128,1.115,0.976,1.0151,,,,,,1.078,1.27,1.191,1.66,2.024,1.218,1.078,2.2572,1.295,1.111,1.19,1.282,1.198,1.176,1.712,1.4,1.35,1.243,1.729,1.215,1.019,1.5221,1.125,1.8386,1.325,1.082,1.146,1.134,1.164,1.725,1.678,1.4986,1.116,1.0,1.09,1.1207
2015-04-07,1.096,1.073,1.075,,1.117,1.146,1.134,1.109,1.135,1.134,1.114,1.133,1.129,1.177,1.136,1.137,1.161,,1.186,1.126,1.119,1.151,1.13,1.052,,,,,,,,,,1.077,1.273,1.19,1.666,2.025,1.224,1.078,2.2595,1.295,1.11,1.189,1.283,1.198,1.174,1.715,1.397,1.35,1.243,1.735,1.214,1.021,1.5245,1.125,1.8383,1.326,1.082,,1.135,1.165,1.7271,1.678,1.4987,1.114,,1.09,1.1196
2015-04-08,1.095,1.071,1.075,,1.117,,1.134,1.108,1.133,1.133,1.114,1.133,1.129,1.178,1.136,1.137,1.16,,1.182,1.127,1.12,1.151,1.13,1.053,,,,,,,,,,1.077,1.27,1.19,1.668,2.024,1.222,1.078,2.2603,1.294,1.109,1.189,1.282,1.198,1.174,1.716,1.393,1.349,1.243,1.73,1.214,1.021,1.5236,1.125,1.8376,1.325,1.082,,1.133,1.164,1.7232,1.6726,1.496,1.112,,1.088,1.1194
2015-04-09,1.094,1.071,1.076,,1.117,1.146,1.134,1.108,1.129,1.134,1.115,1.133,1.128,1.178,1.136,1.137,1.157,,1.176,1.127,1.12,1.151,1.13,1.053,,,,,,,,,,1.078,1.264,1.19,1.667,2.022,1.218,1.079,2.2605,1.293,1.11,1.188,1.283,1.199,1.175,1.711,1.388,1.349,1.243,1.722,1.215,1.021,1.5231,1.125,1.8382,1.325,1.083,,1.136,1.165,1.7185,1.6646,1.494,1.111,,1.089,1.1203
2015-04-10,1.096,1.072,1.076,1.115,1.119,1.147,1.134,1.109,1.131,1.134,1.116,1.134,1.131,1.179,1.137,1.138,1.159,1.032,1.179,1.128,1.121,1.151,1.132,1.053,1.127,1.12,0.976,1.0161,,,,,,1.079,1.27,1.191,1.677,2.026,1.224,1.079,2.2633,1.294,1.11,1.189,1.284,1.199,1.176,1.717,1.391,1.35,1.244,1.729,1.215,1.022,1.525,1.126,1.8394,1.326,1.083,1.147,1.138,1.165,1.723,1.672,1.496,1.113,1.001,1.091,1.1217
2015-04-13,1.099,1.073,1.077,,1.12,1.148,1.136,1.11,1.134,1.135,1.116,1.134,1.132,1.181,1.139,1.139,1.161,,1.183,1.129,1.122,1.153,1.133,1.054,,,,,,,,,,1.081,1.277,1.191,1.684,2.029,1.227,1.08,2.2677,1.295,1.111,1.191,1.285,1.2,1.178,1.72,1.395,1.351,1.245,1.739,1.216,1.023,1.5275,1.127,1.8408,1.327,1.084,,1.14,1.166,1.7272,1.6788,1.4985,1.113,,1.094,1.1228
2015-04-14,1.099,1.074,1.077,,1.12,1.148,1.136,1.111,1.136,1.136,1.117,1.135,1.133,1.181,1.14,1.14,1.162,,1.187,1.13,1.123,1.154,1.134,1.055,,,0.98,,,,,,,1.081,1.275,1.192,1.682,2.03,1.227,1.081,2.2668,1.295,1.112,1.192,1.286,1.201,1.18,1.721,1.399,1.351,1.245,1.735,1.217,1.024,1.5283,1.128,1.8413,1.327,1.085,,1.143,1.168,1.7251,1.6762,1.4994,1.115,,1.095,1.1235
2015-04-15,1.1,1.077,1.077,,1.121,1.146,1.137,1.112,1.135,1.138,1.118,1.135,1.135,1.181,1.143,1.14,1.161,,1.181,1.13,1.123,1.155,1.135,1.055,,,0.985,,,,,,,1.084,1.262,1.192,1.689,2.03,1.226,1.083,2.266,1.296,1.112,1.193,1.289,1.202,1.182,1.716,1.392,1.352,1.245,1.731,1.217,1.026,1.5296,1.129,1.8434,1.328,1.086,,1.148,1.169,1.7208,1.6772,1.4996,1.114,,1.098,1.1259
2015-04-16,1.104,1.078,1.077,,1.122,,1.138,1.112,1.142,1.139,1.119,1.136,1.136,1.183,1.145,1.141,1.163,,1.184,1.131,1.124,1.156,1.138,1.056,,,,,,,,,,1.084,1.268,1.192,1.703,2.035,1.238,1.084,2.2714,1.297,1.113,1.193,1.29,1.203,1.184,1.727,1.397,1.353,1.246,1.734,1.217,1.026,1.5328,1.13,1.8448,1.33,1.087,,1.151,1.17,1.7268,1.6905,1.5014,1.116,,1.1,1.1268
2015-04-17,1.109,1.079,1.078,1.119,1.123,1.148,1.139,1.114,1.145,1.139,1.119,1.136,1.138,1.184,1.145,1.142,1.167,1.035,1.19,1.131,1.125,1.157,1.139,1.057,1.133,1.124,0.988,1.017,,,,,,1.086,1.273,1.193,1.704,2.04,1.241,1.084,2.2796,1.298,1.113,1.194,1.291,1.204,1.185,1.733,1.402,1.354,1.247,1.737,1.219,1.027,1.5362,1.131,1.8453,1.332,1.087,1.148,1.151,1.171,1.7399,1.7049,1.5047,1.119,1.007,1.102,1.1287
2015-04-20,1.11,1.084,1.079,,1.126,,1.14,1.117,1.148,1.141,1.121,1.138,1.14,1.186,1.151,1.146,1.168,,1.189,1.133,1.126,1.16,1.144,1.059,,,,,,,,,,1.089,1.273,1.197,1.7,2.042,1.241,1.087,2.2791,1.299,1.115,1.196,1.295,1.206,1.189,1.732,1.4,1.357,1.248,1.745,1.222,1.031,1.5389,1.134,1.848,1.335,1.091,,1.161,1.175,1.7382,1.7009,1.5067,1.121,,1.107,1.131
2015-04-21,1.114,1.086,1.079,,1.128,1.151,1.141,1.119,1.153,1.144,1.123,1.139,1.143,1.188,1.153,1.147,1.173,,1.191,1.134,1.128,1.162,1.147,1.06,,,,,,,,,,1.091,1.288,1.198,1.706,2.049,1.248,1.089,2.287,1.3,1.116,1.198,1.297,1.207,1.193,1.737,1.403,1.358,1.249,1.749,1.224,1.033,1.5435,1.136,1.8507,1.338,1.093,,1.166,1.179,1.749,1.7161,1.511,1.122,,1.11,1.1331
2015-04-22,1.118,1.086,1.08,,1.129,,1.141,1.12,1.154,1.144,1.124,1.14,1.144,1.19,1.154,1.148,1.179,,1.202,1.136,1.129,1.162,1.147,1.061,,,,,,,,,,1.091,1.305,1.198,1.71,2.053,1.252,1.09,2.2976,1.301,1.116,1.199,1.297,1.207,1.195,1.744,1.414,1.359,1.25,1.75,1.225,1.033,1.5464,1.137,1.8514,1.339,1.094,,1.165,1.179,1.7652,1.7291,1.5199,1.123,,1.11,1.1335
2015-04-23,1.118,1.085,1.08,,1.128,,1.141,1.12,1.152,1.144,1.125,1.141,1.144,1.191,1.154,1.148,1.181,,1.203,1.136,1.13,1.162,1.147,1.062,,,,,,,,,,1.096,1.312,1.199,1.706,2.055,1.257,1.09,2.3002,1.302,1.117,1.199,1.297,1.207,1.197,1.743,1.417,1.36,1.249,1.748,1.225,1.033,1.5469,1.137,1.8507,1.339,1.094,,1.163,1.181,1.7686,1.7263,1.5196,1.126,,1.112,1.1343
2015-04-24,1.117,1.085,1.08,1.125,1.129,1.153,1.142,1.119,1.155,1.143,1.125,1.141,1.144,1.192,1.153,1.148,1.178,1.04,1.203,1.136,1.13,1.162,1.145,1.062,1.14,1.131,0.993,1.018,,,,,,1.096,1.312,1.2,1.698,2.052,1.252,1.09,2.2971,1.302,1.117,1.199,1.296,1.207,1.196,1.739,1.416,1.36,1.248,1.748,1.226,1.033,1.5479,1.137,1.8501,1.338,1.094,1.149,1.161,1.18,1.7681,1.7152,1.5177,1.125,1.013,1.111,1.1346
2015-04-27,1.121,1.087,1.08,,1.131,1.154,1.143,1.122,1.156,1.145,1.127,1.144,1.146,1.193,1.154,1.149,1.181,,1.21,1.138,1.132,1.163,1.147,1.063,,,,,,,,,,1.097,1.318,1.2,1.705,2.057,1.254,1.09,2.3054,1.302,1.118,1.202,1.297,1.209,1.197,1.742,1.421,1.361,1.25,1.749,1.227,1.035,1.553,1.138,1.8512,1.339,1.095,,1.162,1.182,1.7722,1.7227,1.5218,1.131,,1.114,1.1367
2015-04-28,1.121,1.088,1.08,,1.131,1.155,1.143,1.122,1.15,1.146,1.128,1.145,1.147,1.194,1.156,1.15,1.175,,1.207,1.139,1.132,1.163,1.147,1.063,,,,,,,,,,1.098,1.314,1.201,1.709,2.055,1.249,1.091,2.298,1.303,1.118,1.203,1.299,1.21,1.196,1.74,1.42,1.362,1.25,1.746,1.228,1.036,1.5541,1.138,1.8513,1.341,1.096,,1.163,1.182,1.7598,1.7181,1.5175,1.131,,1.114,1.1379
2015-04-29,1.121,1.089,1.081,,1.131,1.156,1.143,1.123,1.151,1.146,1.129,1.146,1.147,1.195,1.157,1.151,1.177,,1.209,1.14,1.133,1.164,1.148,1.064,,,,,,,,,,1.1,1.328,1.202,1.711,2.057,1.253,1.092,2.2997,1.304,1.119,1.204,1.3,1.21,1.198,1.744,1.421,1.363,1.25,1.747,1.23,1.037,1.5537,1.139,1.8519,1.342,1.097,,1.163,1.182,1.7662,1.7195,1.5197,1.132,,1.114,1.1384
2015-04-30,1.121,1.09,1.081,1.129,1.132,1.156,1.143,1.124,1.153,1.147,1.129,1.147,1.148,1.196,1.157,1.152,1.178,1.042,1.211,1.14,1.133,1.165,1.149,1.064,1.144,1.136,0.997,1.0189,,,,,,1.101,1.336,1.202,1.712,2.057,1.253,1.093,2.3019,1.304,1.12,1.204,1.3,1.211,1.2,1.745,1.421,1.363,1.251,1.748,1.23,1.039,1.5537,1.14,1.8524,1.342,1.097,1.149,1.165,1.183,1.7648,1.719,1.5217,1.133,,1.116,1.1391
2015-05-04,1.122,1.09,1.081,,1.133,,1.144,1.125,1.153,1.148,1.13,1.147,1.148,1.197,1.159,1.153,1.182,,1.211,1.141,1.134,1.165,1.149,1.066,,,,,,,,,,1.105,1.334,1.202,1.715,2.058,1.255,1.094,2.3095,1.305,1.12,1.205,1.302,1.211,1.202,1.747,1.421,1.364,1.251,1.75,1.231,1.04,1.5564,1.141,1.8527,1.343,1.097,,1.167,1.183,1.766,1.7198,1.523,1.134,,1.115,1.139
2015-05-05,1.116,1.09,1.082,,1.133,,1.144,1.125,1.143,1.148,1.13,1.147,1.148,1.197,1.159,1.153,1.174,,1.21,1.141,1.134,1.165,1.148,1.066,,,,,,,,,,1.106,1.318,1.203,1.704,2.051,1.247,1.094,2.2952,1.305,1.12,1.205,1.302,1.211,1.203,1.741,1.421,1.365,1.25,1.746,1.232,1.04,1.5537,1.141,1.8519,1.341,1.098,,1.167,1.183,1.7465,1.6977,1.5185,1.134,,1.114,1.1392
2015-05-06,1.114,1.09,1.081,,1.133,,1.145,1.125,1.144,1.149,1.131,1.149,1.146,1.198,1.159,1.154,1.17,,1.209,1.141,1.134,1.165,1.146,1.066,,,,,,,,,,1.107,1.315,1.203,1.708,2.05,1.25,1.095,2.2878,1.305,1.121,1.206,1.302,1.212,1.203,1.739,1.42,1.365,1.25,1.742,1.232,1.042,1.5529,1.141,1.8522,1.341,1.098,,1.167,1.182,1.742,1.695,1.5162,1.134,,1.114,1.1391
2015-05-07,1.114,1.09,1.081,,1.133,,1.145,1.126,1.143,1.149,1.132,1.149,1.147,1.199,1.161,1.156,1.164,,1.212,1.142,1.135,1.165,1.148,1.068,,,,,,,,,,1.108,1.312,1.204,1.707,2.048,1.25,1.096,2.2822,1.305,1.122,1.207,1.303,1.212,1.205,1.738,1.424,1.366,1.251,1.74,1.233,1.044,1.5522,1.142,1.8529,1.342,1.1,,1.169,1.184,1.7399,1.6908,1.5173,1.135,,1.115,1.1378
2015-05-08,1.116,1.094,1.081,1.133,1.135,1.16,1.146,1.128,1.145,1.151,1.133,1.15,1.149,1.2,1.163,1.157,1.167,1.046,1.212,1.143,1.136,1.167,1.15,1.069,1.145,1.141,1.003,1.02,,,,,,1.109,1.326,1.204,1.711,2.052,1.253,1.097,2.2877,1.306,1.123,1.208,1.304,1.213,1.208,1.743,1.424,1.368,1.251,1.745,1.233,1.046,1.5553,1.143,1.8536,1.343,1.102,1.15,1.172,1.186,1.7453,1.6944,1.5189,1.14,1.025,1.117,1.1388
2015-05-11,1.121,1.095,1.082,,1.137,,1.148,1.129,1.147,1.152,1.134,1.152,1.152,1.202,1.165,1.158,1.172,,1.22,1.146,1.138,1.168,1.151,1.07,,,,,,,,,,1.111,1.345,1.205,1.716,2.058,1.258,1.099,2.296,1.309,1.124,1.21,1.306,1.213,1.211,1.755,1.435,1.369,1.253,1.754,1.234,1.047,1.5578,1.144,1.8545,1.345,1.102,1.15,1.174,1.188,1.7615,1.7022,1.5225,1.141,,1.118,1.139
2015-05-12,1.124,1.097,1.083,,1.138,,1.148,1.13,1.152,1.153,1.136,1.154,1.153,1.204,1.167,1.159,1.173,,1.233,1.148,1.139,1.168,1.152,1.071,,,,,,,,,,1.112,1.356,1.206,1.719,2.061,1.26,1.1,2.2997,1.31,1.125,1.211,1.308,1.214,1.213,1.761,1.448,1.37,1.253,1.763,1.235,1.049,1.5599,1.145,1.8561,1.347,1.104,,1.177,1.191,1.7763,1.7136,1.5271,1.142,,1.118,1.1407
2015-05-13,1.125,1.1,1.084,,1.14,,1.149,1.132,1.155,1.155,1.137,1.155,1.156,1.204,1.169,1.161,1.17,,1.231,1.151,1.141,1.171,1.155,1.072,,,,,,,,,,1.113,1.351,1.207,1.717,2.065,1.262,1.101,2.3014,1.31,1.126,1.212,1.309,1.214,1.216,1.76,1.447,1.371,1.254,1.765,1.236,1.052,1.56,1.146,1.8569,1.348,1.105,,1.181,1.196,1.7734,1.7136,1.5267,1.144,,1.119,1.1418
2015-05-14,1.127,1.102,1.086,,1.142,,1.151,1.135,1.157,1.158,1.139,1.156,1.159,1.207,1.173,1.164,1.175,,1.236,1.153,1.142,1.174,1.159,1.074,,,,,,,,,,1.115,1.348,1.208,1.72,2.068,1.264,1.104,2.3027,1.312,1.128,1.214,1.313,1.214,1.222,1.761,1.45,1.374,1.255,1.775,1.239,1.057,1.5639,1.148,1.8593,1.351,1.108,,1.187,1.2,1.7803,1.7195,1.5329,1.148,,1.122,1.1434
2015-05-15,1.126,1.104,1.086,1.14,1.143,1.17,1.153,1.136,1.157,1.158,1.14,1.157,1.16,1.208,1.174,1.166,1.172,1.051,1.236,1.154,1.143,1.174,1.16,1.075,1.158,1.149,1.01,1.021,,,,,,1.117,1.346,1.209,1.718,2.066,1.265,1.105,2.3007,1.313,1.129,1.218,1.314,1.214,1.224,1.758,1.451,1.375,1.255,1.771,1.239,1.057,1.5627,1.149,1.8597,1.352,1.109,1.152,1.191,1.2,1.7794,1.716,1.534,1.15,1.034,1.123,1.1448
2015-05-18,1.126,1.104,1.086,,1.143,,1.153,1.137,1.155,1.159,1.141,1.158,1.162,1.206,1.177,1.166,1.164,,1.231,1.158,1.144,1.174,1.16,1.075,,1.15,,,,,,,,1.117,1.355,1.211,1.715,2.063,1.265,1.106,2.2987,1.314,1.131,1.224,1.316,1.215,1.226,1.758,1.451,1.376,1.256,1.766,1.241,1.059,1.5622,1.149,1.8594,1.353,1.109,,1.194,1.199,1.7792,1.706,1.5369,1.15,,1.123,1.1476
2015-05-19,1.13,1.102,1.086,,1.143,,1.153,1.137,1.157,1.159,1.141,1.158,1.162,1.209,1.176,1.166,1.175,,1.238,1.158,1.146,1.171,1.159,1.075,,1.151,,,,,,,,1.116,1.357,1.211,1.721,2.068,1.266,1.106,2.3052,1.316,1.131,1.224,1.315,1.214,1.227,1.765,1.454,1.377,1.257,1.775,1.241,1.057,1.563,1.149,1.8598,1.353,1.109,,1.192,1.196,1.7878,1.7155,1.5367,1.15,,1.122,1.1478
2015-05-20,1.134,1.102,1.086,,1.143,1.171,1.153,1.137,1.162,1.158,1.141,1.158,1.162,1.211,1.176,1.166,1.176,,1.237,1.158,1.146,1.172,1.16,1.075,,1.151,,,,,,,,1.117,1.362,1.212,1.722,2.073,1.27,1.106,2.3096,1.317,1.131,1.224,1.315,1.214,1.23,1.765,1.454,1.377,1.258,1.78,1.245,1.057,1.5633,1.149,1.86,1.353,1.11,,1.193,1.196,1.7996,1.7238,1.5377,1.149,,1.122,1.1471
2015-05-21,1.139,1.102,1.087,,1.143,1.171,1.153,1.137,1.166,1.159,1.141,1.158,1.162,1.213,1.177,1.166,1.184,,1.24,1.159,1.147,1.171,1.16,1.076,,1.152,,,,,,,,1.118,1.368,1.213,1.725,2.076,1.272,1.107,2.3156,1.318,1.131,1.224,1.315,1.215,1.231,1.774,1.455,1.377,1.26,1.796,1.245,1.056,1.5643,1.149,1.8606,1.355,1.11,,1.194,1.195,1.8177,1.7352,1.5403,1.15,,1.122,1.1469
2015-05-22,1.143,1.103,1.087,1.142,1.144,1.171,1.154,1.137,1.17,1.159,1.142,1.159,1.162,1.215,1.177,1.167,1.19,1.052,1.244,1.159,1.149,1.172,1.161,1.076,1.166,1.153,1.013,1.0219,,,,,,1.119,1.373,1.213,1.733,2.083,1.276,1.107,2.3229,1.32,1.131,1.225,1.316,1.215,1.234,1.777,1.457,1.378,1.263,1.807,1.246,1.057,1.5664,1.149,1.8615,1.356,1.111,1.153,1.194,1.195,1.8294,1.7517,1.5416,1.15,1.04,1.122,1.1482
2015-05-25,1.149,1.103,1.088,,1.144,,1.154,1.137,1.181,1.159,1.142,1.159,1.163,1.218,1.178,1.168,1.202,,1.249,1.161,1.153,1.171,1.161,1.077,,1.154,,,,,,,,1.12,1.378,1.213,1.738,2.09,1.281,1.108,2.3369,1.321,1.131,1.225,1.316,1.215,1.235,1.786,1.459,1.38,1.269,1.828,1.247,1.057,1.5698,1.149,1.8629,1.358,1.111,,1.194,1.195,1.8597,1.7741,1.5468,1.151,,1.122,1.1491
2015-05-26,1.151,1.101,1.087,,1.143,,1.154,1.136,1.184,1.158,1.141,1.159,1.162,1.218,1.177,1.167,1.208,,1.251,1.162,1.153,1.168,1.157,1.078,,1.153,,,,,,,,1.12,1.392,1.213,1.739,2.091,1.283,1.107,2.3403,1.323,1.131,1.225,1.315,1.215,1.234,1.789,1.459,1.38,1.27,1.848,1.247,1.056,1.5703,1.148,1.8626,1.358,1.111,,1.194,1.195,1.8815,1.7838,1.5509,1.151,,1.119,1.15
2015-05-27,1.152,1.101,1.086,,1.143,,1.154,1.136,1.187,1.158,1.141,1.159,1.162,1.218,1.176,1.166,1.21,,1.249,1.161,1.154,1.167,1.157,1.078,,1.152,,,,,,,,1.119,1.391,1.213,1.735,2.093,1.284,1.106,2.3457,1.322,1.131,1.227,1.314,1.215,1.233,1.785,1.458,1.381,1.278,1.847,1.246,1.057,1.5713,1.148,1.8618,1.357,1.11,,1.192,1.195,1.8793,1.7836,1.5492,1.151,,1.118,1.15
2015-05-28,1.141,1.101,1.085,,1.142,,1.154,1.135,1.176,1.157,1.14,1.159,1.162,1.218,1.174,1.166,1.194,,1.241,1.16,1.152,1.165,1.155,1.078,,1.151,,,,,,,,1.118,1.372,1.214,1.718,2.081,1.278,1.104,2.3362,1.321,1.13,1.226,1.311,1.215,1.231,1.775,1.454,1.381,1.276,1.802,1.245,1.057,1.5643,1.148,1.8584,1.352,1.109,,1.189,1.193,1.8419,1.7497,1.5433,1.15,,1.117,1.1519
2015-05-29,1.142,1.1,1.086,1.142,1.142,1.173,1.153,1.133,1.179,1.156,1.139,1.158,1.161,1.218,1.173,1.165,1.197,1.051,1.241,1.159,1.152,1.165,1.155,1.078,1.171,1.15,1.013,1.0229,,,,,,1.117,1.378,1.214,1.717,2.083,1.279,1.103,2.3444,1.32,1.13,1.226,1.31,1.215,1.23,1.774,1.453,1.382,1.281,1.81,1.246,1.057,1.5627,1.147,1.8582,1.351,1.109,1.154,1.184,1.192,1.8517,1.757,1.544,1.149,1.039,1.116,1.1541
2015-06-01,1.151,1.1,1.085,,1.141,,1.154,1.133,1.184,1.156,1.14,1.158,1.161,1.219,1.173,1.165,1.217,,1.246,1.16,1.154,1.163,1.153,1.079,,1.15,,,,,,,,1.117,1.396,1.213,1.723,2.09,1.287,1.103,2.3594,1.322,1.133,1.226,1.31,1.215,1.229,1.781,1.456,1.384,1.291,1.859,1.246,1.057,1.5661,1.148,1.8602,1.354,1.109,,1.184,1.191,1.8951,1.7875,1.5501,1.149,,1.115,1.1546
2015-06-02,1.157,1.102,1.086,,1.142,,1.154,1.134,1.194,1.156,1.141,1.159,1.162,1.219,1.174,1.166,1.229,,1.246,1.16,1.156,1.165,1.157,1.079,,1.151,,,,,,,,1.118,1.409,1.214,1.724,2.099,1.291,1.104,2.3747,1.323,1.133,1.226,1.311,1.215,1.23,1.784,1.455,1.387,1.298,1.87,1.248,1.058,1.5671,1.149,1.8614,1.355,1.109,,1.185,1.192,1.9091,1.8027,1.5511,1.15,,1.117,1.1558
2015-06-03,1.155,1.102,1.086,,1.143,,1.154,1.135,1.192,1.156,1.141,1.159,1.163,1.22,1.175,1.166,1.225,,1.246,1.16,1.156,1.166,1.159,1.079,,,,,,,,,,1.119,1.414,1.214,1.724,2.098,1.289,1.105,2.3677,1.323,1.132,1.227,1.311,1.216,1.231,1.783,1.456,1.386,1.29,1.859,1.248,1.058,1.5668,1.149,1.8613,1.355,1.11,,1.186,1.192,1.8978,1.7987,1.5497,1.15,,1.117,1.157
2015-06-04,1.156,1.102,1.086,,1.143,,1.154,1.136,1.19,1.157,1.142,1.16,1.163,1.22,1.175,1.167,1.224,,1.247,1.161,1.155,1.167,1.158,1.08,,,,,,,,,,1.119,1.415,1.214,1.731,2.097,1.293,1.105,2.3666,1.323,1.133,1.227,1.312,1.216,1.231,1.785,1.457,1.385,1.289,1.86,1.249,1.058,1.5689,1.149,1.8621,1.355,1.11,,1.187,1.192,1.8991,1.7921,1.5494,1.151,,1.119,1.1578
2015-06-05,1.158,1.103,1.087,1.144,1.144,1.177,1.155,1.136,1.192,1.157,1.142,1.16,1.163,1.22,1.176,1.168,1.228,1.054,1.247,1.161,1.156,1.168,1.161,1.08,1.177,1.153,1.017,1.0239,,,,,,1.12,1.408,1.215,1.732,2.1,1.297,1.105,2.3692,1.324,1.134,1.227,1.312,1.217,1.233,1.787,1.457,1.386,1.291,1.865,1.249,1.059,1.5709,1.15,1.8621,1.354,1.111,1.155,1.188,1.192,1.903,1.7924,1.5492,1.151,1.041,1.12,1.1587
2015-06-08,1.159,1.103,1.087,,1.144,,1.155,1.136,1.192,1.157,1.142,1.16,1.163,1.221,1.176,1.168,1.236,,1.252,1.162,1.157,1.168,1.161,1.08,,1.153,,,,,,,,1.119,1.399,1.214,1.745,2.102,1.297,1.106,2.3745,1.324,1.133,1.228,1.313,1.217,1.233,1.791,1.46,1.387,1.294,1.874,1.249,1.058,1.5733,1.15,1.8635,1.357,1.111,,1.189,1.193,1.9053,1.7969,1.5495,1.151,,1.12,1.1574
2015-06-09,1.16,1.103,1.086,,1.144,,1.155,1.137,1.195,1.158,1.143,1.16,1.164,1.222,1.177,1.168,1.239,,1.25,1.162,1.157,1.169,1.162,1.08,,,,,1.0,,,,,1.118,1.398,1.214,1.737,2.104,1.296,1.106,2.3808,1.324,1.133,1.228,1.313,1.217,1.233,1.792,1.459,1.39,1.291,1.867,1.249,1.058,1.5724,1.15,1.8616,1.355,1.111,,1.19,1.193,1.9133,1.8002,1.5506,1.152,,1.12,1.1573
2015-06-10,1.161,1.103,1.085,,1.144,,1.155,1.137,1.197,1.158,1.143,1.16,1.164,1.222,1.177,1.168,1.232,,1.249,1.161,1.158,1.168,1.16,1.08,,,,,,1.0,1.0,1.0,,1.118,1.402,1.214,1.732,2.104,1.295,1.106,2.3768,1.323,1.134,1.228,1.313,1.217,1.232,1.789,1.458,1.388,1.289,1.859,1.249,1.058,1.5706,1.15,1.8609,1.354,1.111,,1.19,1.193,1.9034,1.7965,1.5476,1.152,,1.119,1.1577
2015-06-11,1.162,1.103,1.086,,1.144,,1.155,1.136,1.199,1.158,1.143,1.16,1.164,1.222,1.176,1.168,1.228,,1.248,1.16,1.159,1.168,1.16,1.08,,1.154,,,,,,,,1.118,1.405,1.214,1.734,2.102,1.297,1.106,2.3726,1.323,1.134,1.229,1.313,1.217,1.231,1.79,1.457,1.387,1.289,1.853,1.249,1.057,1.5709,1.15,1.8601,1.352,1.112,,1.19,1.193,1.8954,1.7916,1.5458,1.152,,1.119,1.1571
2015-06-12,1.164,1.103,1.085,1.144,1.143,1.177,1.155,1.136,1.202,1.157,1.142,1.161,1.163,1.222,1.176,1.168,1.231,1.053,1.249,1.161,1.159,1.167,1.159,1.081,1.174,1.154,1.013,1.0249,0.991,0.996,1.0,1.0,,1.118,1.405,1.214,1.735,2.104,1.298,1.106,2.3773,1.323,1.134,1.229,1.313,1.216,1.232,1.792,1.458,1.387,1.29,1.856,1.249,1.057,1.5715,1.15,1.8601,1.353,1.111,1.156,1.19,1.193,1.9062,1.7971,1.5456,1.152,1.041,1.118,1.1567
2015-06-15,1.168,1.103,1.085,,1.143,1.177,1.155,1.136,1.213,1.157,1.142,1.161,1.164,1.223,1.176,1.168,1.227,,1.245,1.16,1.158,1.166,1.157,1.081,,,,,,,,,,1.123,1.394,1.214,1.726,2.105,1.301,1.106,2.3689,1.323,1.134,1.229,1.313,1.216,1.231,1.789,1.455,1.386,1.288,1.84,1.249,1.057,1.5716,1.15,1.8595,1.35,1.111,,1.189,1.193,1.9151,1.7974,1.5456,1.151,,1.117,1.1568
2015-06-16,1.162,1.104,1.087,,1.143,1.177,1.156,1.137,1.204,1.157,1.142,1.162,1.164,1.222,1.176,1.167,1.221,,1.243,1.16,1.157,1.167,1.158,1.081,,,,1.0254,,,,,,1.123,1.383,1.215,1.724,2.1,1.297,1.106,2.3541,1.322,1.135,1.229,1.313,1.216,1.231,1.787,1.454,1.385,1.28,1.824,1.249,1.057,1.5682,1.15,1.8594,1.348,1.111,,1.19,1.193,1.8884,1.7713,1.5451,1.153,,1.119,1.1571
2015-06-17,1.161,1.104,1.085,,1.144,,1.156,1.136,1.203,1.157,1.141,1.162,1.164,1.223,1.176,1.168,1.219,,1.244,1.16,1.157,1.167,1.157,1.081,,,,1.0256,,,,,,1.125,1.39,1.214,1.725,2.101,1.299,1.105,2.3574,1.322,1.134,1.23,1.313,1.216,1.231,1.789,1.455,1.385,1.279,1.828,1.25,1.057,1.569,1.15,1.859,1.348,1.111,,1.19,1.193,1.8903,1.7706,1.5444,1.154,,1.118,1.1569
2015-06-18,1.156,1.105,1.086,,1.144,,1.156,1.137,1.196,1.157,1.141,1.163,1.165,1.22,1.176,1.168,1.217,,1.241,1.16,1.155,1.169,1.159,1.081,,,,,,,,,,1.127,1.381,1.214,1.717,2.094,1.295,1.105,2.336,1.322,1.134,1.23,1.313,1.218,1.231,1.782,1.452,1.384,1.272,1.806,1.25,1.057,1.5666,1.15,1.8594,1.346,1.111,,1.191,1.194,1.8666,1.7478,1.5443,1.154,,1.12,1.1569
2015-06-19,1.149,1.105,1.086,1.144,1.144,1.179,1.156,1.137,1.185,1.157,1.141,1.163,1.166,1.215,1.175,1.168,1.211,1.052,1.235,1.16,1.152,1.169,1.159,1.081,1.16,1.155,1.013,1.0259,0.99,0.991,1.0,1.0,,1.127,1.369,1.214,1.709,2.084,1.291,1.106,2.3121,1.32,1.134,1.23,1.313,1.217,1.232,1.774,1.449,1.381,1.266,1.782,1.25,1.057,1.5617,1.15,1.8592,1.345,1.111,1.157,1.191,1.194,1.8302,1.7178,1.5439,1.153,1.042,1.12,1.1572
2015-06-23,1.147,1.105,1.086,,1.144,,1.157,1.137,1.183,1.158,1.141,1.163,1.166,1.218,1.175,1.169,1.21,,1.237,1.16,1.153,1.169,1.157,1.082,,,,,,0.992,,,,1.127,1.374,1.215,1.719,2.081,1.289,1.106,2.3149,1.32,1.135,1.231,1.313,1.218,1.233,1.781,1.451,1.383,1.268,1.785,1.251,1.056,1.5622,1.15,1.8592,1.346,1.112,,1.19,1.194,1.8239,1.7159,1.5446,1.153,,1.119,1.1565
2015-06-24,1.149,1.106,1.086,,1.144,,1.157,1.137,1.186,1.158,1.141,1.164,1.167,1.223,1.176,1.169,1.212,,1.245,1.16,1.154,1.17,1.157,1.082,,,,,,0.992,,,,1.128,1.377,1.215,1.723,2.087,1.292,1.106,2.3273,1.321,1.135,1.231,1.313,1.218,1.232,1.787,1.443,1.387,1.271,1.802,1.252,1.057,1.5664,1.151,1.8582,1.347,1.111,,1.19,1.194,1.8401,1.7274,1.5456,1.153,,1.12,1.1558
2015-06-25,1.143,1.106,1.085,,1.145,,1.158,1.137,1.179,1.158,1.142,1.164,1.166,1.222,1.175,1.169,1.209,,1.244,1.161,1.153,1.17,1.158,1.082,,,,,,0.992,,,,1.129,1.363,1.215,1.717,2.078,1.287,1.106,2.3127,1.321,1.135,1.232,1.313,1.218,1.231,1.779,1.426,1.385,1.269,1.788,1.252,1.057,1.561,1.151,1.8572,1.347,1.112,,1.191,1.194,1.8149,1.7083,1.545,1.154,,1.121,1.1561
2015-06-26,1.135,1.107,1.086,1.145,1.146,1.182,1.158,1.137,1.17,1.158,1.142,1.165,1.167,1.22,1.174,1.17,1.204,1.053,1.223,1.161,1.15,1.17,1.159,1.082,1.158,1.155,1.014,1.027,0.99,0.992,1.001,1.001,,1.13,1.345,1.215,1.706,2.065,1.28,1.106,2.293,1.319,1.135,1.232,1.313,1.218,1.232,1.768,1.404,1.382,1.266,1.769,1.252,1.057,1.5515,1.151,1.8568,1.345,1.112,1.16,1.19,1.194,1.7697,1.6808,1.5431,1.154,1.044,1.121,1.1557
2015-06-29,1.133,1.108,1.086,,1.146,,1.159,1.138,1.164,1.158,1.143,1.165,1.17,1.223,1.175,1.17,1.2,,1.212,1.161,1.149,1.171,1.16,1.083,,1.156,,,,0.992,,,,1.13,1.337,1.216,1.708,2.062,1.277,1.107,2.2876,1.319,1.136,1.233,1.314,1.219,1.233,1.763,1.394,1.384,1.268,1.767,1.253,1.058,1.5499,1.151,1.8571,1.346,1.113,,1.19,1.195,1.7472,1.6694,1.5442,1.156,,1.122,1.1557
2015-06-30,1.139,1.108,1.087,1.146,1.147,1.182,1.159,1.138,1.174,1.159,1.143,1.166,1.17,1.223,1.176,1.171,1.201,1.054,1.228,1.162,1.152,1.172,1.159,1.083,1.161,1.156,1.016,1.0276,0.991,0.992,1.001,1.001,1.0,1.131,1.343,1.216,1.722,2.07,1.286,1.107,2.3085,1.32,1.135,1.233,1.314,1.219,1.233,1.777,1.408,1.388,1.27,1.79,1.254,1.058,1.5567,1.151,1.8573,1.345,1.113,1.162,1.19,1.195,1.7714,1.6936,1.5449,1.156,1.046,1.121,1.1555
