,Unnamed: 0,thscode,ths_fund_short_name_fund,ths_fund_manager_current_fund,ths_fund_manager_his_fund,ths_isindexfund_fund,ths_invest_type_first_classi_fund,ths_invest_type_second_classi_fund,ths_fund_scale_fund,ths_found_years_fund,ths_org_investor_held_ratio_fund,ths_stock_mv_to_fanv_fund,行业标签,风格标签,大小盘标签,共振因子标签,集中度标签,3年滚动累计超额收益率均值,3年滚动超额夏普比例,3年滚动累计超额收益率均值排名,3年滚动超额夏普比例排名,总得分
0,244.0,000991.OF,工银战略转型股票A,杜洋,宋炳珅(20150216-20171222) 杜洋(20150216-至今),否,股票型基金,普通股票型基金,3208048200.48,8.6246575342466,,92.935672677666,稳定行业均衡基金,稳定价值型,稳定中盘,轮动基金,轮动基金,0.5294400812240568,0.044157187397880826,363.0,363.0,363.0
1,270.0,001410.OF,信澳新能源股票,冯明远,尹哲(20150731-20150908) 柴妍(20150811-20161027) 冯明远(20161019-至今),否,股票型基金,普通股票型基金,8231925165.18,8.172602739726,,94.481192981301,稳定行业均衡基金,风格轮动基金,风格轮动基金,轮动基金,稳定低,0.4861354722280272,0.03357676454479019,361.0,360.0,360.5
2,198.0,700003.OF,平安策略先锋混合,神爱前,颜正华(20120529-20130529) 黄建军(20130529-20150804) 乔海英(20150804-20170511) 神爱前(20160719-至今),否,混合型基金,灵活配置型基金,2396910674.11,11.345205479452,,79.5076783434,稳定行业均衡基金,风格轮动基金,风格轮动基金,轮动基金,轮动基金,0.5238332939206738,0.0327023405416437,362.0,358.0,360.0
3,251.0,001054.OF,工银新金融股票A,鄢耀,王君正(20150319-20171009) 鄢耀(20150319-至今),否,股票型基金,普通股票型基金,2177169259.72,8.5397260273973,,90.634624052278,稳定行业均衡基金,风格轮动基金,稳定大盘,稳定共振基金,轮动基金,0.43117585411919457,0.03513263074109627,358.0,361.0,359.5
4,425.0,000977.OF,长城环保主题灵活配置混合A,廖瀚博,吴文庆(20150408-20160727) 蒋劲刚(20150408-20160727) 乔春(20150420-20170818) 何以广(20170818-20181207) 廖瀚博(20180308-至今),否,混合型基金,灵活配置型基金,814257575.23,8.4849315068493,,76.16975016576,稳定行业均衡基金,风格轮动基金,风格轮动基金,轮动基金,轮动基金,0.41609492382555213,0.0329606104743036,357.0,359.0,358.0
5,115.0,519002.OF,华安安信消费服务混合A,王斌,陈俏宇(20130523-20150618) 蒋璆(20150616-20160921) 饶晓鹏(20150907-20200525) 王斌(20181031-至今),否,混合型基金,偏股混合型基金,4627435615.23,10.361643835616,,90.811705367057,稳定行业均衡基金,风格轮动基金,风格轮动基金,轮动基金,稳定低,0.4036615549126836,0.039341017219005216,354.0,362.0,358.0
6,460.0,001569.OF,泰信国策驱动灵活配置混合,吴秉韬,车广路(20151027-20190830) 吴秉韬(20190725-至今),否,混合型基金,灵活配置型基金,117928413.18,7.9315068493151,,64.903629741183,稳定行业均衡基金,稳定成长型,风格轮动基金,轮动基金,轮动基金,0.4436401065229484,0.029037124611552514,359.0,354.0,356.5
7,489.0,002340.OF,富国价值优势混合,孙彬,王海军(20160408-20190617) 孙彬(20190523-至今),否,混合型基金,偏股混合型基金,4071064268.19,7.4821917808219,,93.583376581865,稳定行业均衡基金,风格轮动基金,风格轮动基金,轮动基金,轮动基金,0.38990813918784295,0.03234511067932404,353.0,357.0,355.0
8,314.0,003984.OF,嘉实新能源新材料股票A,"熊昱洲,姚志鹏",姚志鹏(20170316-至今) 熊昱洲(20210126-至今),否,股票型基金,普通股票型基金,2897811729.02,6.5452054794521,,90.626039078324,稳定行业均衡基金,风格轮动基金,风格轮动基金,稳定中立基金,稳定高,0.4126640332445678,0.027510019332913322,355.0,352.0,353.5
9,317.0,004640.OF,华夏节能环保股票A,吕佳玮,吕佳玮(20170811-至今),否,股票型基金,普通股票型基金,406262370.74,6.1397260273973,,91.611620378138,稳定行业均衡基金,稳定成长-均衡型,风格轮动基金,稳定独立基金,轮动基金,0.4145149970381947,0.02669733057673218,356.0,351.0,353.5
10,392.0,000263.OF,工银信息产业混合A,单文,曹冠业(20131111-20140612) 刘天任(20131111-20170822) 王烁杰(20140428-20170519) 单文(20170725-至今),否,混合型基金,偏股混合型基金,1227090269.78,9.8904109589041,,87.53288775792,稳定行业均衡基金,稳定成长-均衡型,风格轮动基金,稳定中立基金,稳定低,0.3361142647675226,0.03078040176635389,349.0,356.0,352.5
11,342.0,540008.OF,汇丰晋信低碳先锋股票A,陆彬,邵骥咏(20100608-20120818) 刘辉(20120721-20131221) 曹庆(20131221-20160430) 方超(20150919-20190907) 陆彬(20190817-至今),否,股票型基金,普通股票型基金,5075386983.35,13.320547945205,,94.621782511472,稳定行业均衡基金,风格轮动基金,风格轮动基金,轮动基金,稳定高,0.4642679328003608,0.02452216383938989,360.0,343.0,351.5
12,135.0,519133.OF,海富通改革驱动混合,周雪军,周雪军(20160428-至今),否,混合型基金,灵活配置型基金,5762803218.72,7.427397260274,,94.089006067334,稳定行业均衡基金,风格轮动基金,稳定中盘,轮动基金,稳定低,0.3076693862038161,0.030154389308456403,346.0,355.0,350.5
13,503.0,002939.OF,广发创新升级混合,"吴远怡,刘格菘",王颂(20160824-20171109) 刘格菘(20170705-至今) 费逸(20200302-20210513) 吴远怡(20200930-至今),否,混合型基金,灵活配置型基金,5127792227.01,7.1041095890411,,92.660641268817,稳定行业均衡基金,稳定成长-均衡型,稳定大盘,轮动基金,稳定高,0.3579749396556039,0.02637813398515642,351.0,350.0,350.5
14,225.0,000592.OF,建信改革红利股票A,陶灿,陶灿(20140514-至今),否,股票型基金,普通股票型基金,586176708.83,9.386301369863,,93.90823872301,稳定行业均衡基金,风格轮动基金,风格轮动基金,轮动基金,轮动基金,0.366268366723392,0.024943228261535555,352.0,344.0,348.0
15,428.0,001018.OF,易方达新经济混合,陈皓,陈皓(20150212-至今),否,混合型基金,灵活配置型基金,5060235736.39,8.6356164383562,,88.62502244904,稳定行业均衡基金,风格轮动基金,风格轮动基金,轮动基金,轮动基金,0.31015171106998946,0.026023341605297214,347.0,349.0,348.0
16,462.0,001667.OF,南方转型增长灵活配置混合A,林乐峰,张旭(20160817-20190315) 林乐峰(20171215-至今),否,混合型基金,灵活配置型基金,3214847889.83,7.1232876712329,,93.558543526902,稳定行业均衡基金,风格轮动基金,风格轮动基金,轮动基金,稳定低,0.2775029914879877,0.028844954097325144,342.0,353.0,347.5
17,304.0,002168.OF,嘉实智能汽车股票,姚志鹏,柏重波(20160204-20180320) 姚志鹏(20160430-至今),否,股票型基金,普通股票型基金,3466443978.13,7.6575342465753,,88.287736028291,稳定行业均衡基金,风格轮动基金,风格轮动基金,稳定中立基金,稳定高,0.35070941305183867,0.025079518497539924,350.0,345.0,347.5
18,254.0,001126.OF,摩根卓越制造股票A,李德辉,吴文哲(20150414-20170116) 许俊哲(20150414-20180615) 李德辉(20180615-至今),否,股票型基金,普通股票型基金,903197448.87,8.4684931506849,,81.108282000598,稳定行业均衡基金,稳定成长型,稳定大盘,稳定共振基金,轮动基金,0.2992435499001067,0.025224855641616282,345.0,346.0,345.5
19,,160421.SZ,,,,,,,,,,,,,,,,0.29505265598478225,0.02571028882011941,344.0,347.0,345.5
20,480.0,001955.OF,中欧养老混合A,许文星,袁争光(20160513-20170616) 王健(20161103-20230217) 孔晓语(20170621-20180709) 许文星(20180416-至今),否,混合型基金,偏股混合型基金,4361666053.68,7.386301369863,,91.993530972471,稳定行业均衡基金,稳定价值型,风格轮动基金,稳定独立基金,稳定高,0.25836337690438593,0.025854377840603925,338.0,348.0,343.0
21,281.0,001616.OF,嘉实环保低碳股票,姚志鹏,李化松(20151230-20180321) 姚志鹏(20180321-至今),否,股票型基金,普通股票型基金,3057714940.32,7.7561643835616,,88.052363401744,稳定行业均衡基金,风格轮动基金,风格轮动基金,轮动基金,轮动基金,0.3119315514628852,0.021368706075806362,348.0,332.0,340.0
22,284.0,001645.OF,国泰大健康股票A,徐治彪,杨飞(20160203-20171030) 徐治彪(20171030-至今),否,股票型基金,普通股票型基金,2045694622.76,7.6602739726027,,94.492958831407,稳定行业均衡基金,风格轮动基金,稳定小盘,稳定独立基金,稳定高,0.25768813059175805,0.024143557561469357,337.0,342.0,339.5
23,553.0,020023.OF,国泰事件驱动混合A,林小聪,王航(20110817-20160617) 邱晓华(20160426-20170811) 林小聪(20170619-至今),否,混合型基金,偏股混合型基金,225150798.39,12.128767123288,,85.519552403205,稳定行业均衡基金,风格轮动基金,风格轮动基金,轮动基金,稳定低,0.28446664231680413,0.021957999940682323,343.0,335.0,339.0
24,161.0,519767.OF,交银科技创新灵活配置混合A,芮晨,芮晨(20160505-至今),否,混合型基金,灵活配置型基金,337451149.2,7.4082191780822,,90.892427218211,稳定行业均衡基金,风格轮动基金,风格轮动基金,轮动基金,轮动基金,0.2570610293234676,0.02308546628793571,336.0,340.0,338.0
25,539.0,005028.OF,鹏华研究精选混合,王海青,梁浩(20171009-20230818) 王海青(20180203-至今),否,混合型基金,灵活配置型基金,860396129.67,5.9780821917808,,91.964222153519,稳定行业均衡基金,稳定成长型,风格轮动基金,轮动基金,轮动基金,0.26006626789901127,0.022227462365433884,339.0,336.0,337.5
26,487.0,002249.OF,招商境远灵活配置混合,"郭锐,文仲阳",王景(20151215-20190829) 康晶(20151215-20180302) 郭锐(20160302-至今) 文仲阳(20200520-至今),否,混合型基金,灵活配置型基金,142056256.83,7.7972602739726,,88.201679972423,稳定行业均衡基金,风格轮动基金,风格轮动基金,稳定独立基金,轮动基金,0.25171315683872403,0.023151738987520563,334.0,341.0,337.5
27,532.0,004868.OF,交银股息优化混合,韩威俊,韩威俊(20170825-至今),否,混合型基金,偏股混合型基金,1485417690.11,6.1013698630137,,94.220604957677,稳定消费行业基金,风格轮动基金,稳定大盘,轮动基金,稳定高,0.26071552852042623,0.021267317393023497,340.0,330.0,335.0
28,333.0,320022.OF,诺安研究精选股票,"王创练,邓心怡",王创练(20150330-至今) 邓心怡(20220706-至今),否,股票型基金,普通股票型基金,516566193.38,8.5095890410959,,93.370057055823,稳定行业均衡基金,风格轮动基金,稳定中盘,轮动基金,稳定低,0.23744778570428782,0.02294435899166037,325.0,339.0,332.0
29,59.0,270021.OF,广发聚瑞混合A,费逸,刘明月(20090616-20141224) 王颂(20141224-20171109) 费逸(20170719-至今),否,混合型基金,偏股混合型基金,1573950414.11,14.298630136986,,92.15462117827,稳定行业均衡基金,稳定均衡型,风格轮动基金,稳定中立基金,稳定高,0.24076244238382846,0.021500653830262086,328.0,333.0,330.5
30,395.0,000308.OF,建信创新中国混合,邵卓,乔林建(20130924-20150522) 邵卓(20150522-至今),否,混合型基金,偏股混合型基金,1033880451.18,10.021917808219,,88.682496065531,稳定行业均衡基金,风格轮动基金,风格轮动基金,轮动基金,轮动基金,0.24158414516211488,0.021352160950451983,330.0,331.0,330.5
31,484.0,002124.OF,广发新兴产业精选混合A,李巍,王小松(20160129-20190626) 李巍(20160129-至今),否,混合型基金,灵活配置型基金,1398202574.35,7.6739726027397,,92.820529445416,稳定行业均衡基金,风格轮动基金,风格轮动基金,轮动基金,轮动基金,0.24380100229625895,0.02061261869281132,331.0,328.0,329.5
32,35.0,217013.OF,招商中小盘混合,韩冰,周德昕(20091225-20120411) 张力(20091225-20111221) 吴昊(20120411-20150508) 吴渭(20131221-20150228) 韩冰(20150505-至今) 孙振峰(20160120-20170311) 张西林(20170413-20190322),否,混合型基金,偏股混合型基金,218652995.87,13.772602739726,,83.797592029764,稳定行业均衡基金,风格轮动基金,风格轮动基金,轮动基金,轮动基金,0.24470648796497121,0.02044738574573273,333.0,326.0,329.5
33,77.0,377240.OF,摩根新兴动力混合A,杜猛,杜猛(20110713-至今),否,混合型基金,偏股混合型基金,4598020010.53,12.224657534247,,85.63381658358,稳定行业均衡基金,风格轮动基金,风格轮动基金,轮动基金,轮动基金,0.2626400840659796,0.018794812373820077,341.0,315.0,328.0
34,260.0,001186.OF,富国文体健康股票A,林庆,林庆(20150506-至今),否,股票型基金,普通股票型基金,1503595989.6,8.4082191780822,,84.997774118694,稳定行业均衡基金,风格轮动基金,稳定中盘,稳定独立基金,轮动基金,0.21888083253304205,0.02286267331838493,317.0,338.0,327.5
35,346.0,160518.SZ,博时睿远事件驱动混合(LOF),陈伟,陈鹏扬(20160415-20191030) 陈伟(20191030-至今),否,混合型基金,灵活配置型基金,138463242.24,7.4630136986301,,72.73460732303,稳定行业均衡基金,风格轮动基金,风格轮动基金,稳定共振基金,稳定低,0.22207899722960686,0.021789818665579795,319.0,334.0,326.5
36,312.0,003745.OF,广发多元新兴股票,"唐晓斌,刘格菘",吴兴武(20170425-20190416) 刘格菘(20181105-至今) 唐晓斌(20200302-至今),否,股票型基金,普通股票型基金,2344745158.75,6.4356164383562,,89.61928355149,稳定行业均衡基金,风格轮动基金,稳定大盘,轮动基金,稳定高,0.2566317997728434,0.019193729453138818,335.0,317.0,326.0
37,448.0,001373.OF,易方达新丝路混合,"杨宗昌,祁禾",樊正伟(20150527-20171230) 张坤(20151107-20210211) 郭杰(20151107-20171230) 宋昆(20171230-20190112) 祁禾(20181211-至今) 杨宗昌(20210211-至今),否,混合型基金,灵活配置型基金,3581654868.53,8.3506849315068,,82.626311136857,稳定行业均衡基金,风格轮动基金,风格轮动基金,轮动基金,轮动基金,0.2338057888168919,0.020626237159764374,323.0,329.0,326.0
38,481.0,001985.OF,富国低碳新经济混合A,杨栋,杨栋(20151218-至今),否,混合型基金,偏股混合型基金,1413246640.86,7.7890410958904,,93.320881645667,稳定行业均衡基金,风格轮动基金,稳定中盘,轮动基金,稳定中,0.23771557331884002,0.019999883368943025,326.0,324.0,325.0
39,252.0,001070.OF,建信信息产业股票A,邵卓,邵卓(20150324-至今),否,股票型基金,普通股票型基金,690421242.66,8.5260273972603,,89.334851873275,稳定行业均衡基金,风格轮动基金,风格轮动基金,轮动基金,轮动基金,0.2411971345145608,0.01983461546422318,329.0,321.0,325.0
40,147.0,519672.OF,银河蓝筹混合A,袁曦,徐小勇(20100716-20150623) 孙振峰(20100716-20111101) 王海华(20150624-20160726) 袁曦(20151228-至今),否,混合型基金,偏股混合型基金,423153190.75,13.216438356164,,93.627203459276,稳定行业均衡基金,风格轮动基金,稳定大盘,轮动基金,轮动基金,0.24058066635585051,0.019977022760308428,327.0,323.0,325.0
41,271.0,001473.OF,建信大安全战略精选股票,王东杰,王东杰(20150729-至今),否,股票型基金,普通股票型基金,406446019.93,8.1780821917808,,83.744632502152,稳定行业均衡基金,风格轮动基金,稳定大盘,稳定共振基金,稳定高,0.20251923171056221,0.022840552500841292,310.0,337.0,323.5
42,227.0,000746.OF,招商行业精选股票基金,贾成东,王忠波(20140903-20170107) 贾成东(20161231-至今),否,股票型基金,普通股票型基金,2238000195.86,9.0794520547945,,82.335837032486,稳定行业均衡基金,风格轮动基金,稳定大盘,轮动基金,轮动基金,0.22777629262621918,0.02026880416697281,321.0,325.0,323.0
43,297.0,001825.OF,建信中国制造2025股票A,孙晟,孙晟(20170308-至今),否,股票型基金,普通股票型基金,222985098.52,6.5671232876712,,84.548285697961,稳定行业均衡基金,风格轮动基金,风格轮动基金,轮动基金,稳定中,0.23642837913593015,0.019638281860645312,324.0,319.0,321.5
44,538.0,004958.OF,圆信永丰优享生活,范妍,范妍(20170830-至今) 李家亮(20170830-20170906) 肖世源(20170914-20200306),否,混合型基金,灵活配置型基金,2903522304.71,6.0876712328767,,85.811574311252,稳定行业均衡基金,风格轮动基金,稳定中盘,轮动基金,稳定低,0.21222214976267306,0.020448525644683864,315.0,327.0,321.0
45,309.0,003145.OF,国联竞争优势,柯海东,孔学兵(20160907-20190128) 柯海东(20190125-至今),否,股票型基金,普通股票型基金,290397496.53,7.0657534246575,,93.996083988899,稳定行业均衡基金,风格轮动基金,风格轮动基金,轮动基金,稳定低,0.24465883452832998,0.01767550590430363,332.0,310.0,321.0
46,113.0,487021.OF,工银优质精选混合A,胡志利,欧阳凯(20130207-20170206) 王勇(20130207-20150109) 李敏(20140730-20170206) 胡志利(20170125-至今),否,混合型基金,灵活配置型基金,609530413.76,10.649315068493,,81.198935273554,稳定行业均衡基金,风格轮动基金,风格轮动基金,轮动基金,轮动基金,0.2083246238599757,0.019741639581445203,313.0,320.0,316.5
47,275.0,001496.OF,工银聚焦30股票,胡志利,胡文彪(20150625-20180125) 王筱苓(20180123-20230706) 胡志利(20191107-至今),否,股票型基金,普通股票型基金,227831855.39,8.2712328767123,,83.2646829019,稳定行业均衡基金,稳定成长型,风格轮动基金,稳定共振基金,稳定中,0.22427372558764813,0.018250692639225585,320.0,313.0,316.5
48,302.0,001975.OF,景顺长城环保优势股票,杨锐文,杨锐文(20160315-至今),否,股票型基金,普通股票型基金,4441456276.82,7.5479452054795,,93.199554122454,稳定行业均衡基金,风格轮动基金,风格轮动基金,稳定独立基金,轮动基金,0.20257562944963164,0.019421361704292667,311.0,318.0,314.5
49,446.0,001366.OF,金鹰产业整合混合A,杨晓斌,王喆(20150616-20160713) 于利强(20150616-20190327) 杨晓斌(20190314-至今),否,混合型基金,灵活配置型基金,98912408.97,8.2958904109589,,94.715242749199,稳定行业均衡基金,风格轮动基金,风格轮动基金,稳定共振基金,稳定低,0.2212663148546581,0.01755114078498168,318.0,307.0,312.5
50,365.0,165313.SZ,建信优势动力混合(LOF),姜锋,姜锋(20130319-至今) 万志勇(20130319-20150928),否,混合型基金,偏股混合型基金,496130843.22,10.539726027397,,80.00817226636,稳定行业均衡基金,风格轮动基金,风格轮动基金,轮动基金,轮动基金,0.1948497843075089,0.01879678202310758,306.0,316.0,311.0
51,255.0,001158.OF,工银新材料新能源股票,张剑峰,黄安乐(20150428-20180302) 孙楠(20160919-20190313) 张剑峰(20160919-至今) 陈小鹭(20160922-20190814),否,股票型基金,普通股票型基金,1440957881.9,8.4301369863014,,87.964293622426,稳定行业均衡基金,稳定均衡型,稳定大盘,稳定共振基金,稳定中,0.22933616264713189,0.015995933456057175,322.0,298.0,310.0
52,559.0,040015.OF,华安动态灵活配置混合A,蒋璆,宋磊(20091222-20120817) 张翥(20091222-20130302) 陈逊(20130302-20150626) 李冠宇(20130408-20140423) 谢振东(20150302-20160921) 蒋璆(20150616-至今),否,混合型基金,灵活配置型基金,1484020930.12,13.780821917808,,79.010909073339,稳定行业均衡基金,风格轮动基金,风格轮动基金,轮动基金,稳定中,0.20037833749359849,0.017763814462035305,309.0,311.0,310.0
53,226.0,000628.OF,大成高新技术产业股票A,刘旭,徐彦(20150203-20180911) 刘旭(20150729-至今),否,股票型基金,普通股票型基金,6139693452.79,8.6602739726027,,80.809449499413,稳定行业均衡基金,风格轮动基金,稳定中盘,轮动基金,稳定高,0.17349341491715733,0.01991656302001377,297.0,322.0,309.5
54,432.0,001102.OF,前海开源国家比较优势混合A,曲扬,曲扬(20150508-至今),否,混合型基金,灵活配置型基金,3934853001.57,8.4027397260274,,93.15948007529,稳定行业均衡基金,风格轮动基金,稳定大盘,稳定共振基金,稳定高,0.20985150771441657,0.017268403238207924,314.0,304.0,309.0
55,294.0,001736.OF,圆信永丰优加生活,范妍,洪流(20151028-20190131) 范妍(20151028-至今),否,股票型基金,普通股票型基金,5073666405.85,7.9287671232877,,85.357465877271,稳定行业均衡基金,稳定均衡-价值型,稳定中盘,轮动基金,稳定低,0.1890052225455946,0.01862247043766518,303.0,314.0,308.5
56,228.0,000751.OF,嘉实新兴产业股票,归凯,王汉博(20140917-20160315) 季文华(20160315-20181204) 归凯(20181204-至今),否,股票型基金,普通股票型基金,6719297593.53,9.041095890411,,88.049315416343,稳定行业均衡基金,风格轮动基金,风格轮动基金,轮动基金,轮动基金,0.19673320170763414,0.017580761299967156,308.0,308.0,308.0
57,424.0,000976.OF,长城新兴产业混合A,陈良栋,吴文庆(20150217-20170316) 徐九龙(20150217-20160301) 陈良栋(20170316-至今),否,混合型基金,灵活配置型基金,71271406.62,8.6219178082192,,91.734998551699,稳定行业均衡基金,风格轮动基金,稳定中盘,稳定中立基金,轮动基金,0.19665514636942508,0.01750325590281309,307.0,306.0,306.5
58,148.0,519674.OF,银河创新混合A,郑巍山,钱睿南(20101229-20120319) 王培(20110603-20160202) 神玉飞(20160202-20170408) 袁曦(20160202-20190511) 郑巍山(20190511-至今),否,混合型基金,偏股混合型基金,11977716604.46,12.761643835616,,94.510528334476,稳定TMT行业基金,风格轮动基金,风格轮动基金,轮动基金,稳定高,0.21828246354550407,0.015471270328067003,316.0,294.0,305.0
59,423.0,000967.OF,华泰柏瑞创新动力混合,吴邦栋,张慧(20150206-20230609) 吴邦栋(20180314-至今),否,混合型基金,灵活配置型基金,290338864.0,8.6520547945205,,91.08283698458,稳定行业均衡基金,风格轮动基金,风格轮动基金,轮动基金,轮动基金,0.17673048857730358,0.017609049069043866,300.0,309.0,304.5
60,264.0,001236.OF,博时丝路主题股票A,沙炜,王俊(20150522-20160608) 沙炜(20150522-至今),否,股票型基金,普通股票型基金,943754989.95,8.3643835616438,,81.084734861005,稳定行业均衡基金,风格轮动基金,风格轮动基金,轮动基金,轮动基金,0.18874968882264584,0.017465883725767954,302.0,305.0,303.5
61,524.0,004374.OF,华泰保兴吉年丰A,尚烁徽,尚烁徽(20170324-至今) 傅奕翔(20170324-20180620),否,混合型基金,偏股混合型基金,772197942.36,6.5232876712329,,88.434006887513,稳定行业均衡基金,风格轮动基金,风格轮动基金,轮动基金,轮动基金,0.1900262132046632,0.017061092337194807,304.0,302.0,303.0
62,7.0,163822.OF,中银主题策略混合A,黄珺,史彬(20120725-20180612) 甘霖(20120725-20140127) 陈军(20180612-20191106) 黄珺(20190313-至今),否,混合型基金,偏股混合型基金,2114075531.16,11.18904109589,,91.705314186848,稳定行业均衡基金,风格轮动基金,风格轮动基金,轮动基金,稳定低,0.20515921327212414,0.01547013465471542,312.0,293.0,302.5
63,473.0,001869.OF,招商制造业混合A,王景,王景(20151202-至今),否,混合型基金,灵活配置型基金,903499827.01,7.8328767123288,,90.625799845631,稳定行业均衡基金,稳定均衡型,风格轮动基金,轮动基金,轮动基金,0.17586854595157914,0.0172209431088698,299.0,303.0,301.0
64,221.0,000513.OF,富国高端制造行业股票A,毕天宇,毕天宇(20140620-至今) 厉叶淼(20150810-20181024),否,股票型基金,普通股票型基金,737340787.65,9.2849315068493,,92.700576784126,稳定行业均衡基金,稳定成长-均衡型,风格轮动基金,轮动基金,轮动基金,0.18281202269013516,0.0164865149103002,301.0,300.0,300.5
65,65.0,290011.OF,泰信中小盘精选混合,董季周,柳菁(20111026-20150925) 刘杰(20150317-20200506) 董季周(20190716-至今),否,混合型基金,偏股混合型基金,944091723.1,11.93698630137,,94.439552660453,稳定TMT行业基金,稳定成长型,风格轮动基金,稳定独立基金,稳定高,0.19051405640860689,0.01557563625122111,305.0,295.0,300.0
66,420.0,000939.OF,中银研究精选灵活配置混合A,吴印,张发余(20141223-20150417) 辜岚(20150323-20161102) 赵志华(20161102-20191021) 吴印(20171027-至今),否,混合型基金,灵活配置型基金,191533342.53,8.7753424657534,,83.086969778879,稳定行业均衡基金,风格轮动基金,稳定大盘,稳定共振基金,稳定高,0.13799873222446782,0.0180386640600311,287.0,312.0,299.5
67,440.0,001222.OF,鹏华外延成长混合,陈璇淼,张卓(20150519-20170318) 陈璇淼(20160329-至今),否,混合型基金,灵活配置型基金,1217813912.42,8.372602739726,,77.320370424152,稳定行业均衡基金,风格轮动基金,稳定大盘,稳定共振基金,轮动基金,0.17470148505366512,0.015786970969117624,298.0,297.0,297.5
68,412.0,000727.OF,融通健康产业灵活配置混合A/B,万民远,蒋秀蕾(20141225-20160902) 万民远(20160826-至今),否,混合型基金,灵活配置型基金,3612595760.86,8.7698630136986,,93.022344600411,稳定医药行业基金,风格轮动基金,稳定小盘,稳定独立基金,轮动基金,0.15600370713745587,0.016006162713670335,291.0,299.0,295.0
69,240.0,000971.OF,诺安新经济股票,杨琨,刘魁(20150126-20151121) 史高飞(20150126-20190220) 杨琨(20190220-至今),否,股票型基金,普通股票型基金,1318969937.25,8.6821917808219,,88.356342105098,稳定行业均衡基金,风格轮动基金,稳定大盘,稳定共振基金,稳定高,0.17003204160434868,0.015358841136551336,295.0,291.0,293.0
70,520.0,004183.OF,富国产业升级混合A,章旭峰,章旭峰(20170609-至今),否,混合型基金,偏股混合型基金,133873374.95,6.3123287671233,,89.482615159442,稳定行业均衡基金,风格轮动基金,风格轮动基金,轮动基金,轮动基金,0.16691305733697978,0.015289527924131418,294.0,290.0,292.0
71,274.0,001490.OF,汇添富国企创新增长股票A,李威,李威(20150710-至今) 劳杰男(20150710-20180301),否,股票型基金,普通股票型基金,750910379.56,8.2301369863014,,86.544199539187,稳定行业均衡基金,风格轮动基金,稳定大盘,稳定共振基金,稳定中,0.1713959493507791,0.014840479464888284,296.0,288.0,292.0
72,102.0,460007.OF,华泰柏瑞行业领先混合,吕慧建,梁丰(20090803-20100525) 吕慧建(20091118-至今) 徐晓杰(20150515-20180530),否,混合型基金,偏股混合型基金,175632264.77,14.167123287671,,94.29292109105,稳定行业均衡基金,风格轮动基金,风格轮动基金,轮动基金,稳定高,0.15698815545361544,0.014159041754806267,292.0,286.0,289.0
73,325.0,005268.OF,鹏华优势企业,陈璇淼,陈璇淼(20171129-至今) 蒋鑫(20171222-20181117),否,股票型基金,普通股票型基金,395713697.76,5.8383561643836,,80.40601671893,稳定行业均衡基金,稳定成长-均衡型,稳定大盘,稳定共振基金,稳定中,0.15483727596075875,0.014032269085579915,290.0,285.0,287.5
74,461.0,001607.OF,英大策略优选A,"张媛,张大铮",袁忠伟(20151202-20190311) 张玮(20160317-20170328) 张媛(20190311-至今) 张大铮(20200106-至今) 汤戈(20210806-20230331),否,混合型基金,灵活配置型基金,61257427.39,7.8328767123288,,92.447129870923,稳定行业均衡基金,稳定价值型,风格轮动基金,稳定独立基金,稳定高,0.11669601563398993,0.01672790376407595,273.0,301.0,287.0
75,381.0,000031.OF,华夏复兴混合A,周克平,童汀(20070910-20090105) 孙建冬(20080123-20100204) 程海泳(20100204-20130923) 崔同魁(20120716-20150107) 刘金玉(20140117-20170106) 赵航(20150107-20190321) 周克平(20190124-至今),否,混合型基金,偏股混合型基金,1969349862.96,16.065753424658,,92.449621563448,稳定行业均衡基金,风格轮动基金,风格轮动基金,稳定中立基金,轮动基金,0.16104091628072364,0.013249650933065207,293.0,280.0,286.5
76,189.0,660004.OF,农银策略价值混合,陈富权,栾杰(20090929-20110401) 程涛(20100415-20130305) 李洪雨(20130305-20141011) 徐莉(20141011-20150612) 陈富权(20150606-至今),否,混合型基金,偏股混合型基金,500419027.47,14.01095890411,,85.672611067073,稳定行业均衡基金,风格轮动基金,稳定大盘,稳定共振基金,稳定低,0.15294640965137674,0.01381704409791984,289.0,283.0,286.0
77,160.0,519756.OF,交银施罗德国企改革灵活配置混合A,沈楠,沈楠(20150610-至今),否,混合型基金,灵活配置型基金,4591081201.48,8.3123287671233,,86.681621901413,稳定行业均衡基金,风格轮动基金,稳定大盘,轮动基金,轮动基金,0.13364383788470247,0.014670532338676167,284.0,287.0,285.5
78,408.0,000612.OF,华宝生态中国混合A,夏林锋,邵喆阳(20140613-20150217) 沈梦圆(20140830-20141128) 夏林锋(20150217-至今) 区伟良(20150409-20180702),否,混合型基金,偏股混合型基金,1194252037.06,9.3041095890411,,92.204123148763,稳定行业均衡基金,风格轮动基金,风格轮动基金,稳定独立基金,轮动基金,0.149811116048442,0.013600587526606577,288.0,281.0,284.5
79,492.0,002593.OF,富国美丽中国混合A,张啸伟,张啸伟(20160519-至今),否,混合型基金,偏股混合型基金,1688118834.81,7.3698630136986,,83.669066958434,稳定行业均衡基金,稳定均衡-价值型,稳定大盘,轮动基金,轮动基金,0.11518714163576038,0.015609040037905038,272.0,296.0,284.0
80,288.0,001705.OF,泓德战略转型股票,秦毅,郭堃(20151110-20191111) 秦毅(20191029-至今),否,股票型基金,普通股票型基金,1277908920.09,7.8931506849315,,93.713634316416,稳定行业均衡基金,风格轮动基金,稳定大盘,轮动基金,轮动基金,0.12682191743641202,0.01502228705619384,278.0,289.0,283.5
81,155.0,519704.OF,交银先进制造混合A,刘鹏,黄义志(20110622-20120810) 张科兵(20120313-20130426) 王少成(20130321-20150815) 任相栋(20150121-20180623) 刘鹏(20180529-至今),否,混合型基金,偏股混合型基金,6261923187.94,12.282191780822,,87.199268194433,稳定行业均衡基金,风格轮动基金,风格轮动基金,轮动基金,稳定中,0.11211717122035637,0.01540532181110103,270.0,292.0,281.0
82,245.0,001008.OF,工银国企改革股票,何肖颉,王君正(20150127-20180227) 何肖颉(20150127-至今),否,股票型基金,普通股票型基金,755546980.03,8.6794520547945,,88.942832753208,稳定行业均衡基金,风格轮动基金,稳定大盘,轮动基金,稳定低,0.13421268737298644,0.012322821003155729,286.0,272.0,279.0
83,217.0,000309.OF,大摩品质生活精选股票A,何晓春,钱斌(20131029-20140829) 周志超(20140809-20151121) 袁斌(20151015-20170701) 王大鹏(20170629-20181221) 何晓春(20180210-至今) 雷志勇(20190420-20210118),否,股票型基金,普通股票型基金,244896657.24,9.9260273972603,,94.893319813984,稳定行业均衡基金,风格轮动基金,风格轮动基金,轮动基金,稳定高,0.13354587086832553,0.012520406376240337,283.0,274.0,278.5
84,249.0,001040.OF,新华策略精选股票,赵强,崔建波(20150331-20170526) 栾江伟(20150716-20170523) 赵强(20170517-至今),否,股票型基金,普通股票型基金,609994591.36,8.5068493150685,,94.502176580742,稳定行业均衡基金,稳定成长型,风格轮动基金,稳定独立基金,轮动基金,0.12410330761729406,0.012947040704099218,277.0,279.0,278.0
85,360.0,163406.SZ,兴全合润混合,"谢治宇,叶峰",张惠萍(20100422-20130207) 王海涛(20100525-20120221) 谢治宇(20130129-至今) 叶峰(20230104-至今),否,混合型基金,偏股混合型基金,24423759294.45,13.449315068493,,93.401975150008,稳定行业均衡基金,稳定均衡-价值型,风格轮动基金,轮动基金,稳定低,0.1271213117281647,0.012770143640648667,279.0,277.0,278.0
86,577.0,090009.OF,大成行业轮动混合A,王磊,姚瑢(20090908-20101125) 杨建勋(20101126-20120905) 黄万青(20110713-20130307) 曹雄飞(20130308-20140424) 徐雄晖(20130408-20150522) 支兆华(20150523-20151213) 王磊(20151214-至今) 郭玮羚(20210126-20230602),否,混合型基金,偏股混合型基金,99903573.26,14.068493150685,,74.553049375083,稳定行业均衡基金,风格轮动基金,风格轮动基金,轮动基金,轮动基金,0.133677250686524,0.012047409875823856,285.0,270.0,277.5
87,4.0,163411.OF,兴全精选混合,陈宇,陈宇(20170906-至今),否,混合型基金,偏股混合型基金,2824258011.46,6.0684931506849,,85.208740095454,稳定行业均衡基金,风格轮动基金,风格轮动基金,轮动基金,稳定低,0.13320270424975328,0.012389216015010597,282.0,273.0,277.5
88,97.0,450004.OF,国富深化价值混合A,刘晓,张晓东(20080703-20141222) 卫学海(20141222-20170225) 刘晓(20170218-至今),否,混合型基金,偏股混合型基金,4752185656.37,15.252054794521,,80.067771669105,稳定行业均衡基金,稳定均衡-价值型,稳定大盘,稳定共振基金,稳定低,0.10582831622331401,0.013877897981623788,266.0,284.0,275.0
89,450.0,001398.OF,华泰柏瑞健康生活混合,吕慧建,徐晓杰(20150618-20180530) 吕慧建(20150618-至今),否,混合型基金,灵活配置型基金,94754166.96,8.2904109589041,,94.45038783126,稳定行业均衡基金,风格轮动基金,风格轮动基金,轮动基金,轮动基金,0.13121976951429598,0.011832707717512806,281.0,269.0,275.0
90,483.0,001990.OF,中欧数据挖掘混合A,曲径,曲径(20160113-至今),否,混合型基金,灵活配置型基金,267933108.33,7.7178082191781,,83.46086927195,稳定行业均衡基金,风格轮动基金,风格轮动基金,轮动基金,稳定低,0.11125938782096159,0.012754379695154855,269.0,276.0,272.5
91,158.0,519727.OF,交银成长30混合,郭斐,管华雨(20130605-20141022) 王少成(20130702-20190618) 郭斐(20170926-至今),否,混合型基金,偏股混合型基金,1009345538.79,10.32602739726,,64.245218761988,稳定行业均衡基金,风格轮动基金,风格轮动基金,轮动基金,稳定高,0.10212094385779165,0.013741340174447196,263.0,282.0,272.5
92,383.0,000083.OF,汇添富消费行业混合,胡昕炜,朱晓亮(20130503-20160408) 胡昕炜(20160408-至今),否,混合型基金,偏股混合型基金,15596355024.62,10.416438356164,,89.992343044281,稳定消费行业基金,风格轮动基金,稳定大盘,稳定共振基金,稳定高,0.12045566800002054,0.011428495681824406,275.0,268.0,271.5
93,315.0,004075.OF,交银施罗德医药创新股票A,楼慧源,盖婷婷(20170323-20180922) 楼慧源(20180912-至今),否,股票型基金,普通股票型基金,3402449840.14,6.5260273972603,,87.850965854377,稳定医药行业基金,风格轮动基金,风格轮动基金,稳定中立基金,轮动基金,0.12126449498245442,0.011052649612456687,276.0,266.0,271.0
94,289.0,001717.OF,工银前沿医疗股票A,赵蓓,赵蓓(20160203-至今),否,股票型基金,普通股票型基金,12802940606.09,7.6602739726027,,82.801996360049,稳定医药行业基金,风格轮动基金,风格轮动基金,轮动基金,稳定高,0.1299296028035408,0.009992657318734654,280.0,259.0,269.5
95,411.0,000652.OF,博时裕隆混合A,陈鹏扬,丛林(20140603-20150824) 陈鹏扬(20150824-至今),否,混合型基金,灵活配置型基金,1538532774.91,9.3315068493151,,85.385076427092,稳定行业均衡基金,稳定价值型,稳定中盘,轮动基金,稳定中,0.10298176911355321,0.01266380374104563,264.0,275.0,269.5
96,338.0,519193.OF,万家消费成长,高源,莫海波(20170223-20180315) 高源(20171114-至今),否,股票型基金,普通股票型基金,343473898.88,6.6027397260274,,87.324909274923,稳定行业均衡基金,稳定价值型,风格轮动基金,轮动基金,轮动基金,0.10618412271187366,0.012154420078859154,268.0,271.0,269.5
97,567.0,070002.OF,嘉实增长混合,归凯,刘欣(20030709-20040810) 邵健(20040406-20150708) 张弢(20090116-20100608) 董理(20150708-20160722) 刘美玲(20151231-20171118) 季文华(20171118-20181204) 归凯(20181204-至今),否,混合型基金,偏股混合型基金,2567984525.08,20.241095890411,,68.163291279392,稳定行业均衡基金,风格轮动基金,风格轮动基金,稳定独立基金,稳定高,0.09528076144162964,0.012944787514219678,259.0,278.0,268.5
98,526.0,004394.OF,华泰柏瑞量化创优混合,"田汉卿,笪篁",田汉卿(20170512-至今) 笪篁(20200511-至今),否,混合型基金,灵活配置型基金,73494527.54,6.3890410958904,,94.465599662796,稳定行业均衡基金,风格轮动基金,稳定大盘,稳定共振基金,稳定低,0.11758161864290174,0.01030664979068765,274.0,261.0,267.5
99,73.0,370027.OF,摩根智选30混合A,李德辉,杜猛(20130306-20150929) 帅虎(20141230-20160318) 孟亮(20150929-20190329) 李德辉(20190329-至今),否,混合型基金,偏股混合型基金,797367978.48,10.575342465753,,79.978232666826,稳定行业均衡基金,风格轮动基金,稳定大盘,稳定共振基金,稳定中,0.11295626396684254,0.010445415857378511,271.0,262.0,266.5
100,513.0,003378.OF,泰康策略优选混合,宋仁杰,桂跃强(20161128-20200922) 任慧娟(20161221-20190508) 金宏伟(20170828-20190509) 经惠云(20171225-20200106) 宋仁杰(20190916-至今),否,混合型基金,灵活配置型基金,1352314667.58,6.841095890411,,79.884535671214,稳定行业均衡基金,风格轮动基金,稳定中盘,轮动基金,轮动基金,0.10130060955437831,0.01077804588627534,261.0,265.0,263.0
101,63.0,270050.OF,广发新经济混合A,邱璟旻,刘明月(20130206-20141224) 李险峰(20141224-20170301) 邱璟旻(20170301-至今),否,混合型基金,偏股混合型基金,938709364.23,10.652054794521,,85.41790470074,稳定行业均衡基金,风格轮动基金,风格轮动基金,轮动基金,稳定高,0.10618254750205021,0.009181304648808175,267.0,255.0,261.0
102,500.0,002808.OF,泓德优势领航混合,王克玉,王克玉(20161221-至今),否,混合型基金,灵活配置型基金,2987671630.66,6.7780821917808,,92.105417705898,稳定行业均衡基金,风格轮动基金,风格轮动基金,轮动基金,稳定低,0.09048589511060684,0.011301440798315725,255.0,267.0,261.0
103,235.0,000866.OF,华宝制造股票,贺喆,刘自强(20141210-20180824) 贺喆(20180824-至今),否,股票型基金,普通股票型基金,240866024.41,8.8109589041096,,91.966551896476,稳定行业均衡基金,风格轮动基金,风格轮动基金,轮动基金,轮动基金,0.10355091868488175,0.009127163745093906,265.0,254.0,259.5
104,36.0,217020.OF,招商安达灵活配置混合,王奇玮,贾成东(20171010-20171130) 张韵(20171010-20171227) 滕越(20171010-20190322) 王奇玮(20171130-至今),否,混合型基金,灵活配置型基金,107205306.37,5.9753424657534,,78.985021429588,稳定行业均衡基金,稳定成长型,风格轮动基金,轮动基金,轮动基金,0.09059917510384762,0.01046207919344359,256.0,263.0,259.5
105,344.0,580008.OF,东吴新产业精选股票A,刘瑞,任壮(20110928-20130605) 刘元海(20111026-20150529) 戴斌(20131223-20181205) 刘瑞(20180308-至今),否,股票型基金,普通股票型基金,242691133.06,12.013698630137,,93.99883198147,稳定行业均衡基金,风格轮动基金,风格轮动基金,轮动基金,轮动基金,0.09144296713380737,0.010207600549411949,257.0,260.0,258.5
106,178.0,570001.OF,诺德价值优势混合,罗世锋,邹翔(20070419-20080522) 戴奇雷(20080522-20100401) 张学东(20080522-20090609) 胡志伟(20100401-20141118) 薛珠(20111107-20140529) 胡洋(20141118-20170405) 罗世锋(20141125-至今),否,混合型基金,偏股混合型基金,2679871449.65,16.460273972603,,93.323745020928,稳定行业均衡基金,风格轮动基金,稳定大盘,轮动基金,稳定高,0.0987646827232261,0.00926751993432885,260.0,256.0,258.0
107,110.0,481006.OF,工银红利混合,林念,詹粤萍(20070718-20080216) 杨建勋(20070718-20100520) 杨军(20100518-20140122) 章叶飞(20100518-20110701) 宋炳珅(20140120-20180828) 杨柯(20140120-20171222) 林念(20160927-至今),否,混合型基金,偏股混合型基金,359341283.38,16.213698630137,,85.420399847407,稳定行业均衡基金,风格轮动基金,风格轮动基金,轮动基金,轮动基金,0.09408761556861822,0.00929842654766552,258.0,257.0,257.5
108,444.0,001297.OF,平安智慧中国混合,李化松,孙健(20150609-20160817) 史献涛(20151110-20160831) 神爱前(20160802-20190118) 李化松(20180810-至今),否,混合型基金,灵活配置型基金,289999391.93,8.3150684931507,,85.002823157471,稳定行业均衡基金,风格轮动基金,风格轮动基金,轮动基金,轮动基金,0.10163353751316401,0.009073725453455984,262.0,252.0,257.0
109,493.0,002624.OF,广发优企精选混合A,程琨,傅友兴(20160804-20200713) 程琨(20190507-至今),否,混合型基金,灵活配置型基金,1829315591.56,7.158904109589,,94.892239236069,稳定行业均衡基金,风格轮动基金,风格轮动基金,轮动基金,稳定高,0.07299229086363475,0.010646947780233972,248.0,264.0,256.0
110,589.0,110015.OF,易方达行业领先企业混合,冯波,伍卫(20090326-20110101) 冯波(20100101-至今),否,混合型基金,偏股混合型基金,1306308801.44,14.523287671233,,89.837388486271,稳定行业均衡基金,风格轮动基金,稳定大盘,稳定共振基金,轮动基金,0.07979792748412477,0.009667852827411933,250.0,258.0,254.0
111,390.0,000242.OF,景顺长城策略精选灵活配置混合A,张靖,王鹏辉(20130807-20150122) 张靖(20141025-至今),否,混合型基金,灵活配置型基金,3014864292.61,10.153424657534,,90.371666930547,稳定行业均衡基金,风格轮动基金,稳定中盘,轮动基金,轮动基金,0.08239969089797956,0.00863977178929105,253.0,250.0,251.5
112,488.0,002259.OF,鹏华健康环保混合,蒋鑫,梁浩(20160120-20170318) 郑川江(20160120-20170318) 蒋鑫(20160624-至今),否,混合型基金,灵活配置型基金,155448173.87,7.6986301369863,,77.771855204361,稳定行业均衡基金,风格轮动基金,风格轮动基金,轮动基金,轮动基金,0.09041595522702074,0.008469623408417618,254.0,247.0,250.5
113,106.0,470008.OF,汇添富策略回报混合,顾耀强,顾耀强(20091222-至今),否,混合型基金,偏股混合型基金,895231841.15,13.780821917808,,93.77443507389,稳定行业均衡基金,风格轮动基金,风格轮动基金,稳定共振基金,轮动基金,0.0803883486235222,0.00819967342501935,251.0,245.0,248.0
114,280.0,001605.OF,国富沪港深成长精选股票A,徐成,卫学海(20160120-20171021) 徐成(20170708-至今),否,股票型基金,普通股票型基金,1288322503.36,7.6986301369863,,85.947526210089,稳定行业均衡基金,稳定价值型,风格轮动基金,轮动基金,稳定低,0.07116760578259596,0.008472063140629916,246.0,248.0,247.0
115,429.0,001053.OF,南方创新经济,章晖,杜冬松(20150324-20160330) 章晖(20150619-至今),否,混合型基金,灵活配置型基金,1882626054.26,8.5260273972603,,87.840441179914,稳定行业均衡基金,风格轮动基金,风格轮动基金,稳定共振基金,稳定低,0.08210212066372351,0.007967564258073354,252.0,242.0,247.0
116,223.0,000549.OF,华安大国新经济股票A,翁启森,陈逊(20140414-20150626) 翁启森(20140415-至今),否,股票型基金,普通股票型基金,64624340.45,9.4684931506849,,94.185533295997,稳定行业均衡基金,风格轮动基金,稳定中盘,轮动基金,稳定低,0.07935518353692306,0.007973805249571057,249.0,243.0,246.0
117,354.0,161810.SZ,银华内需精选混合(LOF),"王利刚,刘辉",齐海滔(20090701-20101229) 徐子涵(20100621-20130625) 邹积建(20111130-20160708) 倪明(20160708-20170904) 刘辉(20170315-至今) 王利刚(20210426-至今),否,混合型基金,偏股混合型基金,2199887441.86,14.257534246575,,94.676061225615,稳定行业均衡基金,风格轮动基金,风格轮动基金,稳定独立基金,稳定高,0.06764694361366894,0.008486202994291585,243.0,249.0,246.0
118,443.0,001280.OF,银华聚利灵活配置混合A,孙蓓琳,胡娜(20150514-20161018) 哈默(20161017-20171109) 孙蓓琳(20171108-至今),否,混合型基金,灵活配置型基金,426499160.57,8.386301369863,,86.368300168379,稳定行业均衡基金,风格轮动基金,稳定大盘,稳定共振基金,轮动基金,0.06900693442285735,0.008261742336178154,245.0,246.0,245.5
119,70.0,320012.OF,诺安主题精选混合,罗春蕾,杨谷(20100915-20150117) 刘魁(20150117-20151121) 罗春蕾(20150926-至今),否,混合型基金,偏股混合型基金,355370875.23,13.049315068493,,85.643423584732,稳定行业均衡基金,风格轮动基金,风格轮动基金,轮动基金,轮动基金,0.050208673120346436,0.009095723180604589,234.0,253.0,243.5
120,292.0,001725.OF,汇添富高端制造股票A,赵鹏飞,赵鹏飞(20170320-至今),否,股票型基金,普通股票型基金,1947676141.86,6.5342465753425,,80.456844642543,稳定行业均衡基金,风格轮动基金,风格轮动基金,轮动基金,轮动基金,0.0718919275208243,0.007308111142732142,247.0,238.0,242.5
121,196.0,690007.OF,民生加银景气行业混合A,王亮,蔡锋亮(20111122-20130403) 乐瑞祺(20111122-20140707) 吴剑飞(20120203-20181108) 王亮(20181101-至今),否,混合型基金,偏股混合型基金,1216293722.68,11.86301369863,,84.220848803803,稳定行业均衡基金,风格轮动基金,稳定大盘,稳定共振基金,轮动基金,0.06767927562240361,0.007752281930339667,244.0,241.0,242.5
122,414.0,000747.OF,广发逆向策略混合A,程琨,程琨(20140904-至今),否,混合型基金,灵活配置型基金,138052783.23,9.0767123287671,,94.840999921811,稳定行业均衡基金,风格轮动基金,风格轮动基金,轮动基金,稳定高,0.05706589582410307,0.008007330852469243,239.0,244.0,241.5
123,363.0,163415.SZ,兴全商业模式混合(LOF),乔迁,董承非(20121218-20131223) 吴圣涛(20121218-20180710) 谢治宇(20150327-20150511) 乔迁(20180710-至今),否,混合型基金,偏股混合型基金,11277183326.0,10.78904109589,,93.247118915108,稳定行业均衡基金,风格轮动基金,风格轮动基金,轮动基金,稳定低,0.04705085597139426,0.008998624801415714,229.0,251.0,240.0
124,15.0,180018.OF,银华和谐主题混合,唐能,陆文俊(20090427-20130830) 万志勇(20090601-20100619) 周晶(20130225-20150506) 周可彦(20150506-20181227) 唐能(20150525-至今),否,混合型基金,灵活配置型基金,270109328.92,14.435616438356,,79.320725232506,稳定行业均衡基金,风格轮动基金,稳定大盘,稳定共振基金,稳定高,0.06310022038587103,0.007441418466783058,240.0,239.0,239.5
125,179.0,570008.OF,诺德周期策略混合,罗世锋,胡志伟(20120321-20140401) 陈国光(20120424-20150620) 罗世锋(20150620-至今),否,混合型基金,偏股混合型基金,1275628337.19,11.534246575342,,93.379617559607,稳定行业均衡基金,风格轮动基金,稳定大盘,轮动基金,稳定高,0.06424703619569157,0.007052080988496238,241.0,237.0,239.0
126,555.0,040005.OF,华安宏利混合A,王春,尚志民(20060906-20150217) 陈俏宇(20070314-20080213) 汪光成(20080213-20090327) 陈逊(20120530-20140423) 翁启森(20140318-20160921) 施卫平(20140430-20150626) 王春(20151028-至今),否,混合型基金,偏股混合型基金,2185272474.15,17.076712328767,,85.38247367653,稳定行业均衡基金,风格轮动基金,风格轮动基金,轮动基金,轮动基金,0.048862104457315605,0.007700240084074993,233.0,240.0,236.5
127,89.0,410003.OF,华富成长趋势混合,陈启明,赵密(20070319-20070719) 林树财(20070403-20070512) 沈雪峰(20070512-20080517) 吴圣涛(20080308-20090918) 陈德义(20090908-20130116) 龚炜(20121221-20190717) 王光力(20131018-20150511) 王翔(20150511-20170314) 陈启明(20170314-至今),否,混合型基金,偏股混合型基金,1002928363.49,16.545205479452,,86.208467305813,稳定行业均衡基金,风格轮动基金,风格轮动基金,稳定中立基金,轮动基金,0.05396095369048565,0.006932070905581294,236.0,236.0,236.0
128,452.0,001457.OF,华商新常态混合A,吴昊,吴鹏飞(20150629-20160829) 高兵(20160805-20180716) 吴昊(20180712-至今),否,混合型基金,灵活配置型基金,143287837.01,8.2602739726027,,88.142460879799,稳定行业均衡基金,风格轮动基金,风格轮动基金,轮动基金,稳定低,0.06674128823206993,0.006111730028407313,242.0,230.0,236.0
129,248.0,001036.OF,嘉实企业变革股票,谢泽林,刘美玲(20150212-20160220) 杜毅(20150228-20171017) 谢泽林(20171017-至今),否,股票型基金,普通股票型基金,470092321.83,8.6356164383562,,92.222576061725,稳定行业均衡基金,风格轮动基金,风格轮动基金,轮动基金,稳定中,0.05701666440554601,0.006202828175302745,238.0,233.0,235.5
130,405.0,000589.OF,光大保德信银发商机混合A,陈栋,王健(20140429-20150530) 陈栋(20150414-至今),否,混合型基金,偏股混合型基金,69138606.38,9.427397260274,,87.481045857795,稳定行业均衡基金,稳定均衡-价值型,稳定大盘,稳定共振基金,稳定中,0.04794510872247375,0.006613727892227061,231.0,235.0,233.0
131,384.0,000117.OF,广发轮动配置混合,吴兴武,朱纪刚(20130528-20150217) 吴兴武(20150212-至今),否,混合型基金,偏股混合型基金,332678329.93,10.347945205479,,84.777540556773,稳定行业均衡基金,风格轮动基金,稳定大盘,稳定共振基金,稳定高,0.0533418662469967,0.006115689793024274,235.0,231.0,233.0
132,533.0,004871.OF,中银金融地产混合A,刘腾,刘腾(20170928-至今),否,混合型基金,偏股混合型基金,135532957.6,6.0082191780822,,91.583725893699,稳定金融地产行业基金,稳定价值型,稳定大盘,稳定中立基金,轮动基金,0.054313138311442855,0.005352802968035213,237.0,225.0,231.0
133,545.0,005244.OF,国泰聚优价值灵活配置混合A,程洲,程洲(20171115-至今),否,混合型基金,灵活配置型基金,382327412.1,5.8767123287671,,90.738612844421,稳定行业均衡基金,风格轮动基金,稳定小盘,轮动基金,轮动基金,0.0487856810136891,0.006067633668207337,232.0,229.0,230.5
134,351.0,161224.SZ,国投瑞银新丝路混合(LOF),王鹏,綦缚鹏(20150410-20170610) 王鹏(20150413-至今) 狄晓娇(20170520-20191015),否,混合型基金,灵活配置型基金,124210597.1,8.4794520547945,,94.439167445239,稳定行业均衡基金,风格轮动基金,风格轮动基金,稳定独立基金,轮动基金,0.040851177057356566,0.00655029041043804,225.0,234.0,229.5
135,285.0,001651.OF,工银新蓝筹股票A,"王筱苓,盛震山",王筱苓(20150806-至今) 盛震山(20231013-至今),否,股票型基金,普通股票型基金,274793452.54,8.1561643835616,,81.149563072292,稳定行业均衡基金,稳定价值型,稳定大盘,轮动基金,稳定低,0.043544874511708964,0.006198317422799035,227.0,232.0,229.5
136,128.0,519035.OF,富国天博创新混合,毕天宇,毕天宇(20070427-至今),否,混合型基金,偏股混合型基金,1969883948.44,16.438356164384,,92.465097076021,稳定行业均衡基金,风格轮动基金,风格轮动基金,轮动基金,轮动基金,0.047755805054891215,0.005798136611032519,230.0,228.0,229.0
137,316.0,004476.OF,景顺长城沪港深领先科技股票,詹成,黎海威(20170707-20190808) 詹成(20170707-至今),否,股票型基金,普通股票型基金,854430533.38,6.2356164383562,,88.526195046871,稳定行业均衡基金,风格轮动基金,风格轮动基金,轮动基金,稳定低,0.04112003589396272,0.005451448352889902,226.0,227.0,226.5
138,247.0,001028.OF,华安物联网主题股票A,翁启森,翁启森(20150317-至今),否,股票型基金,普通股票型基金,265785097.54,8.5452054794521,,94.203252006098,稳定行业均衡基金,风格轮动基金,稳定中盘,轮动基金,稳定低,0.04622701202432586,0.005232992271016169,228.0,223.0,225.5
139,306.0,002229.OF,华夏经济转型股票,张帆,彭海伟(20160315-20180724) 张帆(20170106-至今),否,股票型基金,普通股票型基金,1011573267.92,7.5479452054795,,91.830335230198,稳定行业均衡基金,风格轮动基金,风格轮动基金,轮动基金,轮动基金,0.03975953946200171,0.005373494889876663,224.0,226.0,225.0
140,379.0,000020.OF,景顺长城品质投资混合A,詹成,余广(20130319-20170105) 詹成(20151229-至今),否,混合型基金,偏股混合型基金,440663647.31,10.539726027397,,85.465789664815,稳定行业均衡基金,风格轮动基金,风格轮动基金,轮动基金,轮动基金,0.03754400280462311,0.005047943125736979,222.0,222.0,222.0
141,435.0,001125.OF,博时互联网主题灵活配置混合,郭晓林,招扬(20150428-20180319) 张雪川(20150428-20160607) 郭晓林(20160720-至今) 肖瑞瑾(20170105-20190621),否,混合型基金,灵活配置型基金,358951913.55,8.4301369863014,,80.287987123338,稳定行业均衡基金,稳定成长型,风格轮动基金,轮动基金,轮动基金,0.0378002306002512,0.004293071556926654,223.0,220.0,221.5
142,159.0,519736.OF,交银新成长混合,王崇,管华雨(20140509-20150523) 王崇(20141022-至今),否,混合型基金,偏股混合型基金,8301110304.83,9.4,,92.264521390393,稳定行业均衡基金,风格轮动基金,风格轮动基金,稳定共振基金,稳定高,0.02676913313168347,0.0052839557556706275,218.0,224.0,221.0
143,211.0,160133.SZ,南方天元新产业股票(LOF),蒋秋洁,蒋朋宸(20140703-20150616) 蒋秋洁(20150616-至今),否,股票型基金,普通股票型基金,1125856587.55,9.2493150684931,,80.486620025195,稳定行业均衡基金,风格轮动基金,稳定大盘,稳定共振基金,轮动基金,0.026317169864356976,0.0032776429606348138,217.0,216.0,216.5
144,320.0,004851.OF,广发医疗保健股票A,吴兴武,邱璟旻(20170810-20181105) 吴兴武(20181016-至今),否,股票型基金,普通股票型基金,6931936105.76,6.1424657534247,,82.041057873314,稳定医药行业基金,风格轮动基金,风格轮动基金,轮动基金,轮动基金,0.03116496372338845,0.0031609375393023722,220.0,213.0,216.5
145,201.0,750001.OF,安信灵活配置混合,张竞,陈振宇(20120620-20140115) 黄立华(20140115-20151201) 占冠良(20151201-20180115) 张竞(20171229-至今),否,混合型基金,灵活配置型基金,2088302789.56,11.284931506849,,79.488180244674,稳定行业均衡基金,风格轮动基金,风格轮动基金,轮动基金,稳定中,0.01883938562813195,0.004903611165571306,212.0,221.0,216.5
146,195.0,690005.OF,民生加银内需增长混合,柳世庆,陈东(20110128-20110729) 蔡锋亮(20110406-20160704) 宋磊(20160704-20180321) 柳世庆(20161124-至今),否,混合型基金,偏股混合型基金,211491116.09,12.679452054795,,90.98402812254,稳定行业均衡基金,风格轮动基金,风格轮动基金,轮动基金,轮动基金,0.029436688085447804,0.00321534786982567,219.0,214.0,216.5
147,330.0,110022.OF,易方达消费行业股票,"萧楠,王元春",刘芳洁(20100820-20121124) 萧楠(20120928-至今) 蔡海洪(20130427-20150110) 王元春(20210116-至今),否,股票型基金,普通股票型基金,23537829570.86,13.120547945205,,89.46789397796,稳定消费行业基金,风格轮动基金,稳定大盘,稳定共振基金,稳定高,0.02560059579896698,0.0032513826704735497,216.0,215.0,215.5
148,258.0,001171.OF,工银养老产业股票A,赵蓓,赵蓓(20150428-至今) 胡文彪(20150428-20170804),否,股票型基金,普通股票型基金,2414940971.82,8.4301369863014,,84.123172348607,稳定医药行业基金,风格轮动基金,风格轮动基金,稳定中立基金,轮动基金,0.03244259719382177,0.0019105957195580457,221.0,207.0,214.0
149,91.0,410007.OF,华富价值增长混合,陈启明,季雷(20090715-20110125) 韩玮(20090804-20110124) 郭锋(20101227-20121219) 郭晨(20121219-20141009) 陈启明(20140926-至今),否,混合型基金,灵活配置型基金,779688373.47,14.219178082192,,79.149330810657,稳定行业均衡基金,稳定成长-均衡型,风格轮动基金,轮动基金,轮动基金,0.018476279599505624,0.0035027943213575036,211.0,217.0,214.0
150,44.0,240022.OF,华宝资源优选A,"丁靖斐,蔡目荣",蔡目荣(20120821-至今) 丁靖斐(20190905-至今),否,混合型基金,偏股混合型基金,1199519423.22,11.115068493151,,85.661440859623,稳定周期行业基金,风格轮动基金,风格轮动基金,轮动基金,轮动基金,0.013474788685695585,0.004133107284119134,208.0,219.0,213.5
151,403.0,000527.OF,南方新优享灵活配置混合A,章晖,史博(20140226-20181116) 章晖(20150528-至今),否,混合型基金,灵活配置型基金,3590657648.52,9.5972602739726,,84.900169241996,稳定行业均衡基金,风格轮动基金,风格轮动基金,稳定共振基金,稳定低,0.022882246612952795,0.002626860090912462,214.0,212.0,213.0
152,71.0,320015.OF,诺安行业轮动A,韩冬燕,谢志华(20170623-20190112) 韩冬燕(20170623-至今),否,混合型基金,偏股混合型基金,664241791.07,6.2739726027397,,83.300513073337,稳定行业均衡基金,稳定价值型,风格轮动基金,轮动基金,轮动基金,0.02416157969232663,0.002563103955570168,215.0,210.0,212.5
153,522.0,004263.OF,华安沪港深机会灵活配置混合,"盛骅,陆秋渊",苏圻涵(20170510-20180903) 陆秋渊(20170630-至今) 盛骅(20180214-至今),否,混合型基金,灵活配置型基金,628974763.65,6.3945205479452,,93.980489275867,稳定行业均衡基金,稳定价值型,风格轮动基金,轮动基金,轮动基金,0.004860456232325672,0.0035254472468390107,205.0,218.0,211.5
154,506.0,003095.OF,中欧医疗健康混合A,葛兰,葛兰(20160929-至今),否,混合型基金,偏股混合型基金,24195116147.53,7.0054794520548,,87.767345074518,稳定医药行业基金,风格轮动基金,风格轮动基金,稳定中立基金,轮动基金,0.017200747174679426,0.002138560288182575,209.0,208.0,208.5
155,339.0,519714.OF,交银施罗德消费新驱动股票,韩威俊,屈乐伟(20121107-20130330) 蔡铮(20121227-20150701) 李德亮(20150701-20150829) 盖婷婷(20150701-20180906) 韩威俊(20180824-至今),否,股票型基金,普通股票型基金,2574248799.99,10.901369863014,,93.671490801875,稳定消费行业基金,风格轮动基金,稳定大盘,轮动基金,稳定高,0.021405850215173494,0.001293886133628261,213.0,203.0,208.0
156,371.0,168101.SZ,九泰锐智事件驱动混合(LOF),刘开运,刘开运(20150814-至今),否,混合型基金,灵活配置型基金,46049281.1,8.1342465753425,,93.547495185544,稳定行业均衡基金,稳定均衡型,稳定大盘,稳定中立基金,稳定高,0.013006089402909107,0.0021730421708928745,207.0,209.0,208.0
157,491.0,002562.OF,泓德泓益量化混合,苏昌景,郭堃(20160426-20170606) 苏昌景(20160429-至今),否,混合型基金,偏股混合型基金,210650300.84,7.4328767123288,,93.337416351159,稳定行业均衡基金,风格轮动基金,风格轮动基金,轮动基金,稳定低,0.018168038155826058,0.0018346193387182692,210.0,206.0,208.0
158,517.0,003715.OF,宝盈消费主题混合,杨思亮,段鹏程(20170104-20181124) 杨思亮(20181025-至今),否,混合型基金,灵活配置型基金,351485377.4,6.7397260273973,,67.061780138225,稳定行业均衡基金,稳定价值型,风格轮动基金,轮动基金,稳定高,0.0027328203057497696,0.00260904884663474,202.0,211.0,206.5
159,137.0,519181.OF,万家和谐增长混合A,莫海波,路志刚(20061201-20080927) 李洪雨(20080927-20100626) 鞠英利(20100626-20110706) 宁冬莉(20110603-20130831) 吕宜振(20110930-20130104) 华光磊(20130104-20150522) 刘芳洁(20130601-20141114) 莫海波(20150506-至今) 刘林峰(20220621-20230808),否,混合型基金,灵活配置型基金,553308528.6,16.843835616438,,93.832751731212,稳定行业均衡基金,风格轮动基金,风格轮动基金,轮动基金,稳定高,0.006428190607203427,0.0012631236990403554,206.0,202.0,204.0
160,239.0,000960.OF,招商医药健康产业股票,李佳存,李佳存(20150130-至今),否,股票型基金,普通股票型基金,2027606859.31,8.6712328767123,,88.502912429517,稳定医药行业基金,风格轮动基金,风格轮动基金,轮动基金,轮动基金,0.0036595274778213893,0.0013355142294053982,204.0,204.0,204.0
161,396.0,000339.OF,长城医疗保健混合A,谭小兵,徐九龙(20140228-20160301) 谭小兵(20160203-至今) 陈蔚丰(20211108-20221028),否,混合型基金,偏股混合型基金,614608499.76,9.5917808219178,,90.254579197485,稳定医药行业基金,风格轮动基金,风格轮动基金,轮动基金,轮动基金,0.000679504109442855,0.0015680335776516155,201.0,205.0,203.0
162,26.0,202212.OF,南方平衡配置混合,"邹寅隆,黄春逢",黄春逢(20170715-至今) 邹寅隆(20210604-至今),否,混合型基金,灵活配置型基金,181168889.48,6.213698630137,,76.279377881408,稳定行业均衡基金,风格轮动基金,稳定大盘,稳定共振基金,轮动基金,-0.0008092093119871357,0.00068571167341633,200.0,200.0,200.0
163,282.0,001637.OF,嘉实量化精选股票,"刘斌,龙昌伦",刘斌(20151207-至今) 龙昌伦(20170622-至今),否,股票型基金,普通股票型基金,1846496554.69,7.8191780821918,,92.970174803722,稳定行业均衡基金,稳定价值型,风格轮动基金,稳定独立基金,稳定低,-0.0013290165895039063,0.0004228165586772476,198.0,198.0,198.0
164,286.0,001672.OF,国寿安保智慧生活股票,张琦,吴坚(20150901-20171026) 张琦(20150923-至今),否,股票型基金,普通股票型基金,1327299884.29,8.0849315068493,,87.080480792649,稳定行业均衡基金,风格轮动基金,风格轮动基金,稳定独立基金,稳定低,-0.0009891780081677931,-0.0008143222266851807,199.0,194.0,196.5
165,43.0,240008.OF,华宝收益增长混合A,毛文博,冯刚(20060615-20100728) 栾杰(20060615-20070731) 邵喆阳(20100626-20150217) 闫旭(20150217-20190713) 毛文博(20150409-至今),否,混合型基金,灵活配置型基金,714545073.16,17.304109589041,,91.617675003617,稳定行业均衡基金,稳定价值型,稳定大盘,轮动基金,稳定高,0.0033732823350637042,-0.0011685858694448006,203.0,190.0,196.5
166,157.0,519712.OF,交银阿尔法核心混合A,何帅,龙向东(20120803-20150926) 何帅(20150916-至今),否,混合型基金,偏股混合型基金,5110294390.770001,11.164383561644,,77.276835177517,稳定行业均衡基金,风格轮动基金,风格轮动基金,轮动基金,稳定高,-0.010750750724518171,0.0008967066841754787,191.0,201.0,196.0
167,295.0,001766.OF,摩根医疗健康股票A,方钰涵,张飞(20151021-20180209) 张一甫(20180209-20190816) 方钰涵(20190816-至今),否,股票型基金,普通股票型基金,701233464.29,7.9479452054795,,83.150634000011,稳定医药行业基金,稳定成长-均衡型,风格轮动基金,轮动基金,轮动基金,-0.009268959415374645,0.0005537442695784643,193.0,199.0,196.0
168,305.0,002210.OF,创金合信量化多因子股票A,"黄小虎,董梁",程志田(20160122-20190705) 庞世恩(20160125-20180831) 董梁(20190705-至今) 孙悦(20210709-20220720) 黄小虎(20220729-至今),否,股票型基金,普通股票型基金,287923777.56,7.6931506849315,,93.291262983668,稳定行业均衡基金,风格轮动基金,稳定小盘,轮动基金,稳定低,-0.008844302521593017,-0.0004062880422952249,194.0,196.0,195.0
169,276.0,001528.OF,诺安先进制造股票A,韩冬燕,刘魁(20150821-20151121) 韩冬燕(20151105-至今),否,股票型基金,普通股票型基金,401640283.37,8.1150684931507,,82.506767231991,稳定行业均衡基金,稳定价值型,风格轮动基金,轮动基金,轮动基金,-0.002243515482613076,-0.0010905894901217092,197.0,191.0,194.0
170,560.0,040016.OF,华安行业轮动混合,饶晓鹏,沈雪峰(20100511-20121015) 吴丰树(20121015-20180706) 陈媛(20180611-20190830) 饶晓鹏(20181112-至今),否,混合型基金,偏股混合型基金,506354273.27,13.397260273973,,90.097934687861,稳定行业均衡基金,风格轮动基金,风格轮动基金,轮动基金,轮动基金,-0.01790563166083685,-0.0002635391125236212,187.0,197.0,192.0
171,335.0,376510.OF,摩根大盘蓝筹股票A,朱晓龙,罗建辉(20101220-20130821) 征茂平(20130722-20190719) 朱晓龙(20190719-至今),否,股票型基金,普通股票型基金,196550936.42,12.786301369863,,91.525971568913,稳定行业均衡基金,风格轮动基金,风格轮动基金,稳定中立基金,稳定低,-0.011480266087758637,-0.0008487227782391837,190.0,193.0,191.5
172,234.0,000831.OF,工银医疗保健股票,"丁洋,赵蓓",宋炳珅(20141118-20180828) 赵蓓(20141118-至今) 谭冬寒(20160902-20220614) 丁洋(20230505-至今),否,股票型基金,普通股票型基金,4221434572.63,8.8712328767123,,84.5976630429,稳定医药行业基金,风格轮动基金,风格轮动基金,轮动基金,轮动基金,-0.009594304898442124,-0.0012269787179097077,192.0,189.0,190.5
173,459.0,001564.OF,东方红京东大数据混合A,周云,杨达治(20150731-20160129) 周云(20150914-至今),否,混合型基金,灵活配置型基金,1416510959.05,8.172602739726,,75.469652285675,稳定行业均衡基金,稳定价值型,风格轮动基金,稳定中立基金,轮动基金,-0.002276637119843508,-0.002136602110204786,196.0,181.0,188.5
174,368.0,166006.SZ,中欧行业成长混合(LOF)A,"尹为醇,王培",沈洋(20091230-20120118) 王海(20120118-20140110) 魏博(20140110-20150116) 曹剑飞(20140818-20160408) 李欣(20160108-20190820) 王培(20170726-至今) 尹为醇(20220707-至今),否,混合型基金,偏股混合型基金,2447783677.45,13.758904109589,,90.517970389342,稳定行业均衡基金,风格轮动基金,风格轮动基金,轮动基金,轮动基金,-0.019369921320661343,-0.0010816207925077588,185.0,192.0,188.5
175,,000996.OF,,,,,,,,,,,,,,,,-0.004388474171853965,-0.0019128475456596595,195.0,182.0,188.5
176,16.0,180028.OF,银华永祥灵活配置混合,"贾鹏,孙慧,郭思捷",贾鹏(20170808-至今) 孙慧(20170808-至今) 郭思捷(20200729-至今),否,混合型基金,灵活配置型基金,70635290.75,6.1479452054795,,76.545164358936,稳定行业均衡基金,风格轮动基金,风格轮动基金,轮动基金,轮动基金,-0.022005315745935616,-0.0005415345991794944,180.0,195.0,187.5
177,191.0,660010.OF,农银策略精选混合,张峰,张惟(20110906-20140210) 赵谦(20140128-20160308) 张峰(20151202-至今),否,混合型基金,偏股混合型基金,2410258370.06,12.07397260274,,79.298061835272,稳定行业均衡基金,风格轮动基金,风格轮动基金,轮动基金,轮动基金,-0.018959488778357403,-0.0015227538360381527,186.0,188.0,187.0
178,23.0,202007.OF,南方隆元产业主题混合,蒋秋洁,吕一凡(20071114-20080414) 汪澂(20080411-20131114) 蒋朋宸(20080414-20140117) 彭砚(20140117-20150724) 蒋秋洁(20150724-至今),否,混合型基金,偏股混合型基金,985069936.07,15.901369863014,,72.762513922572,稳定行业均衡基金,风格轮动基金,稳定大盘,稳定共振基金,轮动基金,-0.013908979735005725,-0.001579128466323262,189.0,185.0,187.0
179,125.0,519025.OF,海富通领先成长混合,李志,陈绍胜(20090430-20120409) 陈静(20120409-20140411) 谢志刚(20140411-20150611) 黄峰(20141217-20170630) 张金涛(20151026-20170502) 李志(20170515-至今),否,混合型基金,偏股混合型基金,69188481.84,14.427397260274,,93.767281453043,稳定行业均衡基金,稳定均衡型,风格轮动基金,轮动基金,稳定低,-0.01696165729490494,-0.0016153232597910373,188.0,184.0,186.0
180,171.0,530006.OF,建信核心精选混合,王东杰,田擎(20081125-20100427) 王新艳(20100427-20131220) 乔林建(20131113-20150522) 顾中汉(20150522-20170330) 潘龙玲(20160330-20170828) 姚锦(20170609-20180912) 王东杰(20170828-至今),否,混合型基金,偏股混合型基金,477916627.97,14.854794520548,,79.63842921864,稳定行业均衡基金,风格轮动基金,稳定大盘,稳定共振基金,稳定高,-0.021133399905947717,-0.0015619021332129567,182.0,186.0,184.0
181,352.0,161610.SZ,融通领先成长混合(LOF)A/B,"邹曦,何龙",刘模林(20070430-20110122) 陈文涛(20070430-20100313) 管文浩(20100313-20130207) 余志勇(20120810-20141224) 刘格菘(20141224-20170218) 伍文友(20150829-20180823) 邹曦(20170218-至今) 何龙(20180823-至今),否,混合型基金,偏股混合型基金,1167878231.29,16.430136986301,,86.897991366857,稳定行业均衡基金,风格轮动基金,风格轮动基金,轮动基金,稳定低,-0.021821107617159524,-0.001835741255870368,181.0,183.0,182.0
182,25.0,202023.OF,南方优选成长混合A,骆帅,谈建强(20110130-20150710) 骆帅(20150619-至今),否,混合型基金,灵活配置型基金,2916772950.48,12.67397260274,,74.526234473463,稳定行业均衡基金,风格轮动基金,风格轮动基金,轮动基金,轮动基金,-0.01948783927399153,-0.002581759860726919,184.0,177.0,180.5
183,132.0,519089.OF,新华优选成长混合,栾超,王卫东(20080725-20140102) 曹名长(20080725-20090827) 崔建波(20120110-20130201) 何潇(20120730-20140102) 李昱(20130201-20150915) 付伟(20150825-20180827) 栾超(20180105-至今),否,混合型基金,偏股混合型基金,562660567.38,15.191780821918,,85.088165317735,稳定行业均衡基金,风格轮动基金,风格轮动基金,稳定共振基金,轮动基金,-0.022331750320154484,-0.002161664969110585,179.0,180.0,179.5
184,438.0,001179.OF,德邦大健康灵活配置混合A,黎莹,李煜(20150429-20150618) 黎莹(20150604-至今),否,混合型基金,灵活配置型基金,277601642.95,8.427397260274,,92.756015475805,稳定行业均衡基金,稳定价值型,风格轮动基金,稳定独立基金,稳定中,-0.0318199873227305,-0.0015373406308678902,171.0,187.0,179.0
185,41.0,233011.OF,大摩主题优选混合,缪东航,盛军锋(20120313-20140320) 周志超(20140320-20151121) 王增财(20151121-20170125) 袁斌(20170121-20170701) 缪东航(20170125-至今),否,混合型基金,偏股混合型基金,113290569.44,11.556164383562,,92.665263542169,稳定行业均衡基金,风格轮动基金,风格轮动基金,稳定中立基金,轮动基金,-0.023347321906563315,-0.0025471460615672454,178.0,178.0,178.0
186,32.0,217009.OF,招商核心价值混合,郭锐,张冰(20070330-20110728) 程国发(20070330-20080320) 黄顺祥(20080403-20090624) 张力(20090827-20111221) 赵龙(20111125-20140129) 吴渭(20140129-20150228) 郭锐(20150210-至今),否,混合型基金,灵活配置型基金,684950117.22,16.515068493151,,88.324994766836,稳定行业均衡基金,风格轮动基金,风格轮动基金,稳定独立基金,稳定中,-0.023892349092078546,-0.0026493790745776213,177.0,176.0,176.5
187,192.0,660012.OF,农银消费主题混合A,徐文卉,付娟(20120424-20191108) 曹剑飞(20120424-20130624) 徐文卉(20170516-至今),否,混合型基金,偏股混合型基金,549098006.29,11.441095890411,,79.766490861866,稳定消费行业基金,稳定成长-均衡型,风格轮动基金,轮动基金,轮动基金,-0.020719235133942387,-0.0037096343018609996,183.0,166.0,174.5
188,107.0,470009.OF,汇添富民营活力混合A,马翔,齐东超(20100505-20140408) 朱晓亮(20140408-20160311) 马翔(20160311-至今),否,混合型基金,偏股混合型基金,2341113663.43,13.413698630137,,93.632594526333,稳定行业均衡基金,风格轮动基金,风格轮动基金,轮动基金,轮动基金,-0.031159619649173784,-0.002664385441569819,173.0,175.0,174.0
189,269.0,001404.OF,招商移动互联网产业股票基金A,张林,韩冰(20150619-20170629) 王忠波(20150619-20170107) 钟贇(20170222-20190323) 潘明曦(20170629-20190614) 张林(20190614-至今),否,股票型基金,普通股票型基金,1631746806.95,8.2876712328767,,91.145959943416,稳定TMT行业基金,稳定成长型,风格轮动基金,轮动基金,稳定中,-0.02733571099411812,-0.00335153161704001,175.0,171.0,173.0
190,507.0,003131.OF,国寿安保强国智造灵活配置混合,李捷,张琦(20160927-20171107) 李捷(20160927-至今),否,混合型基金,灵活配置型基金,86471582.1,7.0109589041096,,92.646858198284,稳定行业均衡基金,风格轮动基金,风格轮动基金,轮动基金,稳定低,-0.031118503396981217,-0.0032357867102928745,174.0,172.0,173.0
191,193.0,688888.OF,浙商聚潮产业成长混合A,贾腾,姜培正(20110517-20150605) 方维(20121231-20150720) 倪权生(20150511-20170719) 唐桦(20150722-20190226) 贾腾(20190221-至今),否,混合型基金,偏股混合型基金,816592969.4,12.380821917808,,92.465098773493,稳定行业均衡基金,风格轮动基金,风格轮动基金,稳定独立基金,稳定高,-0.025261418666186336,-0.0034664198785286857,176.0,170.0,173.0
192,224.0,000577.OF,安信价值精选股票,陈一峰,陈一峰(20140421-至今),否,股票型基金,普通股票型基金,2026917823.5,9.4493150684932,,92.649880488852,稳定行业均衡基金,风格轮动基金,稳定大盘,稳定共振基金,稳定高,-0.03625985236254939,-0.003002673598236175,169.0,174.0,171.5
193,454.0,001475.OF,易方达国防军工混合A,何崇恺,陈皓(20150619-20200606) 何崇恺(20191128-至今),否,混合型基金,偏股混合型基金,11583121845.34,8.2876712328767,,94.49464129237,稳定制造行业基金,稳定成长型,稳定中盘,轮动基金,稳定高,-0.043952530191282785,-0.0025453029344101427,164.0,179.0,171.5
194,33.0,217010.OF,招商大盘蓝筹混合,郭锐,游海(20080619-20100715) 黄顺祥(20080619-20090624) 周德昕(20100715-20120120) 刘军(20100824-20120529) 袁野(20120120-20131019) 陈玉辉(20121114-20150411) 郭锐(20150401-至今) 张林(20150722-20161231),否,混合型基金,偏股混合型基金,570346915.53,15.290410958904,,90.37539415305,稳定行业均衡基金,风格轮动基金,风格轮动基金,稳定独立基金,轮动基金,-0.031163951716365323,-0.0035769659457105143,172.0,169.0,170.5
195,2.0,162209.OF,宏利市值优选混合,庄腾飞,李泽刚(20070803-20090613) 魏延军(20070803-20080805) 史博(20080805-20090925) 吴俊峰(20090825-20140911) 梁辉(20140911-20150403) 张勋(20150403-20170228) 李坤元(20150518-20191220) 王鹏(20171107-20190929) 庄腾飞(20190929-至今),否,混合型基金,偏股混合型基金,813699614.28,16.169863013699,,84.322694719122,稳定行业均衡基金,风格轮动基金,稳定大盘,稳定中立基金,稳定高,-0.049305072010216944,-0.003051548881955436,162.0,173.0,167.5
196,477.0,001927.OF,华夏消费升级混合A,黄文倩,黄文倩(20160203-至今),否,混合型基金,灵活配置型基金,696961391.46,7.6602739726027,,82.1691848165,稳定消费行业基金,风格轮动基金,稳定大盘,稳定共振基金,稳定高,-0.03996825881201686,-0.003683463506028972,167.0,167.0,167.0
197,561.0,040020.OF,华安升级主题混合A,饶晓鹏,陈俏宇(20110422-20150618) 蒋璆(20150616-20160921) 饶晓鹏(20150907-至今),否,混合型基金,偏股混合型基金,337795514.26,12.449315068493,,91.669741524619,稳定行业均衡基金,风格轮动基金,风格轮动基金,轮动基金,轮动基金,-0.03525238472433276,-0.003917234726428907,170.0,163.0,166.5
198,490.0,002545.OF,东方岳灵活配置混合,盛泽,姚航(20160922-20180124) 邱义鹏(20160922-20170119) 张玉坤(20161227-20190102) 刘志刚(20170724-20180912) 盛泽(20180912-至今),否,混合型基金,灵活配置型基金,239795566.82,7.0246575342466,,93.534359840089,稳定行业均衡基金,风格轮动基金,稳定大盘,稳定共振基金,稳定低,-0.04015977975918893,-0.0038544819961323605,166.0,164.0,165.0
199,361.0,163409.SZ,兴全绿色投资混合(LOF),邹欣,陈锦泉(20110506-20150203) 傅鹏博(20110506-20130118) 杨岳斌(20141208-20170713) 邹欣(20170629-至今),否,混合型基金,偏股混合型基金,5369991726.520001,12.41095890411,,92.637544954725,稳定行业均衡基金,风格轮动基金,风格轮动基金,轮动基金,轮动基金,-0.039570312407078395,-0.004996134520030447,168.0,161.0,164.5
200,402.0,000522.OF,华润元大信息传媒科技混合A,刘宏毅,张仲维(20140331-20150508) 杨伟(20150508-20160812) 袁华涛(20160805-20190916) 石武斌(20170801-20190220) 李仆(20180822-20211103) 刘宏毅(20190214-至今),否,混合型基金,偏股混合型基金,160501837.63,9.5068493150685,,69.820983817116,稳定TMT行业基金,风格轮动基金,风格轮动基金,轮动基金,稳定高,-0.053791979152647745,-0.003678405508648365,160.0,168.0,164.0
201,442.0,001256.OF,泓德优选成长混合,王克玉,王德晓(20150521-20151118) 王克玉(20151009-至今),否,混合型基金,偏股混合型基金,2401554355.28,8.3671232876712,,93.189770007478,稳定行业均衡基金,风格轮动基金,风格轮动基金,轮动基金,稳定低,-0.044293621264686625,-0.005134572633795276,163.0,160.0,161.5
202,38.0,233006.OF,大摩领先优势混合,何晓春,项志群(20090922-20100911) 陈晓(20100910-20110919) 徐强(20110919-20120428) 刘红(20120308-20130420) 钱斌(20121215-20140829) 王增财(20140809-20170125) 徐达(20170121-20190917) 何晓春(20190916-至今),否,混合型基金,偏股混合型基金,329975304.84,14.030136986301,,94.740785266214,稳定行业均衡基金,风格轮动基金,风格轮动基金,稳定独立基金,稳定高,-0.043621735962721286,-0.005469158609554266,165.0,158.0,161.5
203,590.0,110023.OF,易方达医疗保健行业混合A,杨桢霄,李文健(20110128-20150314) 王勇(20150214-20170217) 杨桢霄(20160820-至今),否,混合型基金,偏股混合型基金,5336382152.64,12.679452054795,,93.637347478909,稳定医药行业基金,风格轮动基金,风格轮动基金,轮动基金,轮动基金,-0.060623718748924665,-0.004832669108630462,156.0,162.0,159.0
204,505.0,002983.OF,长信国防军工量化混合A,宋海岸,左金保(20170105-20181130) 宋海岸(20180212-至今),否,混合型基金,灵活配置型基金,653867365.0,6.7369863013699,,94.151065394153,稳定制造行业基金,风格轮动基金,风格轮动基金,轮动基金,稳定高,-0.0681646136607531,-0.0037428483859405434,150.0,165.0,157.5
205,263.0,001230.OF,鹏华医药科技A,金笑非,梁冬冬(20150602-20160624) 梁浩(20160624-20170729) 金笑非(20160624-至今),否,股票型基金,普通股票型基金,2719692131.51,8.3342465753425,,87.475950164366,稳定医药行业基金,风格轮动基金,风格轮动基金,稳定独立基金,轮动基金,-0.05441788784812383,-0.005685854353510331,159.0,156.0,157.5
206,386.0,000127.OF,农银行业领先混合,张峰,徐莉(20130625-20150612) 赵谦(20150606-20160308) 张峰(20150917-至今),否,混合型基金,偏股混合型基金,773371549.13,10.271232876712,,79.109207186151,稳定行业均衡基金,风格轮动基金,风格轮动基金,轮动基金,轮动基金,-0.055729391105743584,-0.005921636701001909,158.0,155.0,156.5
207,6.0,163807.OF,中银优选混合A,王伟,李志磊(20090403-20111018) 俞岱曦(20090421-20110926) 张琦(20110926-20150528) 王伟(20150528-至今),否,混合型基金,灵活配置型基金,2244580409.1,14.501369863014,,77.80100435444,稳定行业均衡基金,风格轮动基金,风格轮动基金,稳定共振基金,稳定低,-0.05043717746015823,-0.008174392525687219,161.0,147.0,154.0
208,439.0,001184.OF,易方达新常态混合,孙松,宋昆(20150430-20190112) 樊正伟(20150430-20180324) 赵锴(20181212-20200625) 孙松(20181225-至今),否,混合型基金,灵活配置型基金,2051929821.37,8.4246575342466,,92.496055259473,稳定行业均衡基金,风格轮动基金,稳定大盘,稳定共振基金,稳定中,-0.06466335667486682,-0.006698963767119136,153.0,154.0,153.5
209,318.0,004683.OF,建信高端医疗股票A,潘龙玲,潘龙玲(20170718-至今),否,股票型基金,普通股票型基金,206296618.06,6.2054794520548,,93.608812218771,稳定医药行业基金,风格轮动基金,风格轮动基金,轮动基金,轮动基金,-0.06224846561548272,-0.007556267210435329,154.0,152.0,153.0
210,369.0,166009.SZ,中欧新动力混合(LOF)A,王健,苟开红(20110210-20150529) 袁争光(20150529-20170616) 王健(20161103-至今) 孔晓语(20170621-20180919) 许文星(20180416-20230217),否,混合型基金,偏股混合型基金,1364793439.1,12.643835616438,,89.895360996313,稳定行业均衡基金,风格轮动基金,风格轮动基金,稳定独立基金,稳定中,-0.05797962650643508,-0.008028061692553243,157.0,148.0,152.5
211,27.0,206009.OF,鹏华新兴产业混合,梁浩,陈鹏(20110615-20130316) 梁浩(20110714-至今),否,混合型基金,偏股混合型基金,3370696264.1,12.301369863014,,92.767990281821,稳定行业均衡基金,风格轮动基金,风格轮动基金,稳定独立基金,轮动基金,-0.06742631003535302,-0.007426391274498135,151.0,153.0,152.0
212,332.0,162208.OF,宏利首选企业股票A,张勋,陈少平(20061201-20080805) 温震宇(20061201-20070430) 史博(20070726-20090523) 梁辉(20080805-20100208) 许杰(20100208-20110930) 刘金玉(20110308-20130724) 吴俊峰(20130724-20140911) 陈桥宁(20130724-20141124) 张勋(20141121-至今),否,股票型基金,普通股票型基金,482280853.71,16.841095890411,,92.367467699669,稳定行业均衡基金,风格轮动基金,风格轮动基金,稳定中立基金,稳定低,-0.06091681555889751,-0.008882360092001442,155.0,142.0,148.5
213,393.0,000264.OF,博时内需增长混合A,"陈雷,刘阳",王燕(20130715-20160801) 刘阳(20150707-至今) 陈雷(20170310-至今),否,混合型基金,灵活配置型基金,178607414.12,10.216438356164,,77.983652276954,稳定行业均衡基金,风格轮动基金,风格轮动基金,轮动基金,轮动基金,-0.08502540271255818,-0.005562568254766755,138.0,157.0,147.5
214,348.0,160916.SZ,大成优选混合(LOF)A,戴军,刘明(20120727-20140129) 汤义峰(20121126-20150417) 石国武(20150418-20160525) 戴军(20150521-至今),否,混合型基金,偏股混合型基金,1269937993.67,11.183561643836,,83.563316878222,稳定行业均衡基金,风格轮动基金,风格轮动基金,轮动基金,稳定高,-0.06957920236352833,-0.008536413589066993,148.0,145.0,146.5
215,340.0,519965.OF,长信量化多策略股票A,左金保,左金保(20150714-20180205) 常松(20150924-20180907) 左金保(20180830-至今),否,股票型基金,普通股票型基金,1203899856.52,8.2191780821918,,91.339991676505,稳定行业均衡基金,风格轮动基金,稳定大盘,稳定共振基金,稳定低,-0.07473605863268007,-0.008341848093000271,145.0,146.0,145.5
216,,320007.OF,,,,,,,,,,,,,,,,-0.09368111070269232,-0.005337259293602058,131.0,159.0,145.0
217,571.0,070019.OF,嘉实价值优势混合A,谭丽,陈勤(20100607-20141126) 顾义河(20121010-20141126) 翟琳琳(20141126-20171114) 谭丽(20171114-至今),否,混合型基金,偏股混合型基金,1684679200.19,13.323287671233,,93.679201652548,稳定行业均衡基金,稳定价值型,风格轮动基金,稳定独立基金,稳定高,-0.06897646753312728,-0.00897258447470437,149.0,141.0,145.0
218,391.0,000251.OF,工银金融地产混合A,鄢耀,王君正(20130826-20220909) 鄢耀(20130826-至今) 甘宗卫(20160927-20190412),否,混合型基金,偏股混合型基金,2660002897.97,10.101369863014,,92.723260771252,稳定金融地产行业基金,稳定价值型,稳定大盘,稳定中立基金,稳定高,-0.06618394781232233,-0.009939429296560932,152.0,136.0,144.0
219,301.0,001974.OF,景顺长城量化新动力股票,黎海威,黎海威(20160713-至今),否,股票型基金,普通股票型基金,785176580.95,7.2191780821918,,93.069963958405,稳定行业均衡基金,风格轮动基金,稳定大盘,稳定共振基金,稳定低,-0.0789079514506433,-0.008847155229942623,144.0,143.0,143.5
220,152.0,519692.OF,交银成长混合A,王少成,周炜炜(20061023-20101020) 管华雨(20101008-20150324) 王少成(20150324-至今),否,混合型基金,偏股混合型基金,1914822919.96,16.947945205479,,81.856132891071,稳定行业均衡基金,风格轮动基金,风格轮动基金,轮动基金,稳定高,-0.08246355524915834,-0.00867062599953084,140.0,144.0,142.0
221,495.0,002685.OF,中欧丰泓沪港深灵活配置混合A,"罗佳明,沈悦",曹名长(20161108-20210210) 卢博森(20161230-20200731) 曲径(20171117-20190702) 罗佳明(20190702-至今) 沈悦(20200731-至今),否,混合型基金,灵活配置型基金,4398432136.37,6.8958904109589,,94.225679327557,稳定行业均衡基金,稳定价值型,稳定小盘,轮动基金,轮动基金,-0.09303002998735271,-0.0077041345129474584,132.0,151.0,141.5
222,153.0,519694.OF,交银蓝筹混合,王少成,李旭利(20070808-20090527) 崔海峰(20080901-20100604) 张媚钗(20100604-20141022) 李德亮(20141022-20150829) 陈孜铎(20141022-20190129) 张迎军(20141022-20150711) 王少成(20180928-至今),否,混合型基金,偏股混合型基金,1300887784.67,16.156164383562,,82.682815221672,稳定行业均衡基金,风格轮动基金,风格轮动基金,轮动基金,稳定高,-0.06991480508419018,-0.0102209790071375,147.0,135.0,141.0
223,231.0,000780.OF,鹏华医疗保健股票,郎超,梁冬冬(20140923-20161014) 陈鹏(20161014-20180214) 金笑非(20170729-20200313) 郎超(20180412-至今),否,股票型基金,普通股票型基金,636949170.79,9.0246575342466,,93.696120376419,稳定医药行业基金,风格轮动基金,风格轮动基金,轮动基金,轮动基金,-0.09197265976477902,-0.00775055348874122,133.0,149.0,141.0
224,400.0,000480.OF,东方红新动力混合A,周云,杨达治(20140128-20151209) 周云(20150914-至今) 孙伟(20160122-20170412),否,混合型基金,灵活配置型基金,1676034007.81,9.6767123287671,,76.571237994497,稳定行业均衡基金,稳定价值型,风格轮动基金,稳定中立基金,轮动基金,-0.07324022039029934,-0.01069380266367517,146.0,130.0,138.0
225,54.0,260116.OF,景顺长城核心竞争力混合A类,余广,余广(20111220-至今) 陈嘉平(20111220-20130911),否,混合型基金,偏股混合型基金,2301806276.64,11.786301369863,,89.783765276241,稳定行业均衡基金,风格轮动基金,稳定大盘,轮动基金,轮动基金,-0.0896049404205753,-0.009373198155692137,136.0,139.0,137.5
226,197.0,700001.OF,平安行业先锋混合,刘杰,颜正华(20110920-20121019) 焦巍(20121019-20140922) 胡昆明(20140912-20160830) 傅浩(20160816-20190509) 刘杰(20180423-至今),否,混合型基金,偏股混合型基金,151222468.09,12.035616438356,,94.293176795088,稳定行业均衡基金,稳定价值型,风格轮动基金,轮动基金,稳定低,-0.08195096981383385,-0.01065667432885538,141.0,131.0,136.0
227,499.0,002803.OF,东方红沪港深混合,秦绪文,林鹏(20160711-20200516) 刚登峰(20180420-20210421) 秦绪文(20180420-至今) 周杨(20201106-20220603),否,混合型基金,灵活配置型基金,2748826556.63,7.2246575342466,,91.188098230288,稳定行业均衡基金,稳定价值型,风格轮动基金,稳定共振基金,轮动基金,-0.10030966847281221,-0.009185236957900434,128.0,140.0,134.0
228,186.0,630006.OF,华商产业升级混合,彭欣杨,胡宇权(20100618-20120706) 刘宏(20120424-20131210) 佘中强(20130731-20160118) 高兵(20160118-20170421) 彭欣杨(20160805-至今),否,混合型基金,偏股混合型基金,74020714.87,13.293150684932,,85.834670161704,稳定行业均衡基金,风格轮动基金,风格轮动基金,轮动基金,轮动基金,-0.0913327688368276,-0.010572007516226445,134.0,133.0,133.5
229,573.0,070032.OF,嘉实优化红利混合A,常蓁,郭志喜(20120626-20130720) 赵勇(20130720-20140723) 翟琳琳(20140207-20150312) 董理(20150312-20161010) 季文华(20161010-20181011) 常蓁(20181011-至今),否,混合型基金,偏股混合型基金,1944769918.09,11.268493150685,,82.480294410496,稳定行业均衡基金,风格轮动基金,稳定大盘,稳定共振基金,轮动基金,-0.08151766407177476,-0.011584955159630293,142.0,125.0,133.5
230,527.0,004477.OF,嘉实沪港深回报混合,王丹,张金涛(20170329-20220426) 谭丽(20170621-20190110) 张丹华(20171230-20190110) 刘岚(20190110-20200721) 王丹(20190110-至今),否,混合型基金,偏股混合型基金,694576727.23,6.5095890410959,,85.661552955111,稳定行业均衡基金,风格轮动基金,风格轮动基金,轮动基金,稳定中,-0.1003185786915274,-0.009809473993638547,127.0,138.0,132.5
231,343.0,540010.OF,汇丰晋信科技先锋股票,陈平,邵骥咏(20110727-20120818) 曹庆(20120818-20131221) 曹晋(20130420-20140621) 李元博(20140621-20150725) 陈平(20150725-至今),否,股票型基金,普通股票型基金,341085666.08,12.186301369863,,94.176672192568,稳定TMT行业基金,稳定成长型,风格轮动基金,轮动基金,轮动基金,-0.11045889976027978,-0.00773797095509051,113.0,150.0,131.5
232,336.0,450009.OF,国富中小盘股票A,赵晓东,赵晓东(20101123-至今),否,股票型基金,普通股票型基金,3779153169.47,12.860273972603,,88.011470209388,稳定行业均衡基金,风格轮动基金,风格轮动基金,轮动基金,轮动基金,-0.08006353141463618,-0.012937535482192912,143.0,120.0,131.5
233,237.0,000925.OF,汇添富外延增长主题股票A,蔡志文,韩贤旺(20141208-20190118) 李威(20150129-20190118) 王栩(20190118-20221104) 蔡志文(20191204-至今),否,股票型基金,普通股票型基金,1606420730.8,8.8164383561644,,85.75619784753,稳定行业均衡基金,风格轮动基金,稳定大盘,轮动基金,轮动基金,-0.10748746258625289,-0.010465041719293657,119.0,134.0,126.5
234,96.0,450003.OF,国富潜力组合混合A,徐荔蓉,朱国庆(20070322-20140221) 张惟闵(20070323-20071122) 徐荔蓉(20140221-至今),否,混合型基金,偏股混合型基金,1969671694.04,16.53698630137,,93.612467583717,稳定行业均衡基金,稳定均衡-价值型,稳定大盘,轮动基金,稳定中,-0.08495564722995562,-0.015057066705954969,139.0,111.0,125.0
235,58.0,270008.OF,广发核心精选混合,程琨,许雪梅(20080716-20100429) 朱纪刚(20090910-20150217) 李巍(20130909-20150217) 吴兴武(20150217-20200210) 程琨(20181105-至今),否,混合型基金,偏股混合型基金,864348075.95,15.216438356164,,94.785010284143,稳定行业均衡基金,稳定价值型,稳定大盘,稳定中立基金,稳定高,-0.10205446928568633,-0.011691907545159148,126.0,124.0,125.0
236,558.0,040011.OF,华安核心优选混合A,"陆秋渊,盛骅",陈俏宇(20081022-20150618) 吴丰树(20110719-20130524) 杨鑫鑫(20130605-20181031) 陆秋渊(20181031-至今) 盛骅(20181031-至今),否,混合型基金,偏股混合型基金,550181490.52,14.947945205479,,94.975244766897,稳定行业均衡基金,风格轮动基金,稳定大盘,轮动基金,稳定高,-0.08890861954053876,-0.01489307539902226,137.0,112.0,124.5
237,20.0,200008.OF,长城品牌优选混合A,杨建华,杨毅平(20070806-20130617) 杨建华(20130618-至今),否,混合型基金,偏股混合型基金,1442000812.84,16.161643835616,,84.398189278624,稳定消费行业基金,风格轮动基金,稳定大盘,稳定共振基金,稳定高,-0.10775309544167136,-0.010860096421188813,118.0,129.0,123.5
238,56.0,270005.OF,广发聚丰混合A,邱璟旻,易阳方(20051223-20180202) 傅友兴(20130205-20160223) 白金(20150106-20160223) 李琛(20180202-20200513) 邱璟旻(20180202-至今) 苗宇(20180202-20200513),否,混合型基金,偏股混合型基金,2943535847.05,17.780821917808,,87.271523540057,稳定行业均衡基金,风格轮动基金,风格轮动基金,轮动基金,稳定高,-0.10303011611383178,-0.012207801834298052,124.0,122.0,123.0
239,236.0,000893.OF,工银创新动力股票,杨鑫鑫,刘天任(20141211-20170822) 王烁杰(20141211-20170519) 李劭钊(20160928-20190301) 杨鑫鑫(20190228-至今),否,股票型基金,普通股票型基金,7457199670.5,8.8082191780822,,81.618120783695,稳定行业均衡基金,稳定价值型,稳定中盘,稳定独立基金,轮动基金,-0.09785542835787814,-0.013896557057482457,129.0,117.0,123.0
240,588.0,110013.OF,易方达科翔混合,陈皓,刘芳洁(20081113-20110101) 付浩(20110101-20140510) 陈皓(20140510-至今),否,混合型基金,偏股混合型基金,5117813270.8,14.887671232877,,88.900381750911,稳定行业均衡基金,风格轮动基金,风格轮动基金,轮动基金,轮动基金,-0.09058946653325603,-0.015909329064925058,135.0,109.0,122.0
241,,001416.OF,,,,,,,,,,,,,,,,-0.10598004856135183,-0.011702481292988757,121.0,123.0,122.0
242,238.0,000955.OF,南方产业活力,蒋秋洁,张旭(20150127-20190315) 蒋秋洁(20190315-至今),否,股票型基金,普通股票型基金,319244359.59,8.6794520547945,,80.436788255176,稳定行业均衡基金,风格轮动基金,稳定大盘,稳定共振基金,稳定低,-0.10783178741016261,-0.01145779225036372,117.0,126.0,121.5
243,537.0,004881.OF,中银量化价值混合A,赵志华,赵志华(20171124-至今),否,混合型基金,偏股混合型基金,186627532.43,5.8520547945205,,90.9786085787,稳定行业均衡基金,稳定均衡-价值型,稳定大盘,稳定共振基金,稳定低,-0.10527193202806172,-0.013363716297089386,123.0,118.0,120.5
244,358.0,162703.SZ,广发小盘成长混合(LOF)A,刘格菘,陈仕德(20050202-20150613) 江涌(20050203-20060526) 李险峰(20150613-20170619) 刘格菘(20170619-至今),否,混合型基金,偏股混合型基金,6970389023.43,18.668493150685,,88.085396910207,稳定行业均衡基金,稳定成长-均衡型,风格轮动基金,轮动基金,稳定高,-0.10557962335095232,-0.01460986129911737,122.0,116.0,119.0
245,165.0,519929.OF,长信电子信息行业量化灵活配置混合A,"左金保,宋海岸",左金保(20160727-至今) 宋海岸(20230130-至今),否,混合型基金,灵活配置型基金,73149378.3,7.1808219178082,,93.896540010144,稳定TMT行业基金,稳定成长型,风格轮动基金,轮动基金,稳定中,-0.12751038165412198,-0.009825724248113937,99.0,137.0,118.0
246,409.0,000619.OF,东方红产业升级混合,王延飞,杨达治(20140606-20151209) 王延飞(20150626-至今),否,混合型基金,灵活配置型基金,4108332690.37,9.3232876712329,,92.057974132309,稳定行业均衡基金,风格轮动基金,风格轮动基金,轮动基金,轮动基金,-0.1219901719518954,-0.0113980862250765,107.0,127.0,117.0
247,72.0,340007.OF,兴全社会责任混合,季文华,刘兆洋(20080430-20090829) 傅鹏博(20090116-20180321) 董理(20171225-20190402) 董承非(20180622-20190627) 季文华(20190402-至今),否,混合型基金,偏股混合型基金,3498654612.5,15.427397260274,,91.680331508288,稳定行业均衡基金,风格轮动基金,风格轮动基金,稳定共振基金,稳定高,-0.12407744154223549,-0.01137722517809304,105.0,128.0,116.5
248,156.0,519710.OF,交银策略回报混合,韩威俊,项廷锋(20120620-20151007) 李娜(20151007-20151107) 王少成(20151107-20180608) 韩威俊(20160120-至今),否,混合型基金,灵活配置型基金,576119391.61,11.284931506849,,79.859826681802,稳定消费行业基金,风格轮动基金,稳定大盘,稳定共振基金,稳定高,-0.09398586009696291,-0.018336105251310412,130.0,97.0,113.5
249,220.0,000471.OF,富国城镇发展股票,蒲世林,汪鸣(20140128-20180416) 毕天宇(20160205-20190114) 蒲世林(20181219-至今),否,股票型基金,普通股票型基金,908950550.4,9.6767123287671,,92.43866902003,稳定行业均衡基金,风格轮动基金,风格轮动基金,轮动基金,稳定低,-0.10267532931758307,-0.017892638356620555,125.0,99.0,112.0
250,266.0,001291.OF,大摩量化多策略股票,余斌,刘钊(20150602-20150812) 杨雨龙(20150725-20170617) 夏青(20170615-20190824) 余斌(20190820-至今),否,股票型基金,普通股票型基金,130840103.17,8.3342465753425,,93.799932594474,稳定行业均衡基金,风格轮动基金,风格轮动基金,轮动基金,稳定低,-0.11830347225246929,-0.01485173223082485,110.0,113.0,111.5
251,242.0,000979.OF,景顺长城沪港深精选股票,鲍无可,谢天翎(20150415-20160622) 鲍无可(20160528-至今) 黎海威(20171213-20190516),否,股票型基金,普通股票型基金,4964789349.97,8.4657534246575,,88.894778884963,稳定行业均衡基金,稳定价值型,风格轮动基金,轮动基金,稳定高,-0.1128364440522032,-0.01571424172844098,112.0,110.0,111.0
252,399.0,000408.OF,民生加银城镇化混合A,柳世庆,蔡锋亮(20131212-20160704) 黄一明(20131212-20170331) 柳世庆(20170331-至今),否,混合型基金,灵活配置型基金,439029857.93,9.8054794520548,,87.359971462673,稳定行业均衡基金,风格轮动基金,风格轮动基金,轮动基金,轮动基金,-0.10831365226377608,-0.01749910827585554,116.0,102.0,109.0
253,389.0,000173.OF,汇添富美丽30混合A,王栩,王栩(20130625-至今),否,混合型基金,偏股混合型基金,1290427535.52,10.271232876712,,93.107748914955,稳定行业均衡基金,风格轮动基金,风格轮动基金,轮动基金,稳定中,-0.1303119812531922,-0.012802699588871619,93.0,121.0,107.0
254,109.0,481004.OF,工银稳健成长混合A,"杜洋,修世宇",张翎(20061206-20071106) 吴刚(20061206-20071106) 王筱苓(20070105-20080221) 杨建勋(20070321-20090519) 温震宇(20071106-20090901) 曹冠业(20090518-20140612) 杨柯(20130416-20170527) 刘天任(20140605-20161018) 胡文彪(20161018-20180425) 杜洋(20180322-至今) 修世宇(20220909-至今),否,混合型基金,偏股混合型基金,577349189.32,16.827397260274,,86.956354796532,稳定行业均衡基金,稳定均衡-价值型,稳定大盘,稳定共振基金,轮动基金,-0.12029278840369927,-0.0164577435679868,109.0,105.0,107.0
255,341.0,519975.OF,长信量化中小盘股票,左金保,胡倩(20150204-20150313) 左金保(20150313-至今),否,股票型基金,普通股票型基金,700610937.69,8.6575342465753,,94.425563343506,稳定行业均衡基金,风格轮动基金,稳定小盘,轮动基金,稳定低,-0.11465818183471876,-0.017905648534922856,111.0,98.0,104.5
256,470.0,001838.OF,国投瑞银国家安全混合A,李轩,李轩(20151202-至今),否,混合型基金,灵活配置型基金,2782292301.93,7.8328767123288,,94.694199037223,稳定制造行业基金,风格轮动基金,风格轮动基金,稳定独立基金,稳定高,-0.15210629618340707,-0.010577494852883972,76.0,132.0,104.0
257,62.0,270041.OF,广发消费品精选混合A,李琛,冯永欢(20120612-20141208) 程琨(20141208-20160223) 李琛(20160223-至今),否,混合型基金,偏股混合型基金,320933224.67,11.306849315068,,80.770704363074,稳定消费行业基金,风格轮动基金,稳定大盘,稳定共振基金,轮动基金,-0.13408809305424296,-0.014772132187158499,88.0,114.0,101.0
258,467.0,001810.OF,中欧潜力价值灵活配置混合A,"曹名长,沈悦",张燕(20150930-20161117) 曹名长(20151120-至今) 袁维德(20161228-20220211) 沈悦(20200512-至今),否,混合型基金,灵活配置型基金,1717220005.81,8.0054794520548,,94.041831033079,稳定行业均衡基金,稳定价值型,稳定小盘,稳定独立基金,轮动基金,-0.12806900019554515,-0.016687439689212644,98.0,104.0,101.0
259,177.0,550008.OF,中信保诚优胜精选混合A,王睿,黄小坚(20090826-20140314) 杨建标(20110329-20150521) 王睿(20150430-至今),否,混合型基金,偏股混合型基金,2220074266.39,14.104109589041,,88.893997335719,稳定行业均衡基金,风格轮动基金,风格轮动基金,轮动基金,稳定低,-0.10943307206637354,-0.020210823206999833,114.0,88.0,101.0
260,515.0,003580.OF,泰康沪港深价值优选混合,黄成扬,彭一博(20161228-20171205) 刘伟(20170504-20220823) 黄成扬(20171121-至今),否,混合型基金,灵活配置型基金,115130668.39,6.758904109589,,86.987814229261,稳定行业均衡基金,稳定价值型,稳定小盘,轮动基金,稳定低,-0.1452400737644748,-0.013255987411278232,82.0,119.0,100.5
261,92.0,420001.OF,天弘精选混合A,"赵鼎龙,于洋,谷琦彬,周楷宁",陈天丰(20051008-20060419) 王国强(20060419-20070727) 许利明(20070727-20090330) 徐正国(20090317-20110314) 吕宜振(20090317-20110426) 高喜阳(20110407-20130607) 周可彦(20110714-20130116) 钱文成(20130116-20200624) 肖志刚(20130918-20160222) 程桯(20150805-20180927) 姜晓丽(20160714-20191218) 谷琦彬(20180504-至今) 赵鼎龙(20191115-至今) 周楷宁(20200115-至今) 于洋(20200612-至今),否,混合型基金,灵活配置型基金,486198960.62,17.98904109589,,75.596280350393,稳定行业均衡基金,稳定均衡-价值型,风格轮动基金,轮动基金,轮动基金,-0.12207282239185209,-0.018802090967694546,106.0,95.0,100.5
262,378.0,000017.OF,财通可持续混合,夏钦,吴松凯(20130327-20140414) 赵媛媛(20130327-20140414) 赵艰申(20130826-20150716) 金梓才(20150713-20180307) 夏钦(20160511-至今),否,混合型基金,偏股混合型基金,94271429.29,10.517808219178,,92.714774018252,稳定行业均衡基金,风格轮动基金,风格轮动基金,轮动基金,轮动基金,-0.12127708461716134,-0.018996733174629434,108.0,93.0,100.5
263,568.0,070006.OF,嘉实服务增值行业混合,"牛歌,常蓁",徐轶(20040401-20061222) 孙林(20050610-20070417) 党开宇(20061222-20080320) 陈勤(20080320-20150312) 焦云(20150312-20171123) 陈少平(20170612-20171123) 李帅(20171123-20191119) 常蓁(20191119-至今) 牛歌(20220301-至今),否,混合型基金,灵活配置型基金,1149433310.73,19.509589041096,,81.938403764534,稳定行业均衡基金,风格轮动基金,稳定大盘,稳定共振基金,稳定高,-0.1308974919035274,-0.01607541918072746,92.0,108.0,100.0
264,105.0,470006.OF,汇添富医药保健混合A,郑磊,王栩(20100921-20130510) 周睿(20120302-20190426) 刘闯(20150115-20161031) 郑磊(20190409-至今),否,混合型基金,偏股混合型基金,3444717649.99,13.032876712329,,91.700418478977,稳定医药行业基金,风格轮动基金,风格轮动基金,轮动基金,轮动基金,-0.1435960438281137,-0.014736443732756118,83.0,115.0,99.0
265,427.0,001017.OF,宏利改革动力混合A,刘欣,刘欣(20150213-至今),否,混合型基金,灵活配置型基金,96364665.23,8.6328767123288,,92.715717706603,稳定行业均衡基金,风格轮动基金,风格轮动基金,轮动基金,稳定低,-0.13261849315867597,-0.016313834973506778,90.0,107.0,98.5
266,570.0,070017.OF,嘉实量化阿尔法混合,金猛,王永宏(20090320-20100918) 陶羽(20090320-20170701) 张自力(20170701-20180920) 张楠(20180105-20190801) 金猛(20180920-至今),否,混合型基金,偏股混合型基金,124080345.39,14.539726027397,,92.589537721628,稳定行业均衡基金,风格轮动基金,风格轮动基金,轮动基金,稳定低,-0.12515340277300135,-0.019095082247765856,103.0,92.0,97.5
267,593.0,121008.OF,国投瑞银成长优选混合,桑俊,靳奕(20080110-20090123) 唐咸德(20090123-20100629) 袁野(20100629-20110903) 綦缚鹏(20100629-20180106) 董晗(20150619-20180324) 桑俊(20180106-至今),否,混合型基金,偏股混合型基金,414957795.64,15.731506849315,,84.320148132258,稳定行业均衡基金,风格轮动基金,稳定大盘,轮动基金,稳定中,-0.10931791108142005,-0.023422482520513148,115.0,77.0,96.0
268,475.0,001910.OF,泰康新机遇混合,"任慧娟,桂跃强,陆建巍",桂跃强(20151208-至今) 蒋利娟(20151208-20161227) 任慧娟(20160509-至今) 金宏伟(20170828-20230207) 陆建巍(20230602-至今),否,混合型基金,灵活配置型基金,1624380964.59,7.8164383561644,,88.168656512267,稳定行业均衡基金,风格轮动基金,稳定大盘,稳定共振基金,轮动基金,-0.13632653740801792,-0.01747904720627427,87.0,103.0,95.0
269,445.0,001349.OF,富国改革动力混合,徐斌,汪鸣(20150520-20171229) 张啸伟(20150818-20180427) 李晓铭(20160205-20190823) 徐斌(20190820-至今),否,混合型基金,偏股混合型基金,1291493781.0,8.3698630136986,,85.253530854594,稳定行业均衡基金,风格轮动基金,风格轮动基金,轮动基金,轮动基金,-0.14060627578387386,-0.016405474150080337,84.0,106.0,95.0
270,591.0,110029.OF,易方达科讯混合,刘健维,侯清濯(20071218-20100911) 宋昆(20100911-20190112) 陈皓(20181211-20220112) 刘健维(20190712-至今),否,混合型基金,偏股混合型基金,2715674546.25,15.794520547945,,90.061883205678,稳定行业均衡基金,风格轮动基金,风格轮动基金,轮动基金,轮动基金,-0.12609654023420758,-0.0206983091462811,102.0,85.0,93.5
271,116.0,519003.OF,海富通收益增长混合,周雪军,陈绍胜(20040312-20090114) 张炜(20050420-20060304) 陈洪(20060304-20060926) 蒋征(20090112-20120120) 牟永宁(20090121-20110421) 牟永宁(20120120-20131025) 黄春雨(20130731-20140428) 丁俊(20140415-20160812) 周雪军(20150609-至今),否,混合型基金,灵活配置型基金,2020340327.77,19.564383561644,,78.656358054984,稳定行业均衡基金,风格轮动基金,风格轮动基金,轮动基金,稳定低,-0.10663794726970974,-0.02592945480091367,120.0,66.0,93.0
272,380.0,000021.OF,华夏优势增长混合,郑晓辉,张益驰(20061124-20090721) 刘文动(20090721-20120229) 巩怀志(20100116-20130628) 罗泽萍(20120120-20140317) 郑晓辉(20130510-至今) 孙振峰(20130628-20150804) 钱悦(20130628-20151225) 孙轶佳(20151119-20190321) 刘平(20151130-20200728),否,混合型基金,偏股混合型基金,4797661484.45,16.860273972603,,87.547999717023,稳定行业均衡基金,稳定成长-均衡型,稳定大盘,轮动基金,稳定低,-0.1298057671008114,-0.019489001272749155,95.0,89.0,92.0
273,57.0,270006.OF,广发策略优选混合,罗洋,何震(20060517-20080213) 冯永欢(20080214-20141208) 李巍(20140317-20190522) 王小松(20141224-20190522) 罗洋(20190522-至今),否,混合型基金,灵活配置型基金,3554531514.25,17.383561643836,,94.234408213335,稳定行业均衡基金,风格轮动基金,稳定大盘,稳定共振基金,轮动基金,-0.12466532379193934,-0.02324994787830597,104.0,78.0,91.0
274,52.0,260108.OF,景顺长城新兴成长混合A,刘彦春,李志嘉(20060628-20100529) 邓春鸣(20100529-20141030) 杨鹏(20141031-20160127) 刘彦春(20150409-至今),否,混合型基金,偏股混合型基金,31393803460.32,17.268493150685,,93.937975799218,稳定消费行业基金,风格轮动基金,稳定大盘,稳定共振基金,稳定高,-0.1288467963034352,-0.02076182836194041,97.0,84.0,90.5
275,377.0,000011.OF,华夏大盘精选混合A/B,陈伟彦,蒋征(20040811-20060524) 王亚伟(20051231-20120504) 巩怀志(20120504-20130628) 程海泳(20130628-20130923) 孙彬(20130923-20150227) 任竞辉(20140718-20151015) 佟巍(20150227-20170502) 阳琨(20150901-20170502) 陈伟彦(20170502-至今),否,混合型基金,灵活配置型基金,3746449851.29,19.147945205479,,92.055946697698,稳定行业均衡基金,风格轮动基金,风格轮动基金,稳定独立基金,轮动基金,-0.13357347734780775,-0.01945782485372922,89.0,90.0,89.5
276,552.0,020010.OF,国泰金牛创新成长混合,程洲,何江旭(20070518-20091202) 范迪钊(20091202-20150126) 程洲(20150126-至今) 姜英(20201218-20220602) 孙家旭(20220602-20230905),否,混合型基金,偏股混合型基金,1140503517.6,16.380821917808,,92.759498917305,稳定行业均衡基金,风格轮动基金,风格轮动基金,稳定独立基金,轮动基金,-0.1266350203307568,-0.024426568284568437,101.0,74.0,87.5
277,353.0,161706.SZ,招商优质成长混合(LOF),贾成东,张冰(20051117-20110728) 张慎平(20110729-20140613) 王忠波(20140613-20170107) 孙振峰(20160120-20170601) 付斌(20170601-20190413) 贾成东(20170629-至今),否,混合型基金,偏股混合型基金,1569054660.46,17.879452054795,,83.911250169832,稳定行业均衡基金,风格轮动基金,稳定大盘,轮动基金,轮动基金,-0.1320330930860193,-0.021557651767730758,91.0,81.0,86.0
278,30.0,210009.OF,金鹰核心资源混合A,陈颖,冯文光(20120523-20141119) 陈晓(20121103-20140930) 冼鸿鹏(20140930-20171108) 杨刚(20141119-20151224) 于利强(20171101-20190327) 陈颖(20190126-至今),否,混合型基金,偏股混合型基金,675454991.35,11.361643835616,,94.347487867704,稳定TMT行业基金,风格轮动基金,稳定小盘,稳定独立基金,轮动基金,-0.1517339212631798,-0.018955598890471225,77.0,94.0,85.5
279,367.0,166001.SZ,中欧新趋势混合(LOF)A,周蔚文,殷觅智(20070129-20090720) 王磊(20080902-20100904) 王海(20100902-20120118) 刘水云(20101230-20130228) 周蔚文(20110816-至今) 魏博(20120815-20140110) 林英睿(20150529-20160617),否,混合型基金,偏股混合型基金,2915285827.09,16.679452054795,,86.654366979541,稳定行业均衡基金,风格轮动基金,风格轮动基金,轮动基金,稳定低,-0.12963862315420366,-0.02433622752735679,96.0,75.0,85.5
280,279.0,001583.OF,安信新常态股票A,袁玮,黄立华(20150807-20151201) 蓝雁书(20151102-20190103) 袁玮(20160411-至今),否,股票型基金,普通股票型基金,420985715.34,8.1534246575342,,91.062657612488,稳定行业均衡基金,稳定价值型,风格轮动基金,轮动基金,轮动基金,-0.15644025754894758,-0.01840582316802744,73.0,96.0,84.5
281,431.0,001074.OF,华泰柏瑞量化驱动混合A,"孔令烨,盛豪",田汉卿(20150324-20200713) 盛豪(20151013-至今) 孔令烨(20220805-至今),否,混合型基金,灵活配置型基金,378880857.4,8.5260273972603,,93.05379790674,稳定行业均衡基金,风格轮动基金,稳定大盘,稳定共振基金,稳定低,-0.15242207904572613,-0.019218325133659953,75.0,91.0,83.0
282,298.0,001878.OF,嘉实沪港深精选股票,张金涛,张金涛(20160527-至今) 张丹华(20171230-20190110),否,股票型基金,普通股票型基金,2016700765.39,7.3479452054795,,90.925206022094,稳定行业均衡基金,稳定价值型,风格轮动基金,轮动基金,稳定中,-0.17113058442297405,-0.017560035523491675,64.0,101.0,82.5
283,111.0,481008.OF,工银大盘蓝筹混合,"李迪,王筱苓",陈守红(20080804-20110413) 胡文彪(20110316-20170719) 王筱苓(20121205-至今) 李迪(20230731-至今),否,混合型基金,偏股混合型基金,266840387.1,15.164383561644,,67.915260695558,稳定行业均衡基金,稳定价值型,稳定大盘,轮动基金,轮动基金,-0.1274017162186784,-0.026272754025583368,100.0,65.0,82.5
284,190.0,660006.OF,农银大盘蓝筹混合,宋永安,曹剑飞(20100901-20111117) 李洪雨(20101104-20141011) 赵谦(20141011-20160308) 宋永安(20151202-至今),否,混合型基金,偏股混合型基金,116068700.17,13.087671232877,,84.319593961728,稳定行业均衡基金,稳定均衡-价值型,稳定大盘,稳定共振基金,稳定低,-0.1515385458773294,-0.020326528040584813,78.0,87.0,82.5
285,401.0,000520.OF,上银新兴价值成长混合,赵治烨,高云志(20140506-20150525) 慕浩(20150127-20150615) 赵治烨(20150513-至今) 常璐(20171206-20180328),否,混合型基金,灵活配置型基金,385315183.17,9.4082191780822,,84.087008903839,稳定行业均衡基金,稳定价值型,稳定大盘,轮动基金,稳定中,-0.12986866107454614,-0.02540833588085043,94.0,69.0,81.5
286,64.0,288002.OF,华夏收入混合,郑煜,梁丰(20051117-20070414) 郭楷泽(20070414-20080519) 赵航(20080519-20090418) 孙建波(20080519-20090418) 郑煜(20090204-至今),否,混合型基金,偏股混合型基金,1875764877.93,17.879452054795,,91.345109104018,稳定行业均衡基金,风格轮动基金,稳定中盘,轮动基金,稳定低,-0.14941947189416102,-0.02153108055242714,80.0,82.0,81.0
287,136.0,519139.OF,海富通沪港深混合,高峥,张炳炜(20161111-20180801) 王智慧(20161130-20210706) 高峥(20170828-至今) 周雪军(20181214-20220817),否,混合型基金,灵活配置型基金,62875145.23,6.8876712328767,,88.813792470345,稳定行业均衡基金,稳定价值型,风格轮动基金,轮动基金,轮动基金,-0.17792247044726783,-0.017647058586279688,59.0,100.0,79.5
288,216.0,000082.OF,嘉实研究阿尔法股票A,"肖觅,张露",张琦(20130528-20160727) 刘斌(20140515-20160727) 赵宇(20160727-20170811) 张露(20170811-至今) 张丹华(20181101-20200730) 肖觅(20210319-至今),否,股票型基金,普通股票型基金,612531933.3,10.347945205479,,89.753904934214,稳定行业均衡基金,稳定均衡-价值型,风格轮动基金,轮动基金,稳定低,-0.1394330998380756,-0.025710953912337065,85.0,67.0,76.0
289,170.0,530003.OF,建信优选成长混合A,姚锦,李华(20060908-20071023) 田擎(20071023-20100427) 曹雄飞(20071023-20081127) 李涛(20081127-20120217) 姚锦(20120217-至今),否,混合型基金,偏股混合型基金,1522111562.18,17.071232876712,,80.747492976328,稳定行业均衡基金,风格轮动基金,稳定大盘,轮动基金,稳定高,-0.13696087435167556,-0.026288738556150326,86.0,64.0,75.0
290,219.0,000457.OF,摩根核心成长股票A,李博,孙芳(20140210-20150709) 李博(20141231-至今),否,股票型基金,普通股票型基金,789792502.06,9.641095890411,,89.986239047701,稳定行业均衡基金,风格轮动基金,风格轮动基金,轮动基金,轮动基金,-0.165532513591737,-0.02294976296334184,67.0,79.0,73.0
291,167.0,519991.OF,长信双利优选混合A,祝昱丰,胡志宝(20080619-20100826) 张甦伟(20080725-20100705) 钱斌(20100721-20120803) 谈洁颖(20120723-20170328) 叶松(20170309-20180601) 安昀(20171101-20200820) 祝昱丰(20190218-至今),否,混合型基金,偏股混合型基金,90053011.1,15.290410958904,,93.739067893681,稳定行业均衡基金,风格轮动基金,风格轮动基金,轮动基金,稳定中,-0.15681627128630654,-0.024619989891107467,72.0,72.0,72.0
292,370.0,166024.SZ,中欧恒利三年定期开放混合,"曹名长,罗佳明,沈悦",曹名长(20171101-至今) 卢博森(20180328-20200731) 沈悦(20200731-至今) 罗佳明(20231027-至今),否,混合型基金,偏股混合型基金,433631457.07,5.9150684931507,,98.932106470944,稳定行业均衡基金,稳定价值型,稳定小盘,稳定独立基金,轮动基金,-0.17779889982630256,-0.021446218908436388,60.0,83.0,71.5
293,49.0,260101.OF,景顺长城优选混合,杨锐文,陈利宏(20031024-20041118) 杨兵兵(20031024-20070915) 曾昭雄(20041118-20050601) 毛从容(20050601-20111230) 涂强(20061122-20090807) 邓春鸣(20070915-20090807) 张继荣(20090807-20120116) 陈嘉平(20120117-20150403) 丛林(20120320-20131030) 杨锐文(20141025-至今),否,混合型基金,偏股混合型基金,4608098184.35,19.947945205479,,77.990487571543,稳定行业均衡基金,风格轮动基金,风格轮动基金,稳定独立基金,稳定低,-0.14845230935283155,-0.03144776858081937,81.0,59.0,70.0
294,574.0,070099.OF,嘉实优质企业混合,"刘晗竹,胡涛",刘天君(20071208-20130607) 邵健(20130607-20140820) 刘辉(20140429-20150526) 胡涛(20140820-至今) 刘晗竹(20230919-至今),否,混合型基金,偏股混合型基金,1191333767.22,15.821917808219,,82.503797413852,稳定行业均衡基金,稳定成长型,风格轮动基金,稳定中立基金,轮动基金,-0.16261503087873308,-0.025227986067728633,70.0,70.0,70.0
295,114.0,519001.OF,银华价值优选混合,"倪明,苏静然",蒋伯龙(20050927-20080712) 况群峰(20061021-20081023) 陆文俊(20081021-20130830) 倪明(20110926-至今) 苏静然(20171030-至今),否,混合型基金,偏股混合型基金,2179102291.79,18.019178082192,,85.543189791645,稳定行业均衡基金,风格轮动基金,风格轮动基金,稳定共振基金,轮动基金,-0.18393975978109844,-0.020614509479261977,54.0,86.0,70.0
296,345.0,160314.SZ,华夏行业混合(LOF),王劲松,罗泽萍(20071122-20120120) 孙彬(20120112-20190819) 贺振华(20120919-20130923) 佟巍(20170502-20180730) 王劲松(20190819-至今),否,混合型基金,偏股混合型基金,1241896691.21,15.865753424658,,90.289107734678,稳定行业均衡基金,风格轮动基金,风格轮动基金,轮动基金,稳定中,-0.16457129689786215,-0.025574189632359842,68.0,68.0,68.0
297,127.0,519029.OF,华夏稳增混合,彭海伟,张龙(20060809-20100204) 张益驰(20060905-20080123) 严鸿宴(20100204-20111107) 王海雄(20111014-20150209) 彭海伟(20150209-至今) 郑泽鸿(20190114-20200612),否,混合型基金,灵活配置型基金,983796819.24,17.153424657534,,94.9345080564,稳定行业均衡基金,风格轮动基金,稳定小盘,稳定独立基金,轮动基金,-0.1827554739201766,-0.021982264515678293,55.0,80.0,67.5
298,447.0,001371.OF,富国沪港深价值精选灵活配置混合A,汪孟海,张峰(20150624-20180726) 汪孟海(20151009-至今),否,混合型基金,灵活配置型基金,1863016637.04,8.2739726027397,,86.523819836427,稳定行业均衡基金,稳定价值型,风格轮动基金,稳定共振基金,轮动基金,-0.17309766512359515,-0.024850737296371404,63.0,71.0,67.0
299,349.0,160918.SZ,大成中小盘混合(LOF)A,魏庆国,刘安田(20140410-20150406) 魏庆国(20150407-至今),否,混合型基金,偏股混合型基金,2107006935.17,9.4794520547945,,78.929483742352,稳定行业均衡基金,风格轮动基金,风格轮动基金,轮动基金,轮动基金,-0.15033772572720694,-0.0332038601399405,79.0,53.0,66.0
300,37.0,229002.OF,宏利逆向策略混合,刘欣,焦云(20120523-20140103) 刘欣(20140103-至今),否,混合型基金,偏股混合型基金,136316713.62,11.361643835616,,92.154270656925,稳定行业均衡基金,风格轮动基金,风格轮动基金,轮动基金,稳定低,-0.170939283747318,-0.02723520167796301,65.0,62.0,63.5
301,78.0,378010.OF,摩根成长先锋混合A,倪权生,唐建(20060920-20070517) 赵梓峰(20070320-20110525) 王振州(20071124-20081129) 许运凯(20081227-20111207) 唐倩(20110428-20130708) 罗建辉(20130620-20150130) 吴文哲(20150109-20170116) 张一甫(20170116-20190816) 朱晓龙(20190816-20201218) 倪权生(20191227-至今),否,混合型基金,偏股混合型基金,798254519.13,17.038356164384,,84.701523479311,稳定行业均衡基金,风格轮动基金,风格轮动基金,轮动基金,稳定低,-0.16409124260151622,-0.031831829518067886,69.0,58.0,63.5
302,175.0,550002.OF,中信保诚精萃成长混合A,王睿,吕宜振(20061127-20080628) 孙志洪(20061127-20070522) 刘浩(20080625-20120929) 谭鹏万(20120828-20150529) 王睿(20150529-至今),否,混合型基金,偏股混合型基金,1311991078.72,16.852054794521,,87.801302152346,稳定行业均衡基金,风格轮动基金,风格轮动基金,轮动基金,轮动基金,-0.15900002054751824,-0.03749943937274577,71.0,51.0,61.0
303,241.0,000978.OF,景顺长城量化精选股票,黎海威,黎海威(20150204-至今),否,股票型基金,普通股票型基金,616505510.53,8.6575342465753,,93.901358734381,稳定行业均衡基金,稳定价值型,稳定小盘,稳定独立基金,稳定低,-0.19405496771329145,-0.02390721161793253,45.0,76.0,60.5
304,67.0,320003.OF,诺安先锋混合A,杨谷,党开宇(20051219-20060902) 杨谷(20060222-至今) 邹翔(20101014-20150214) 张堃(20200430-20230916),否,混合型基金,偏股混合型基金,4185475745.11,17.791780821918,,79.335433946716,稳定行业均衡基金,稳定均衡-价值型,稳定小盘,稳定独立基金,稳定中,-0.15489869885830043,-0.04041420392282565,74.0,46.0,60.0
305,187.0,630010.OF,华商价值精选混合,彭欣杨,刘宏(20110531-20170126) 刘萌萌(20160412-20180713) 蔡建军(20161223-20171225) 陈恒(20170726-20200108) 彭欣杨(20171221-至今),否,混合型基金,偏股混合型基金,375754604.56,12.342465753425,,85.333608477125,稳定行业均衡基金,风格轮动基金,风格轮动基金,轮动基金,轮动基金,-0.1782036105450887,-0.029331920699069418,58.0,60.0,59.0
306,14.0,180013.OF,银华领先策略混合,"倪明,苏静然,向伊达",况群峰(20080820-20090930) 万志勇(20081023-20091111) 杨靖(20090929-20120413) 刘春雨(20120411-20150506) 倪明(20150506-至今) 苏静然(20171030-至今) 向伊达(20220802-至今),否,混合型基金,偏股混合型基金,419994295.08,15.120547945205,,91.161760639408,稳定行业均衡基金,风格轮动基金,风格轮动基金,稳定共振基金,轮动基金,-0.17504845696408933,-0.03259017977838779,62.0,54.0,58.0
307,75.0,377010.OF,摩根阿尔法混合A,李博,吕俊(20051011-20060418) 孙延群(20051115-20090707) 周晓文(20070808-20090917) 王孝德(20090428-20121207) 许运凯(20090917-20101112) 吴鹏(20100716-20120906) 欧宝林(20121126-20140110) 征茂平(20140103-20150216) 蔡晟(20141023-20150925) 李博(20150918-至今),否,混合型基金,偏股混合型基金,858303254.79,17.980821917808,,93.281027536196,稳定行业均衡基金,风格轮动基金,风格轮动基金,轮动基金,轮动基金,-0.18141016857150144,-0.032287595778815674,57.0,57.0,57.0
308,146.0,519668.OF,银河成长混合,祝建辉,李昇(20080526-20090807) 孙振峰(20090716-20111101) 丁杰人(20111010-20131113) 王培(20131030-20160201) 钱睿南(20160201-20170408) 祝建辉(20160201-至今),否,混合型基金,偏股混合型基金,180095935.64,15.356164383562,,91.354390567079,稳定行业均衡基金,风格轮动基金,稳定大盘,稳定共振基金,轮动基金,-0.16563116210548523,-0.037798983487247514,66.0,48.0,57.0
309,68.0,320005.OF,诺安价值增长混合,王创练,杨谷(20061121-20071113) 易军(20061121-20070616) 段鹏程(20070616-20080110) 梅律吾(20071113-20091020) 王鹏(20091020-20110317) 刘红辉(20110317-20190122) 周心鹏(20110317-20150404) 刘魁(20140627-20150925) 王创练(20190122-至今),否,混合型基金,偏股混合型基金,1027612473.08,16.868493150685,,82.784148069967,稳定行业均衡基金,稳定均衡-价值型,风格轮动基金,轮动基金,稳定高,-0.18586283488065586,-0.033505825299573064,51.0,52.0,51.5
310,406.0,000595.OF,嘉实泰和混合,归凯,张弢(20140404-20141230) 王汉博(20141126-20160310) 归凯(20160310-至今),否,混合型基金,灵活配置型基金,3573090107.99,9.4958904109589,,87.518208218071,稳定行业均衡基金,风格轮动基金,风格轮动基金,轮动基金,轮动基金,-0.1815402040655278,-0.03923772333243134,56.0,47.0,51.5
311,494.0,002653.OF,泰康沪港深精选混合,黄成扬,彭一博(20160606-20171122) 刘伟(20170504-20220823) 黄成扬(20171121-至今),否,混合型基金,灵活配置型基金,594286232.51,7.3205479452055,,87.73671891368,稳定行业均衡基金,稳定价值型,稳定小盘,轮动基金,稳定低,-0.2121821853159145,-0.024453150058619345,29.0,73.0,51.0
312,103.0,460009.OF,华泰柏瑞量化先行混合A,"盛豪,田汉卿",汪晖(20100622-20110805) 卞亚军(20101008-20120406) 秦岭松(20110121-20120202) 王本昌(20120315-20150417) 田汉卿(20150318-至今) 盛豪(20210917-至今),否,混合型基金,偏股混合型基金,348099643.54,13.282191780822,,93.920929321036,稳定行业均衡基金,稳定价值型,稳定小盘,稳定独立基金,稳定低,-0.1940126157285248,-0.03251413599736103,46.0,55.0,50.5
313,121.0,519017.OF,大成积极成长混合A,王磊,瞿蕴理(20070116-20070627) 周一烽(20070627-20080823) 王维钢(20080823-20090924) 周建春(20090924-20121217) 孙蓓琳(20121218-20170615) 王磊(20170609-至今),否,混合型基金,偏股混合型基金,832046548.22,16.715068493151,,76.105015101118,稳定行业均衡基金,稳定均衡型,稳定大盘,轮动基金,轮动基金,-0.17707025109351504,-0.04841244122351028,61.0,32.0,46.5
314,357.0,162605.SZ,景顺长城鼎益混合(LOF)A,刘彦春,王新艳(20050316-20090317) 涂强(20090317-20090919) 张继荣(20090919-20150709) 刘彦春(20150710-至今),否,混合型基金,偏股混合型基金,14025282636.49,18.553424657534,,93.846354069154,稳定消费行业基金,风格轮动基金,稳定大盘,稳定共振基金,稳定高,-0.18966260841476087,-0.042826302159864056,48.0,44.0,46.0
315,69.0,320011.OF,诺安中小盘精选混合,韩冬燕,林健标(20100428-20110514) 周心鹏(20101023-20160913) 韩冬燕(20160913-至今),否,混合型基金,偏股混合型基金,1136877416.67,13.432876712329,,84.50076391999,稳定行业均衡基金,稳定价值型,风格轮动基金,轮动基金,轮动基金,-0.19291171437147023,-0.041823612909055743,47.0,45.0,46.0
316,60.0,270025.OF,广发行业领先混合A,程琨,刘晓龙(20101123-20170329) 邱璟旻(20170329-20180806) 刘格菘(20170619-20190531) 李琛(20181017-20200210) 程琨(20190531-至今),否,混合型基金,偏股混合型基金,1287742946.75,12.860273972603,,94.830948846434,稳定行业均衡基金,风格轮动基金,风格轮动基金,轮动基金,稳定高,-0.19855159441442122,-0.037779389241318524,42.0,49.0,45.5
317,417.0,000877.OF,华泰柏瑞量化优选混合,"盛豪,雷文渊",田汉卿(20141217-20200713) 盛豪(20151013-至今) 雷文渊(20220805-至今),否,混合型基金,灵活配置型基金,760566281.01,8.7917808219178,,94.052235832763,稳定行业均衡基金,稳定价值型,稳定大盘,稳定共振基金,稳定低,-0.20627091630073344,-0.032439553871003037,35.0,56.0,45.5
318,8.0,166002.OF,中欧新蓝筹混合A,"周蔚文,冯炉丹",刘杰文(20080725-20090925) 沈洋(20090624-20110523) 周蔚文(20110523-至今) 林英睿(20150529-20160617) 金媛媛(20180827-20200922) 冯炉丹(20211014-至今),否,混合型基金,灵活配置型基金,8667943578.82,15.191780821918,,77.924136292116,稳定行业均衡基金,风格轮动基金,风格轮动基金,轮动基金,稳定低,-0.18736202943808972,-0.044965949473536486,49.0,40.0,44.5
319,347.0,160613.SZ,鹏华盛世创新混合(LOF),伍旋,黄鑫(20081010-20100726) 唐文杰(20090714-20111228) 伍旋(20111228-至今),否,混合型基金,偏股混合型基金,897649242.83,14.980821917808,,87.169899598321,稳定行业均衡基金,稳定价值型,风格轮动基金,轮动基金,稳定中,-0.18528949095957226,-0.04695320498965203,52.0,37.0,44.5
320,130.0,519069.OF,汇添富价值精选混合A,劳杰男,陈晓翔(20090123-20160113) 劳杰男(20151118-至今),否,混合型基金,偏股混合型基金,10254675266.03,14.693150684932,,84.896796481205,稳定行业均衡基金,风格轮动基金,稳定大盘,稳定共振基金,轮动基金,-0.20396964403538198,-0.03768043885168802,38.0,50.0,44.0
321,594.0,160603.OF,鹏华普天收益混合,蒋鑫,黄钦来(20031126-20050921) 管文浩(20050921-20070801) 林宇坤(20070801-20090117) 张卓(20090117-20170729) 蒋鑫(20170729-至今),否,混合型基金,灵活配置型基金,383086003.22,20.232876712329,,61.480626556524,稳定行业均衡基金,风格轮动基金,风格轮动基金,轮动基金,稳定中,-0.18484019140132296,-0.04766608298539898,53.0,35.0,44.0
322,144.0,519651.OF,银河转型混合A,杨琪,卢轶乔(20150512-20161229) 王海华(20161229-20190219) 杨琪(20190219-至今) 陈伯祯(20200206-20211027),否,混合型基金,灵活配置型基金,363197582.79,8.3917808219178,,88.273214099408,稳定行业均衡基金,风格轮动基金,稳定大盘,稳定共振基金,稳定高,-0.24579953320082873,-0.02702138260149105,16.0,63.0,39.5
323,350.0,161005.SZ,富国天惠成长混合(LOF),朱少醒,朱少醒(20051116-至今),否,混合型基金,偏股混合型基金,28777143002.11,17.882191780822,,93.97881712618,稳定行业均衡基金,风格轮动基金,稳定大盘,稳定共振基金,稳定低,-0.19989160666321923,-0.04684924285717237,40.0,38.0,39.0
324,122.0,519018.OF,汇添富均衡增长混合,"詹杰,顾耀强",张晖(20060807-20071219) 庞飒(20060807-20100109) 欧阳沁春(20070618-20120302) 苏竞(20071217-20131122) 陈晓翔(20100108-20120302) 叶从飞(20120302-20160824) 韩贤旺(20120302-20160824) 朱晓亮(20131122-20150803) 顾耀强(20140408-20160824) 佘中强(20160824-20190824) 顾耀强(20190824-至今) 詹杰(20220428-至今),否,混合型基金,偏股混合型基金,2592340301.5,17.158904109589,,92.247992777657,稳定行业均衡基金,风格轮动基金,风格轮动基金,稳定共振基金,稳定低,-0.2056342597747575,-0.04453283759744134,36.0,41.0,38.5
325,101.0,460001.OF,华泰柏瑞盛世中国混合,牛勇,李文杰(20050427-20070531) 汪晖(20070531-20080606) 梁丰(20070726-20091119) 郭楷泽(20080903-20100326) 汪晖(20091118-20140808) 张诣(20120629-20130416) 张慧(20130916-20180530) 沈雪峰(20140808-20150619) 李灿(20150630-20160817) 牛勇(20180503-至今),否,混合型基金,偏股混合型基金,1077937566.28,18.438356164384,,88.565686562409,稳定行业均衡基金,稳定成长型,风格轮动基金,轮动基金,轮动基金,-0.19890468711944836,-0.048183003022313944,41.0,34.0,37.5
326,356.0,162006.SZ,长城久富混合(LOF)A,陈良栋,项志群(20070212-20080205) 李硕(20080205-20090305) 徐九龙(20080205-20090305) 韩刚(20090106-20090922) 杨建华(20090922-20160906) 何以广(20160906-20181228) 陈良栋(20181228-至今),否,混合型基金,偏股混合型基金,2760423285.47,16.641095890411,,91.003918711755,稳定行业均衡基金,风格轮动基金,稳定中盘,轮动基金,轮动基金,-0.18719923639085495,-0.054144419436321464,50.0,24.0,37.0
327,469.0,001837.OF,前海开源沪港深蓝筹精选混合A,曲扬,曲扬(20151208-至今),否,混合型基金,灵活配置型基金,885784192.01,7.8164383561644,,91.807779391711,稳定行业均衡基金,稳定价值型,风格轮动基金,轮动基金,稳定高,-0.2526592285799295,-0.029048107705173007,11.0,61.0,36.0
328,334.0,340006.OF,兴全全球视野股票,王品,王晓明(20060920-20080103) 董承非(20070206-20151231) 杨大力(20120906-20141206) 季侃乐(20141124-20151231) 申庆(20151231-20170207) 吴圣涛(20151231-20171109) 王品(20170919-至今),否,股票型基金,普通股票型基金,1667981160.32,17.038356164384,,90.101797965852,稳定行业均衡基金,风格轮动基金,风格轮动基金,稳定中立基金,稳定中,-0.20341697891768912,-0.05029139961426446,39.0,30.0,34.5
329,9.0,166005.OF,中欧价值发现混合A,"蓝小康,曹名长,沈悦",王磊(20090724-20100902) 苟开红(20091009-20150529) 张燕(20150529-20161117) 曹名长(20151120-至今) 蓝小康(20170511-至今) 沈悦(20200512-至今),否,混合型基金,偏股混合型基金,2995846477.25,14.194520547945,,94.025731874225,稳定行业均衡基金,稳定价值型,稳定小盘,稳定独立基金,轮动基金,-0.22511307259667257,-0.04412660920672422,25.0,42.0,33.5
330,,100022.OF,,,,,,,,,,,,,,,,-0.1957915296972889,-0.05703989897071301,43.0,22.0,32.5
331,584.0,100026.OF,富国天合稳健混合,张啸伟,周蔚文(20061115-20110112) 尚鹏岳(20110112-20150609) 汪鸣(20150415-20171229) 杨栋(20150818-20200401) 张啸伟(20151119-至今),否,混合型基金,偏股混合型基金,3151264491.09,16.884931506849,,81.246433082309,稳定行业均衡基金,风格轮动基金,稳定大盘,轮动基金,轮动基金,-0.19468693248688065,-0.05959671949074412,44.0,21.0,32.5
332,40.0,233009.OF,大摩多因子策略混合,余斌,张靖(20110517-20140114) 刘钊(20120705-20150812) 杨雨龙(20150626-20170617) 夏青(20170615-20190824) 余斌(20190820-至今),否,混合型基金,偏股混合型基金,675493281.37,12.380821917808,,91.393001349757,稳定行业均衡基金,风格轮动基金,风格轮动基金,稳定独立基金,稳定低,-0.22617042633380813,-0.04616011263504757,24.0,39.0,31.5
333,557.0,040008.OF,华安策略优选混合A,杨明,鲍泓(20070802-20080213) 邓跃辉(20080213-20100319) 张伟(20080213-20100921) 殷鸣(20100920-20130302) 汪光成(20130302-20131029) 杨明(20130605-至今),否,混合型基金,偏股混合型基金,3479841547.53,16.172602739726,,87.494841858587,稳定行业均衡基金,风格轮动基金,风格轮动基金,轮动基金,轮动基金,-0.22013638443489766,-0.04710734130253137,27.0,36.0,31.5
334,53.0,260109.OF,景顺长城内需贰号混合,刘彦春,李学文(20061011-20070915) 王鹏辉(20070915-20150122) 杨鹏(20100821-20180209) 刘彦春(20180210-至今),否,混合型基金,偏股混合型基金,4277268324.06,16.980821917808,,92.187228899336,稳定消费行业基金,风格轮动基金,稳定大盘,稳定共振基金,稳定高,-0.20792502840870825,-0.05290134853774264,34.0,26.0,30.0
335,24.0,202011.OF,南方优选价值混合A,罗安安,谈建强(20080618-20150710) 骆帅(20150619-20190125) 罗安安(20150710-至今),否,混合型基金,偏股混合型基金,958716956.12,15.293150684932,,94.106038066816,稳定行业均衡基金,风格轮动基金,稳定大盘,稳定共振基金,稳定中,-0.21020777558829543,-0.052022548610299195,31.0,28.0,29.5
336,118.0,519008.OF,汇添富优势精选混合,王栩,徐婕(20050825-20070113) 庞飒(20050825-20100206) 苏竞(20071008-20130510) 王栩(20100205-至今),否,混合型基金,灵活配置型基金,2818352016.12,18.109589041096,,92.744816036093,稳定行业均衡基金,风格轮动基金,风格轮动基金,轮动基金,稳定中,-0.21323697923363683,-0.049727085695772305,28.0,31.0,29.5
337,5.0,163805.OF,中银策略混合A,王帅,陈志龙(20080403-20100610) 李志磊(20080403-20111019) 彭砚(20100611-20130530) 张琦(20130530-20150529) 邬炜(20150529-20190918) 王帅(20190918-至今),否,混合型基金,偏股混合型基金,338855494.15,15.501369863014,,89.534490039292,稳定行业均衡基金,稳定成长-均衡型,稳定大盘,轮动基金,稳定高,-0.2114310819428884,-0.050852632832238766,30.0,29.0,29.5
338,166.0,519983.OF,长信量化先锋混合A,左金保,卢曼(20101118-20110919) 胡倩(20110415-20150313) 叶琦(20111031-20120305) 左金保(20150313-至今),否,混合型基金,偏股混合型基金,592639464.97,12.87397260274,,94.572721737053,稳定行业均衡基金,风格轮动基金,风格轮动基金,轮动基金,稳定低,-0.2491384587265378,-0.043602318132060704,14.0,43.0,28.5
339,131.0,519087.OF,新华优选分红混合,赵强,蒋畅(20050916-20060712) 曹名长(20060712-20150609) 向朝勇(20070619-20090923) 崔建波(20150609-20170526) 路文韬(20150924-20170523) 赵强(20170517-至今),否,混合型基金,灵活配置型基金,847002929.15,18.049315068493,,89.734092511668,稳定行业均衡基金,风格轮动基金,风格轮动基金,稳定独立基金,轮动基金,-0.20402777990472618,-0.06032059176342484,37.0,20.0,28.5
340,583.0,100020.OF,富国天益价值混合A,唐颐恒,张晖(20040615-20050413) 陈戈(20050413-20140415) 李晓铭(20140415-20190812) 许炎(20160824-20190812) 唐颐恒(20190723-至今),否,混合型基金,灵活配置型基金,4263716389.6,19.304109589041,,92.866181549164,稳定行业均衡基金,风格轮动基金,稳定大盘,稳定共振基金,稳定高,-0.20879796215274987,-0.05543957397504445,33.0,23.0,28.0
341,569.0,070011.OF,嘉实策略混合,"董福焱,洪流",邵健(20061212-20130607) 党开宇(20061213-20080228) 邹唯(20061213-20080228) 刘熹(20061213-20080228) 邵秋涛(20101125-20120104) 张弢(20120104-20140328) 刘美玲(20131221-20160122) 丁杰人(20140328-20170112) 谢泽林(20160930-20190823) 董福焱(20190823-至今) 洪流(20190928-至今),否,混合型基金,灵活配置型基金,2279710581.91,16.81095890411,,84.40067082673,稳定行业均衡基金,风格轮动基金,稳定大盘,轮动基金,轮动基金,-0.2336881146390828,-0.04829799847866005,21.0,33.0,27.0
342,22.0,202005.OF,南方成份精选混合A,黄春逢,王黎敏(20070517-20080112) 应帅(20070720-20121123) 张慎平(20080410-20110217) 陈键(20101016-20160126) 张原(20151230-20210820) 黄春逢(20151230-至今),否,混合型基金,偏股混合型基金,2112568563.44,16.391780821918,,91.141724487803,稳定行业均衡基金,风格轮动基金,稳定大盘,稳定共振基金,轮动基金,-0.22120639661149905,-0.05376505000022852,26.0,25.0,25.5
343,592.0,121003.OF,国投瑞银核心企业混合,吉莉,邢修元(20060419-20070201) 康晓云(20060419-20110223) 綦缚鹏(20100423-20130511) 黄顺祥(20110817-20121030) 倪文昊(20130511-20151231) 徐炜哲(20140627-20141213) 于雷(20151121-20191228) 吉莉(20180731-至今),否,混合型基金,偏股混合型基金,853680807.99,17.460273972603,,85.389649608773,稳定行业均衡基金,风格轮动基金,稳定大盘,轮动基金,稳定低,-0.20966522291978312,-0.06288804445567468,32.0,17.0,24.5
344,176.0,550003.OF,中信保诚盛世蓝筹混合,吴昊,岳爱民(20080604-20090728) 张锋(20080606-20111028) 张光成(20111028-20150430) 聂炜(20150430-20170213) 吴昊(20151118-至今),否,混合型基金,偏股混合型基金,168157709.27,15.331506849315,,92.38361625191,稳定行业均衡基金,风格轮动基金,稳定大盘,稳定共振基金,轮动基金,-0.23948234951136432,-0.052574924365601454,19.0,27.0,23.0
345,74.0,375010.OF,摩根中国优势混合A,杜猛,张英辉(20040915-20051011) 吕俊(20040915-20070810) 杨安乐(20070810-20130620) 梁钧(20070810-20081129) 王振州(20081129-20111208) 董红波(20130527-20150216) 乐琪(20150216-20160429) 杨景喻(20150804-20190329) 孟亮(20160429-20190329) 杜猛(20190329-至今),否,混合型基金,灵活配置型基金,2076003659.21,19.052054794521,,83.271920237981,稳定行业均衡基金,风格轮动基金,风格轮动基金,轮动基金,轮动基金,-0.22924687126903584,-0.08188451215284286,23.0,14.0,18.5
346,21.0,202003.OF,南方绩优成长混合A,"史博,骆帅",苏彦祝(20061116-20100212) 谈建强(20061209-20080604) 张原(20100212-20161014) 史博(20110217-至今) 骆帅(20161228-至今),否,混合型基金,偏股混合型基金,4088020260.71,16.882191780822,,69.916406486981,稳定行业均衡基金,风格轮动基金,风格轮动基金,轮动基金,轮动基金,-0.2430479978923717,-0.07232639350678269,18.0,15.0,16.5
347,50.0,260103.OF,景顺长城动力平衡混合,刘苏,陈利宏(20031024-20041118) 杨兵兵(20031024-20070915) 曾昭雄(20041118-20050601) 毛从容(20050601-20140115) 涂强(20061122-20090807) 邓春鸣(20070915-20090807) 张继荣(20090807-20120116) 张继荣(20140116-20150709) 刘彦春(20150710-20161108) 刘苏(20150929-至今),否,混合型基金,灵活配置型基金,1004900914.92,19.947945205479,,69.044476528836,稳定行业均衡基金,风格轮动基金,稳定大盘,稳定共振基金,轮动基金,-0.23785368365322412,-0.08586979886095925,20.0,12.0,16.0
348,512.0,003293.OF,易方达科瑞灵活配置混合,杨嘉文,郑希(20170103-20171227) 常远(20170103-20171227) 杨嘉文(20171227-至今),否,混合型基金,灵活配置型基金,3195585095.86,6.7424657534247,,91.788053875017,稳定行业均衡基金,稳定均衡-价值型,稳定中盘,轮动基金,轮动基金,-0.22972389094039514,-0.10975660293626541,22.0,4.0,13.0
349,579.0,090013.OF,大成竞争优势混合A,徐彦,陈尚前(20140422-20140424) 徐彦(20140425-20180911) 李本刚(20180907-20200113) 周志超(20181226-20200108) 徐彦(20191230-至今),否,混合型基金,偏股混合型基金,3062974298.04,9.4465753424658,,60.474175489926,稳定行业均衡基金,稳定价值型,风格轮动基金,稳定独立基金,轮动基金,-0.2627301537126624,-0.06182585548930805,6.0,19.0,12.5
350,388.0,000172.OF,华泰柏瑞量化增强混合A,"田汉卿,徐帅宇",田汉卿(20130802-至今) 徐帅宇(20220805-至今),否,混合型基金,偏股混合型基金,1292829166.51,10.167123287671,,93.272706394756,稳定行业均衡基金,稳定价值型,稳定大盘,稳定共振基金,稳定低,-0.25961351556870804,-0.06212438836224788,7.0,18.0,12.5
351,46.0,257020.OF,国联安精选混合,魏东,李洪波(20051228-20091020) 魏东(20090930-至今) 施卫平(20120331-20140109) 刘斌(20140215-20151231),否,混合型基金,偏股混合型基金,892171865.89,17.767123287671,,92.487394575804,稳定行业均衡基金,风格轮动基金,风格轮动基金,轮动基金,稳定中,-0.25291667528332085,-0.08379876862354034,10.0,13.0,11.5
352,12.0,180010.OF,银华优质增长混合,贲兴振,蒋伯龙(20060609-20080712) 况群峰(20060914-20110913) 郭建兴(20110902-20160708) 王华(20160708-20170804) 贲兴振(20161102-至今),否,混合型基金,偏股混合型基金,1771351691.54,17.320547945205,,88.503721347794,稳定行业均衡基金,风格轮动基金,稳定大盘,稳定共振基金,稳定低,-0.2514425768737973,-0.08799804135118718,13.0,10.0,11.5
353,108.0,481001.OF,工银核心价值混合A,何肖颉,江晖(20050831-20070526) 王筱苓(20070105-20071130) 杨建勋(20070321-20090519) 张翎(20070425-20100414) 詹粤萍(20070510-20071130) 曹冠业(20071130-20090519) 何江旭(20100412-20140730) 宋炳珅(20140120-20170527) 何肖颉(20140306-至今),否,混合型基金,偏股混合型基金,4067302259.28,18.093150684932,,78.929412267931,稳定行业均衡基金,风格轮动基金,稳定大盘,轮动基金,轮动基金,-0.24371689181094663,-0.09929847235546077,17.0,6.0,11.5
354,566.0,070001.OF,嘉实成长收益混合A,胡涛,窦玉明(20021105-20040810) 孙林(20030124-20070417) 刘志强(20061123-20080722) 刘天君(20070417-20090714) 徐晨光(20090714-20101105) 刘天君(20101105-20130607) 任竞辉(20121217-20130619) 邵秋涛(20130607-20191119) 谢泽林(20151231-20170718) 胡涛(20191119-至今),否,混合型基金,偏股混合型基金,1733745116.56,20.915068493151,,70.909342802499,稳定行业均衡基金,稳定成长型,风格轮动基金,轮动基金,稳定高,-0.2649620426517964,-0.06413752775205382,5.0,16.0,10.5
355,124.0,519021.OF,国泰金鼎价值混合,饶玉涵,崔海峰(20070411-20080403) 邓时锋(20080403-20180313) 饶玉涵(20180313-至今),否,混合型基金,灵活配置型基金,510651072.52,16.482191780822,,73.318064492136,稳定行业均衡基金,风格轮动基金,风格轮动基金,轮动基金,轮动基金,-0.2579203130880295,-0.08659249810648426,9.0,11.0,10.0
356,95.0,450002.OF,国富弹性市值混合A,赵晓东,张晓东(20060614-20141219) 赵晓东(20141219-至今),否,混合型基金,偏股混合型基金,2557359499.22,17.306849315068,,85.487757527738,稳定行业均衡基金,稳定价值型,稳定大盘,稳定中立基金,稳定中,-0.24856933124061564,-0.10205946238837621,15.0,5.0,10.0
357,576.0,090004.OF,大成精选增值混合A,李博,何光明(20041215-20060121) 曹雄飞(20060121-20070627) 钱辉(20070627-20081218) 张益凡(20081218-20090325) 曹雄飞(20090325-20100810) 刘安田(20100407-20150406) 魏庆国(20150407-20160819) 冯文光(20150723-20161108) 李博(20161104-至今),否,混合型基金,灵活配置型基金,1105218621.74,18.802739726027,,84.2264157742,稳定行业均衡基金,稳定价值型,稳定大盘,轮动基金,稳定高,-0.2591886400138315,-0.09426131160343047,8.0,7.0,7.5
358,150.0,519688.OF,交银精选混合,"王崇,张雪蓉",赵枫(20050929-20080128) 李立(20070425-20120508) 管华雨(20120313-20130426) 张鸿羽(20120420-20141022) 曹文俊(20141022-20170613) 王崇(20170603-至今) 张雪蓉(20230107-至今),否,混合型基金,偏股混合型基金,6079846257.21,18.013698630137,,90.00260956255,稳定行业均衡基金,风格轮动基金,风格轮动基金,稳定共振基金,轮动基金,-0.25216655507353597,-0.12972244283109097,12.0,2.0,7.0
359,84.0,400001.OF,东方龙混合,许文波,宋炳山(20041125-20060303) 陈光明(20041125-20050327) 杜位移(20060303-20080920) 季雷(20070316-20080920) 于鑫(20080920-20150101) 李坤元(20131011-20141014) 朱晓栋(20150101-20190320) 张洪建(20150101-20160701) 许文波(20190102-至今),否,混合型基金,灵活配置型基金,168768264.15,18.857534246575,,89.478345481934,稳定行业均衡基金,风格轮动基金,风格轮动基金,轮动基金,轮动基金,-0.26608983551196713,-0.08887140945334422,4.0,9.0,6.5
360,174.0,550001.OF,中信保诚四季红混合A,吴昊,岳爱民(20060429-20081113) 孙志洪(20060511-20070522) 管华雨(20070522-20100602) 闾志刚(20100525-20190304) 吴昊(20190131-至今) 夏明月(20190318-20230213),否,混合型基金,灵活配置型基金,441792372.07,17.432876712329,,89.264571859873,稳定行业均衡基金,风格轮动基金,风格轮动基金,轮动基金,轮动基金,-0.2882408557479801,-0.09355539116358069,1.0,8.0,4.5
361,151.0,519690.OF,交银稳健配置混合,陈孜铎,李旭利(20060614-20070704) 郑拓(20070704-20090821) 李立(20090821-20101231) 华昕(20090910-20110804) 张科兵(20110719-20140110) 唐倩(20131212-20180728) 陈孜铎(20180704-至今),否,混合型基金,灵活配置型基金,1363435180.9,17.306849315068,,88.786408890441,稳定行业均衡基金,风格轮动基金,风格轮动基金,轮动基金,轮动基金,-0.2844344233217597,-0.11505321203319592,2.0,3.0,2.5
362,45.0,257010.OF,国联安小盘精选混合,邹新进,袁柏南(20040412-20040918) 张学军(20040706-20061116) 王轶(20060318-20071128) 吴任昊(20061221-20070904) 吴鹏(20070904-20100316) 邹新进(20100306-至今),否,混合型基金,灵活配置型基金,1151283254.65,19.479452054795,,74.895537584461,稳定行业均衡基金,稳定价值型,风格轮动基金,稳定独立基金,稳定中,-0.27495542500605646,-0.1438206890008709,3.0,1.0,2.0
363,434.0,001117.OF,中欧精选定期开放混合A,周蔚文,曹剑飞(20150318-20160408) 刘明月(20160108-20161201) 周蔚文(20161201-至今),否,混合型基金,灵活配置型基金,4182530173.88,8.5424657534247,,84.913709766734,稳定行业均衡基金,风格轮动基金,风格轮动基金,轮动基金,稳定低,,,,,
364,287.0,001703.OF,银华沪港深增长股票A,周晶,周可彦(20160810-20181227) 周大鹏(20180118-20210618) 周书(20180413-20190719) 周晶(20181227-至今),否,股票型基金,普通股票型基金,156642279.86,7.1424657534247,,89.03295617215,稳定行业均衡基金,稳定价值型,风格轮动基金,轮动基金,稳定中,,,,,
365,303.0,002121.OF,广发沪港深新起点股票A,李耀柱,丁靓(20161102-20161210) 李耀柱(20161109-至今),否,股票型基金,普通股票型基金,2891380707.62,6.9123287671233,,90.850838427219,稳定行业均衡基金,稳定价值型,风格轮动基金,轮动基金,轮动基金,,,,,
366,540.0,005075.OF,富国研究量化精选混合A,于鹏,于鹏(20171124-至今),否,混合型基金,偏股混合型基金,257167693.71,5.8520547945205,,88.482550156085,稳定行业均衡基金,风格轮动基金,风格轮动基金,轮动基金,稳定低,,,,,
367,544.0,005241.OF,中欧时代智慧混合A,成雨轩,周应波(20180125-20200812) 成雨轩(20190601-至今),否,混合型基金,偏股混合型基金,589175741.09,5.6821917808219,,92.123868265836,稳定行业均衡基金,风格轮动基金,稳定大盘,稳定共振基金,稳定高,,,,,
368,546.0,005250.OF,银华估值优势混合,程桯,李晓星(20171103-20200902) 倪明(20171103-20200908) 胡晓晖(20180524-20200922) 张萍(20181106-20200902) 程桯(20190327-至今),否,混合型基金,偏股混合型基金,143759590.98,5.9095890410959,,92.070641574387,稳定行业均衡基金,风格轮动基金,稳定大盘,轮动基金,轮动基金,,,,,
369,547.0,005258.OF,景顺长城量化平衡混合A,"徐喻军,黎海威",黎海威(20171227-至今) 徐喻军(20171227-至今),否,混合型基金,灵活配置型基金,68419465.34,5.7616438356164,,88.673353191492,稳定行业均衡基金,风格轮动基金,风格轮动基金,轮动基金,稳定低,,,,,
370,324.0,005267.OF,嘉实价值精选股票,谭丽,谭丽(20171106-至今),否,股票型基金,普通股票型基金,4610402564.36,5.9013698630137,,91.213746944759,稳定行业均衡基金,稳定价值型,风格轮动基金,轮动基金,稳定高,,,,,
371,549.0,005299.OF,万家成长优选混合A,李文宾,李文宾(20180201-至今),否,混合型基金,灵活配置型基金,1186896570.48,5.6630136986301,,93.987460456965,稳定行业均衡基金,风格轮动基金,风格轮动基金,稳定独立基金,轮动基金,,,,,
372,550.0,005335.OF,浙商全景消费混合A,"刘新正,贾腾",倪权生(20171229-20190823) 刘宏达(20171229-20201215) 贾腾(20190731-至今) 刘新正(20210618-至今),否,混合型基金,偏股混合型基金,172459469.02,5.7561643835616,,92.22238204049,稳定行业均衡基金,稳定价值型,风格轮动基金,稳定独立基金,稳定高,,,,,
373,,005521.OF,,,,,,,,,,,,,,,,,,,,
374,375.0,501049.SH,东方红睿玺三年定开混合A,"王延飞,张伟锋",王延飞(20171115-至今) 张伟锋(20201221-至今),否,混合型基金,灵活配置型基金,13051649996.81,5.8767123287671,,95.944002999926,稳定行业均衡基金,稳定价值型,风格轮动基金,稳定中立基金,轮动基金,,,,,
375,376.0,501051.SH,圆信汇利,邹维,洪流(20171130-20190131) 李明阳(20171205-20211119) 邹维(20190125-至今),否,混合型基金,偏股混合型基金,177195410.5,5.8356164383562,,93.752826346481,稳定行业均衡基金,风格轮动基金,风格轮动基金,稳定共振基金,稳定中,,,,,
