,thscode,x1,ww1,x2,ww2,x3,ww3,x4,ww4,x5,ww5,x6,ww6,x7,ww7,x8,ww8,x9,ww9,x10,ww10
0,570001.OF,628.0,418636667.53,1523.0,402590204.94,639.0,383708092.05,2095.0,373219283.1,503.0,370928343.8,736.0,359892192.0,704.0,342759117.0,2563.0,327733745.0,1295.0,293822942.4,34.0,223589976.62
1,570008.OF,628.0,134876115.22,1523.0,130738436.22,639.0,129860667.0,2095.0,126794491.32,2563.0,122025150.0,736.0,119206896.0,450.0,90161808.75,503.0,86191676.2,704.0,80735953.75,1295.0,78458479.2
2,590005.OF,319.0,41604000.0,111.0,34803000.0,275.0,34037839.94,2563.0,32740450.0,42.0,32250877.2,1111.0,30527750.0,600.0,30475161.0,453.0,30192000.0,393.0,29187000.0,1624.0,28077300.0
3,610004.OF,290.0,59152250.97,752.0,51690426.9,888.0,50563921.5,453.0,49875838.22,1098.0,44280648.0,1041.0,42131574.3,523.0,41730141.6,251.0,39168954.0,430.0,34350376.0,606.0,32394140.0
4,610006.OF,1041.0,38241252.0,888.0,33826839.75,1098.0,31967820.0,752.0,28097475.0,523.0,28050682.1,1085.0,26780870.0,2094.0,25008904.2,245.0,24649376.0,1324.0,24570000.0,453.0,23510760.0
5,630002.OF,976.0,137022385.95,347.0,93645213.6,542.0,93368351.43,233.0,86051189.21,175.0,83924610.0,830.0,68322444.0,487.0,67700688.3,376.0,63956771.72,209.0,61579984.96,229.0,58517000.0
6,630006.OF,114.0,5520253.65,509.0,4807486.56,280.0,4563419.14,473.0,3905200.0,177.0,3281520.0,202.0,3079531.0,177.0,3051048.0,628.0,3048227.0,646.0,3038447.0,66.0,3002545.67
7,630010.OF,114.0,27539231.0,509.0,24393655.2,280.0,23372577.52,473.0,19435884.0,177.0,16583880.0,202.0,15367133.6,646.0,15355404.64,628.0,15281168.0,177.0,15255240.0,66.0,14815245.71
8,630016.OF,1171.0,10197203.66,2094.0,9016638.12,2602.0,7648482.0,1098.0,6924780.0,1041.0,6192072.0,1159.0,5960710.0,1193.0,5940480.0,722.0,5479560.0,452.0,5061997.72,205.0,4723838.0
9,660004.OF,2602.0,31719600.0,2563.0,19018500.0,1030.0,18840314.0,440.0,18694902.0,831.0,18477432.0,1235.0,18188800.0,386.0,16121438.0,1523.0,16074408.0,440.0,15512280.0,633.0,14375166.0
10,660006.OF,2563.0,5317000.0,2602.0,4111800.0,748.0,4044893.15,1193.0,2283840.0,732.0,2252500.64,19.0,2047532.05,1206.0,1962300.0,1213.0,1933478.0,867.0,1900283.0,1086.0,1858750.0
11,660010.OF,1235.0,286818537.6,1030.0,277175219.51,736.0,274914292.0,1523.0,274806550.62,2563.0,265645500.0,382.0,213045154.56,281.0,191232833.82,748.0,185893176.98,246.0,135455411.12,309.0,108307865.28
12,660012.OF,1523.0,46522098.0,953.0,46461858.3,2563.0,36196500.0,448.0,30343690.0,190.0,25958712.0,718.0,25565184.0,1235.0,24197600.0,500.0,22093214.24,382.0,21341844.72,435.0,21106250.0
13,688888.OF,1113.0,107430000.0,365.0,105100000.0,1730.0,101600000.0,87.0,92850000.0,509.0,84945000.0,351.0,76400000.0,233.0,71960000.0,190.0,70650000.0,103.0,60960000.0,356.0,58350000.0
14,690004.OF,2602.0,11971746.0,1159.0,7613680.0,2095.0,7515064.44,880.0,6904412.8,452.0,6820800.91,1741.0,6582918.0,807.0,5836050.0,1041.0,5661864.0,678.0,5619264.0,462.0,5530072.0
15,690005.OF,1111.0,21624748.0,478.0,21363396.45,509.0,21323460.2,487.0,20189161.16,1624.0,20048752.05,409.0,19495987.2,262.0,18829878.6,649.0,18016345.0,1170.0,18001344.0,1439.0,17917452.0
16,690007.OF,2095.0,173015189.28,1523.0,125550314.26,1624.0,110404207.19,1741.0,98804349.0,1098.0,97057716.48,2563.0,95638515.0,968.0,93621515.13,616.0,92189214.0,346.0,90546248.54,880.0,88509075.92
17,700001.OF,310.0,10820128.0,406.0,10197760.0,111.0,8887655.0,584.0,8708623.0,245.0,7471401.0,635.0,6951256.0,509.0,6686100.0,216.0,6652529.94,149.0,6507208.45,1438.0,6468930.0
18,700003.OF,857.0,217879869.9,2094.0,206926927.56,91.0,183215326.92,606.0,162755850.0,1193.0,150095462.4,1384.0,135265013.23,616.0,131828009.28,637.0,122314426.0,561.0,104413202.3,435.0,104059230.28
19,720001.OF,179.0,320255075.16,157.0,316379509.56,744.0,306909954.94,141.0,285529359.36,453.0,265567259.5,406.0,263226952.0,153.0,260089478.0,163.0,249298322.5,169.0,234288280.45,246.0,199380855.94
20,750001.OF,2602.0,402796200.0,1439.0,348880482.0,977.0,278275796.28,478.0,229785070.35,2563.0,162373000.0,678.0,125392371.0,1159.0,117954436.5,124.0,112101301.37,352.0,103053460.0,492.0,89204304.0
21,160133.SZ,2563.0,118728610.0,2602.0,95906400.0,660.0,81440983.73,263.0,55856536.0,1235.0,36182720.0,1295.0,35312673.6,825.0,33262350.0,354.0,32224230.0,623.0,29087502.0,880.0,28716569.8
22,160322.SZ,693.0,156298013.58,351.0,127520066.2,728.0,117317427.15,115.0,80290368.34,293.0,60835608.27,207.0,58802120.38,147.0,52409806.04,104.0,47503067.89,56.0,39344103.75,264.0,37866940.91
23,000041.OF,,,,,,,,,,,,,,,,,,,,
24,000043.OF,,,,,,,,,,,,,,,,,,,,
25,000082.OF,107.0,25910556.0,603.0,24213613.0,15.0,19979646.15,1730.0,19513524.6,1113.0,18093861.94,268.0,16965252.52,558.0,16064477.52,570.0,15303340.0,606.0,13141189.6,1624.0,11540810.2
26,000309.OF,27.0,32145985.73,62.0,26427870.0,26.0,25962349.04,1523.0,25345240.0,2602.0,22321200.0,750.0,20906600.0,37.0,18101790.0,1324.0,16380000.0,195.0,15869175.5,290.0,12565570.0
27,000409.OF,2094.0,374927942.82,1041.0,358645157.4,2602.0,326084430.0,1324.0,277397445.0,690.0,267426169.92,1159.0,237090997.0,788.0,203036016.0,1212.0,192989537.9,957.0,130176227.22,420.0,118596600.5
28,000457.OF,1401.0,119822955.53,417.0,102132170.12,134.0,64256782.2,435.0,54566600.0,215.0,54317580.0,172.0,52294621.2,509.0,51012304.0,940.0,49596792.0,47.0,44842420.5,432.0,44102392.57
29,000471.OF,1267.0,73279244.65,1295.0,46009080.0,429.0,43913205.0,173.0,35508882.4,234.0,35348700.0,276.0,35304690.84,1401.0,32222144.0,749.0,29197051.44,98.0,27856608.0,101.0,27435450.0
30,000513.OF,252.0,56866388.0,206.0,50064000.0,916.0,45607567.0,1213.0,45535502.0,148.0,44175224.0,2563.0,44172000.0,165.0,37893550.96,135.0,35170848.0,502.0,31645983.52,127.0,30099119.36
31,000524.OF,2563.0,10225000.0,1523.0,5802726.0,1385.0,5759660.11,628.0,5747595.0,646.0,5271118.0,1741.0,5023008.75,2095.0,5007844.17,1030.0,4980083.0,903.0,4939976.0,435.0,4911405.5
32,000549.OF,207.0,4657809.6,903.0,2967336.84,1325.0,2642250.0,420.0,2510727.68,1159.0,2279095.0,940.0,1982400.0,1213.0,1915520.0,2602.0,1815600.0,639.0,1796542.2,880.0,1493022.28
33,000577.OF,2563.0,267582115.0,2602.0,260476122.0,1439.0,226849853.16,1113.0,196925062.84,876.0,153304524.8,2095.0,132701374.08,1206.0,123945620.0,1267.0,120752867.9,942.0,110567365.1,833.0,99906660.0
34,000592.OF,2602.0,66590868.0,1171.0,55712036.8,598.0,53882449.6,429.0,53134620.0,2563.0,44785500.0,957.0,41623452.0,164.0,41611660.0,639.0,41611580.73,487.0,40192740.0,430.0,31312992.0
35,000628.OF,176.0,449746309.67,773.0,412210391.28,463.0,382013278.77,723.0,381414290.38,1031.0,365659007.6,79.0,351238739.91,433.0,331504243.76,384.0,305634117.4,134.0,275111667.25,83.0,264375084.6
36,000746.OF,1439.0,227388564.0,1235.0,208956832.0,453.0,207890161.0,245.0,148114106.07,542.0,148049559.0,440.0,136186142.4,407.0,131624115.2,677.0,123565533.0,390.0,111950525.0,233.0,103016137.0
37,000751.OF,751.0,851295883.2,346.0,718947482.44,244.0,693803672.24,594.0,598218567.4,747.0,545879618.18,1295.0,519894460.8,646.0,481005657.9,503.0,334889214.24,457.0,314439876.78,677.0,270374217.68
38,000778.OF,1741.0,41173527.0,2563.0,40695500.0,1031.0,35543235.44,1267.0,33782075.05,1268.0,32188775.85,773.0,32010583.84,810.0,26477075.1,1206.0,23767040.0,401.0,22713312.0,1235.0,14109312.0
39,000780.OF,330.0,70059518.76,381.0,47511000.0,428.0,38961402.32,200.0,34854935.0,352.0,30640460.0,744.0,26296810.0,277.0,21660889.0,57.0,21224762.1,256.0,20931200.0,1624.0,20262347.51
40,000828.OF,453.0,404103222.77,857.0,310548245.7,2602.0,309319500.0,1324.0,296127000.0,297.0,275691224.96,773.0,273598834.0,440.0,267602542.2,382.0,239097991.2,1523.0,228507348.0,360.0,205440963.0
41,000831.OF,1624.0,426360039.9,507.0,325714239.4,742.0,311349815.0,1016.0,269056149.34,290.0,249550522.15,381.0,247500000.0,1295.0,244296000.0,428.0,237964124.64,452.0,212252000.0,752.0,175875315.0
42,000866.OF,544.0,10258859.91,276.0,9659585.76,431.0,9266013.0,1210.0,8973980.0,555.0,8292550.0,1401.0,8234656.79,85.0,7760200.0,742.0,7485100.0,57.0,7233006.0,160.0,6949360.0
43,000893.OF,562.0,55766100.0,723.0,49165714.38,248.0,46238700.0,211.0,43392000.0,536.0,41445000.0,112.0,40392000.0,744.0,40057200.0,135.0,35937231.33,57.0,35392500.0,210.0,33807900.0
44,000925.OF,2602.0,124881240.0,658.0,82428070.0,582.0,75749210.04,1213.0,69275978.0,391.0,67634708.96,436.0,64356174.3,399.0,56172117.4,1761.0,55378460.89,129.0,53370454.5,880.0,50883772.8
45,000955.OF,2563.0,29570700.0,2602.0,27162978.0,748.0,20224465.75,263.0,16186990.0,1235.0,9419200.0,825.0,8613198.0,354.0,7535430.64,1523.0,7236733.0,1295.0,7047000.0,623.0,6966326.4
46,000960.OF,581.0,273478330.4,1110.0,256421332.94,383.0,243619488.42,1624.0,242482946.09,1295.0,219257226.0,742.0,187068833.0,659.0,164526603.29,67.0,151770421.12,752.0,129745326.9,507.0,103497868.1
47,000971.OF,106.0,148320881.04,1385.0,146892878.83,2563.0,140716450.0,1741.0,117855232.92,1235.0,112659153.6,749.0,69326902.56,743.0,67247704.16,744.0,57538236.26,270.0,52965766.0,1523.0,49424859.96
48,000978.OF,267.0,16557645.0,209.0,16392029.1,91.0,16163616.0,1086.0,13708355.6,185.0,13117335.0,284.0,13097924.37,492.0,12885510.4,175.0,12870024.0,413.0,12055768.0,956.0,11460955.8
49,000979.OF,149.0,149008391.68,171.0,148194592.32,154.0,142155770.9,189.0,141538243.52,39.0,140988179.85,317.0,90316479.07,284.0,78680663.25,58.0,39137907.18,304.0,30027056.4,693.0,29683287.09
50,000985.OF,957.0,57458266.32,2094.0,57039477.69,289.0,56412850.8,176.0,53645386.44,391.0,48341768.97,452.0,43260173.07,440.0,34280496.6,2602.0,32128644.0,435.0,31724262.68,225.0,31441492.0
51,000991.OF,875.0,444994730.32,941.0,413649519.2,1438.0,380002932.0,739.0,277880292.48,649.0,241204143.0,270.0,228728069.92,560.0,202550097.38,570.0,201991454.04,515.0,182949316.9,124.0,119689806.2
52,000996.OF,1730.0,88900000.0,2563.0,87526000.0,1741.0,80772000.0,1267.0,77900000.0,1210.0,68780000.0,1439.0,61110000.0,447.0,51890000.0,916.0,51470000.0,240.0,50980219.18,1523.0,50023500.0
53,001008.OF,836.0,43377330.0,2563.0,41513500.0,540.0,37968366.22,1170.0,37884294.0,509.0,36108160.0,248.0,36029117.0,1439.0,32979443.22,60.0,27998797.5,678.0,25616987.0,957.0,22354644.0
54,001009.OF,1523.0,30114147.0,2563.0,27176005.0,1159.0,24299660.8,2602.0,24277776.0,1041.0,15250975.5,181.0,14842689.2,440.0,14607838.0,420.0,14480912.0,656.0,14459098.4,405.0,14406094.2
55,001028.OF,207.0,13669590.4,1325.0,11017500.0,1159.0,10894575.0,903.0,10821029.84,420.0,10121900.56,1171.0,9132474.96,2602.0,8704200.0,880.0,7598400.0,940.0,7237440.0,1213.0,7165242.0
56,001036.OF,346.0,26984062.05,594.0,25249272.0,1295.0,23677920.0,244.0,23538340.08,405.0,22110130.0,659.0,21060080.15,751.0,19689432.0,504.0,18582426.5,431.0,17656100.0,747.0,14643509.0
57,001040.OF,213.0,63356640.66,453.0,53240675.8,405.0,44368133.4,452.0,44028925.63,333.0,35898651.62,134.0,33998282.11,247.0,30294000.0,751.0,28705600.0,390.0,28020148.0,201.0,27027000.0
58,001044.OF,2563.0,94775525.0,282.0,80693908.81,356.0,70635417.45,275.0,63175156.5,148.0,61201206.14,227.0,60182500.0,258.0,56464732.8,1267.0,53840507.1,131.0,52558731.0,46.0,52217761.95
59,001054.OF,1113.0,436483219.84,880.0,417912000.0,2563.0,409000000.0,903.0,372409648.0,390.0,331712657.25,623.0,205283943.2,1439.0,202343643.18,570.0,195644000.0,1730.0,172715834.4,516.0,170470991.88
60,001070.OF,420.0,69729478.0,130.0,63034211.95,581.0,48019420.4,420.0,44739376.0,957.0,44503173.0,582.0,42850605.0,67.0,42521300.0,240.0,42376350.0,428.0,40292412.6,487.0,39466492.38
61,001072.OF,1212.0,35131834.0,2602.0,33161400.0,860.0,26138198.0,440.0,25279458.4,207.0,24116017.6,1143.0,19869504.0,509.0,17848920.0,631.0,17509905.0,1523.0,17341480.0,1324.0,17218500.0
62,001126.OF,2602.0,106831506.0,2563.0,106084375.0,2095.0,101153335.05,1213.0,89915706.0,1523.0,80971372.0,1730.0,77313078.8,1401.0,53416820.13,1170.0,47927123.55,860.0,44740830.31,1295.0,42097838.4
63,001158.OF,2602.0,144180000.0,1212.0,113734000.0,916.0,102940000.0,1193.0,99840000.0,2094.0,93282000.0,976.0,90967500.0,1169.0,87291000.0,1085.0,81785000.0,567.0,75686400.0,529.0,69981894.0
64,001163.OF,1523.0,43655330.88,2563.0,35940875.0,743.0,35686516.04,1030.0,31620527.0,487.0,30075728.0,281.0,28977856.0,1741.0,26331672.0,646.0,24693677.0,1159.0,23417075.0,953.0,20421225.0
65,001166.OF,2602.0,90801360.0,957.0,76933896.0,639.0,67597096.95,1159.0,50090000.0,1212.0,41904514.12,1193.0,37440000.0,1171.0,37291800.0,857.0,36920961.0,248.0,36707000.0,430.0,34506257.4
66,001171.OF,1624.0,311970000.0,507.0,248175510.0,742.0,231200000.0,381.0,193502205.0,1295.0,187916554.8,428.0,185080000.0,452.0,180640000.0,644.0,155980000.0,290.0,142636200.0,2563.0,119270535.0
67,001178.OF,1439.0,70021828.44,880.0,67213847.0,740.0,62924547.84,744.0,44893094.63,66.0,42245958.9,957.0,35934678.0,277.0,35121050.0,527.0,31677343.56,325.0,29740140.0,1401.0,23538114.0
68,001186.OF,236.0,116669356.05,267.0,109020548.82,825.0,97265647.16,588.0,91158360.8,570.0,65320226.0,708.0,56451783.69,37.0,53395923.58,555.0,39725980.0,56.0,35848155.0,130.0,35422170.28
69,001195.OF,2563.0,61350000.0,457.0,59092738.67,1523.0,39446400.0,603.0,36310220.0,390.0,33445800.0,1267.0,28823000.0,1741.0,22313265.0,704.0,21609180.93,718.0,21224595.24,129.0,20879100.0
70,001223.OF,707.0,7570618.0,210.0,6302285.0,1401.0,5676720.0,219.0,5348998.56,431.0,5092753.0,561.0,4257558.0,631.0,4212000.0,339.0,3957600.0,2602.0,3951600.0,678.0,3499497.0
71,001230.OF,825.0,178313739.56,428.0,168048568.24,1016.0,153112504.6,744.0,107013848.32,744.0,95300001.2,200.0,92962505.0,325.0,57061350.0,179.0,56154578.4,752.0,48408687.6,245.0,43860001.5
72,001236.OF,2563.0,96933000.0,1523.0,59961502.0,504.0,58368414.0,1325.0,54005250.0,54.0,49271826.0,393.0,41967412.5,1741.0,41658159.0,1761.0,39695260.0,197.0,38788714.24,836.0,35409321.6
73,001245.OF,1193.0,304746249.6,1324.0,292812000.0,1523.0,265604775.6,656.0,190379491.2,2602.0,159879600.0,634.0,141816793.92,2094.0,132206779.59,424.0,114062292.0,1085.0,112100171.6,903.0,110320959.0
74,001291.OF,2563.0,10634000.0,977.0,4043622.0,486.0,3531627.0,751.0,3493160.0,942.0,3476530.0,1267.0,3345805.0,176.0,3317780.0,880.0,3283038.0,307.0,3163966.0,77.0,3153150.0
75,001313.OF,1171.0,44477260.52,2602.0,36116022.0,1523.0,35730452.09,396.0,34183064.3,1193.0,30890121.6,1325.0,28255500.0,656.0,22097327.6,1730.0,21534323.2,736.0,20886648.0,620.0,20848294.38
76,001396.OF,2563.0,23313000.0,1171.0,18740563.8,1385.0,18305735.77,2602.0,17020182.0,96.0,15184432.0,487.0,13795185.6,582.0,13296864.0,1730.0,13172440.0,1439.0,12002004.0,374.0,9895840.0
77,001404.OF,1143.0,127807466.88,356.0,86902882.56,248.0,82934341.6,288.0,82746405.0,420.0,78412500.0,371.0,76468642.8,164.0,76345187.3,205.0,76152161.12,404.0,75463464.0,449.0,73108688.97
78,001410.OF,788.0,563731063.2,1193.0,346433568.0,1523.0,322931706.6,562.0,318611341.0,223.0,274378236.0,2602.0,264137226.0,1086.0,214737521.3,119.0,197159084.0,198.0,192022696.12,463.0,179901127.68
79,001416.OF,39.0,50566164.38,773.0,24692152.0,833.0,21688290.0,2602.0,21413400.0,831.0,21078336.0,1439.0,20522484.0,1523.0,20309541.0,56.0,20129400.0,61.0,19303800.0,2563.0,18214815.0
80,001473.OF,1439.0,40465296.0,2602.0,37486800.0,2563.0,37423500.0,478.0,31236822.0,1210.0,26343138.2,547.0,21106114.75,936.0,20487700.0,594.0,17677266.84,119.0,16795301.36,678.0,14570785.0
81,001476.OF,453.0,176363447.13,627.0,111342555.0,2602.0,81141300.0,1193.0,80998819.2,2095.0,71476599.57,1325.0,60160035.0,59.0,59928711.78,1523.0,53356065.57,352.0,50528849.32,1401.0,43896589.0
82,001490.OF,2563.0,82178325.0,1741.0,52845081.0,2602.0,51691200.0,1523.0,49061460.0,1624.0,40153242.74,1385.0,32430378.04,1170.0,24236249.16,436.0,22772380.0,402.0,22709796.0,584.0,22659021.0
83,001496.OF,2602.0,33161400.0,2563.0,25783360.0,620.0,20419512.0,390.0,18896877.0,311.0,17825255.36,1325.0,16643250.0,623.0,16101584.8,747.0,13383020.5,1159.0,13374030.0,386.0,12651384.0
84,001528.OF,1266.0,12853889.5,335.0,11190000.0,637.0,11154000.0,1267.0,9664272.09,217.0,9638000.0,493.0,9517480.0,39.0,9102940.0,567.0,8724960.0,416.0,8341606.3,633.0,7925400.0
85,001542.OF,1193.0,109813641.6,487.0,107561421.45,2602.0,94909422.0,722.0,75876685.0,429.0,68079912.45,1041.0,60244884.0,453.0,36289417.84,338.0,32702670.0,858.0,26953080.0,751.0,24014540.0
86,001576.OF,2602.0,426228654.0,1171.0,389363779.42,2094.0,376850018.43,1041.0,342611786.7,429.0,281182742.55,448.0,235917228.75,106.0,234842028.3,156.0,190026725.46,1324.0,182053365.0,360.0,178622010.06
87,001579.OF,1213.0,83804000.0,744.0,81083986.92,141.0,70093500.0,880.0,69943245.41,145.0,65480000.0,412.0,50363359.8,418.0,49106037.0,1267.0,47078865.0,836.0,43800000.0,2563.0,40900000.0
88,001583.OF,739.0,72494257.92,875.0,67097308.32,1438.0,65608813.44,164.0,53626228.29,935.0,46628275.0,396.0,41932516.5,85.0,39074549.57,68.0,35566176.21,597.0,32791525.2,115.0,31758549.64
89,001605.OF,620.0,177629467.07,555.0,153270270.7,293.0,136281710.1,957.0,114970947.0,728.0,107538926.59,588.0,95714643.18,115.0,94928188.64,351.0,90323910.67,39.0,87980878.21,478.0,83191426.45
90,001616.OF,2602.0,475347042.0,788.0,403555224.0,424.0,309112447.84,1210.0,300217460.0,502.0,295440756.12,567.0,282781209.6,903.0,252424085.2,1624.0,219622200.45,1159.0,215774947.05,880.0,198991015.0
91,001637.OF,61.0,38607600.0,598.0,12017500.0,418.0,11529779.0,623.0,11220522.4,644.0,11175967.0,330.0,10330460.0,134.0,10230360.0,265.0,10222992.0,176.0,9805140.0,385.0,9693051.0
92,001645.OF,87.0,333772720.32,461.0,332194810.44,634.0,328570107.68,173.0,324867828.99,95.0,304643211.84,258.0,270226706.4,233.0,237034845.4,172.0,233272322.47,182.0,222138307.85,113.0,204277395.66
93,001651.OF,2563.0,19202550.0,1268.0,19101357.0,936.0,18741100.0,1439.0,17924436.0,1113.0,17314421.48,38.0,14352135.0,789.0,12160273.47,1741.0,11308080.0,749.0,10743446.0,323.0,10067958.0
94,001672.OF,375.0,21296000.0,187.0,14250501.72,30.0,13662000.0,60.0,12896930.5,225.0,12864000.0,314.0,12767300.0,509.0,12515230.0,53.0,12447600.0,276.0,12136800.0,173.0,11958000.0
95,001703.OF,2563.0,31155575.0,728.0,18168922.04,114.0,16716328.74,57.0,16376683.25,49.0,15053533.29,24.0,14356553.44,189.0,13807897.74,152.0,13484783.0,722.0,11690793.47,54.0,10405259.22
96,001705.OF,2094.0,177775236.48,2602.0,165755202.0,880.0,112477766.2,1729.0,105932579.6,370.0,102567839.0,561.0,102268387.3,1169.0,100668539.73,210.0,98622931.82,677.0,94628776.13,646.0,90104525.4
97,001717.OF,1624.0,1643042000.0,507.0,1189100155.1,1295.0,1064880000.0,742.0,968150000.0,1016.0,940172328.04,428.0,930690802.64,381.0,922500450.0,452.0,812881670.92,290.0,747168149.97,600.0,693268254.0
98,001725.OF,1031.0,160776487.64,196.0,152096794.5,2602.0,149468202.0,1523.0,110051700.0,127.0,104091862.52,314.0,86110292.4,568.0,84193500.0,276.0,81690000.0,968.0,72949448.0,436.0,71600000.0
99,001726.OF,1523.0,27390594.0,1741.0,24958548.0,1385.0,24877156.93,825.0,16911279.0,603.0,16502791.0,2563.0,16155500.0,1030.0,16140269.0,678.0,16117755.0,1268.0,16037470.35,1235.0,15915200.0
100,001736.OF,66.0,150878424.66,162.0,127835468.4,348.0,113113459.0,463.0,109787578.08,399.0,104891836.0,405.0,101100131.0,880.0,91841860.8,436.0,90047740.0,1325.0,87067500.0,1143.0,86249443.2
101,001766.OF,1624.0,97404105.32,742.0,71404964.0,600.0,66033641.7,174.0,56461308.67,1295.0,52812097.2,452.0,48889177.32,476.0,38592125.0,279.0,34362237.2,119.0,32043348.0,628.0,30801962.1
102,001790.OF,2602.0,923379984.0,1324.0,844794405.0,1523.0,829288916.02,1171.0,769192428.06,335.0,544483714.94,751.0,538653668.56,429.0,524378993.4,634.0,518814547.68,106.0,511779926.7,211.0,400718665.0
103,001825.OF,1439.0,74108917.62,936.0,57332370.5,254.0,42348651.6,2563.0,40900000.0,2602.0,38875200.0,751.0,38125560.0,244.0,28269253.0,314.0,27589865.74,77.0,27526895.0,1523.0,27512925.0
104,001878.OF,317.0,198494251.23,182.0,175515980.09,282.0,135352241.48,1401.0,128477689.6,167.0,125094554.88,352.0,121249802.7,693.0,115170147.68,1740.0,110366860.8,75.0,87951724.79,239.0,84739774.6
105,001956.OF,2602.0,65334900.0,736.0,64098800.0,490.0,59544370.0,357.0,56194307.0,1143.0,53006682.24,509.0,50009835.36,747.0,49171792.9,634.0,42236013.12,215.0,38879860.03,371.0,37202130.9
106,001974.OF,2563.0,69264150.0,876.0,38683848.0,584.0,37221184.0,956.0,36565329.0,1235.0,36551043.2,2602.0,34870734.0,1086.0,30364540.0,1267.0,29539563.15,636.0,29042757.68,1213.0,28822590.0
107,001975.OF,396.0,355907437.2,473.0,351976872.0,414.0,310890304.76,184.0,275954349.0,522.0,275174222.0,788.0,268836658.38,213.0,265698281.04,590.0,223073990.88,307.0,193264893.9,502.0,181273604.76
108,002121.OF,728.0,384926549.86,693.0,337364882.81,50.0,303925914.24,99.0,243735499.79,43.0,228766711.55,139.0,210160274.31,147.0,208982609.26,53.0,206137186.88,264.0,194956774.9,1169.0,193126488.0
109,002168.OF,2602.0,572341734.0,788.0,525041765.6,1159.0,489484739.45,502.0,417935985.2,903.0,396554028.94,561.0,331978716.0,567.0,317796576.48,440.0,309794169.0,1523.0,296168133.63,97.0,287974026.6
110,002210.OF,79.0,8909600.0,748.0,5410044.59,137.0,3891520.8,210.0,3730233.0,313.0,3642620.4,509.0,3610816.0,50.0,3540489.04,399.0,3431960.0,420.0,3357664.0,581.0,3323420.0
111,002229.OF,490.0,85073584.5,226.0,81692100.0,249.0,70129320.54,736.0,63975368.0,288.0,63590208.15,880.0,50837538.44,509.0,40828276.12,2602.0,39787272.0,561.0,38197030.38,1401.0,27815759.05
112,003145.OF,245.0,15106632.0,660.0,14820018.76,658.0,13550224.0,442.0,13494860.0,1523.0,12272432.0,858.0,10981740.0,131.0,10654296.0,1171.0,10457003.2,298.0,9469445.0,953.0,9340650.0
113,003298.OF,504.0,101244506.0,488.0,95832315.14,412.0,67018790.67,233.0,57859581.92,303.0,54140527.22,199.0,49038267.3,191.0,33409836.46,325.0,33016263.0,2.0,32682705.0,562.0,31015914.0
114,003745.OF,2094.0,400146265.11,1041.0,384764844.6,747.0,337119606.04,1324.0,312511095.0,807.0,278469975.0,34.0,234949250.96,278.0,232663628.55,383.0,202914256.79,543.0,160722970.56,93.0,112096192.43
115,003834.OF,1171.0,2030332066.42,540.0,1725760864.36,2602.0,1721559930.0,722.0,1577433662.35,424.0,1564120510.56,1085.0,1303365314.2,328.0,1018678254.0,788.0,972346404.8,330.0,852609170.6,732.0,849949763.84
116,003984.OF,2602.0,679760640.0,788.0,596553210.4,1159.0,575406620.95,903.0,463968876.04,424.0,447857132.64,567.0,365305875.84,502.0,363864408.08,525.0,331467226.32,561.0,301660758.0,97.0,295713453.36
117,004075.OF,1016.0,386185393.22,1624.0,348037163.67,600.0,285659333.46,507.0,202452391.9,752.0,162796426.8,476.0,138958808.95,277.0,137511308.88,1030.0,135767862.76,452.0,129508628.68,503.0,126621460.56
118,004476.OF,728.0,63325502.51,1624.0,60477464.3,1401.0,49935301.27,1159.0,47501849.7,880.0,45130443.52,1143.0,39397319.04,693.0,33973678.17,288.0,33779994.16,345.0,32798033.64,1098.0,31834446.84
119,004640.OF,38.0,48220136.25,2602.0,40851000.0,37.0,35573907.2,522.0,35083489.2,788.0,32266120.0,391.0,30155625.0,90.0,27556704.0,94.0,27500284.0,144.0,25409118.0,690.0,24268476.96
120,004683.OF,428.0,30934800.0,1111.0,20716242.16,1016.0,19671938.0,600.0,18467919.0,1030.0,18060301.0,503.0,17374224.0,744.0,17127420.2,352.0,16754870.0,381.0,16474500.0,148.0,16321456.71
121,004851.OF,1016.0,1224753594.13,1624.0,1148934554.9,742.0,982637859.0,644.0,942465553.59,503.0,928377704.24,1110.0,865471148.35,1030.0,762676311.06,600.0,613735558.56,486.0,531625800.75,752.0,515474216.25
122,005267.OF,935.0,539746550.0,1205.0,491507535.6,282.0,466273465.27,317.0,427935673.49,1169.0,402797239.23,450.0,356770614.06,167.0,328682233.76,239.0,311395815.2,356.0,291085568.55,570.0,285089817.16
123,005268.OF,2563.0,39877500.0,1624.0,30999834.96,1741.0,28873768.77,335.0,28675908.58,2602.0,27238272.0,547.0,20946428.2,773.0,18627890.0,704.0,17006894.01,211.0,16753880.0,678.0,16222280.0
124,040018.OF,,,,,,,,,,,,,,,,,,,,
125,110022.OF,1235.0,2790329192.0,1741.0,2687534833.2,2563.0,2681336515.0,1523.0,2606739656.22,718.0,2200567402.62,953.0,2158087036.05,678.0,1885809988.61,1268.0,1859501644.11,1031.0,1506253357.1,487.0,1468774395.2
126,118001.OF,,,,,,,,,,,,,,,,,,,,
127,162208.OF,1171.0,41418759.2,825.0,39409699.12,858.0,31351320.0,660.0,30248898.37,335.0,27482961.0,2602.0,26433000.0,617.0,23783789.04,354.0,23206750.0,195.0,22738700.88,1098.0,20964060.0
128,320022.OF,86.0,39642712.9,2563.0,33333500.0,747.0,32649837.5,114.0,24844289.97,271.0,22104462.0,214.0,20885381.4,540.0,18582938.0,1741.0,16457295.0,160.0,15334823.9,1401.0,15110888.0
129,340006.OF,1098.0,189445664.88,240.0,142744613.7,751.0,134472688.0,1523.0,126225965.0,588.0,117912790.84,452.0,83166656.0,2602.0,79192200.0,590.0,70633214.55,351.0,66177271.51,349.0,65569026.9
130,376510.OF,2563.0,11290445.0,523.0,9882330.0,627.0,9286800.0,92.0,8890867.0,435.0,8721775.38,550.0,8551158.0,1523.0,8456322.0,1031.0,8438458.0,1268.0,8412327.0,628.0,8252517.0
131,450009.OF,311.0,287528070.28,207.0,257001463.8,740.0,233445717.12,450.0,191128275.0,372.0,189372537.5,1113.0,186136476.71,84.0,173409483.6,352.0,151586547.95,942.0,140647588.2,1206.0,138643458.0
132,457001.OF,,,,,,,,,,,,,,,,,,,,
133,519193.OF,1113.0,36203551.9,836.0,34401892.4,260.0,29334522.0,574.0,28332000.0,749.0,23046170.0,1439.0,22312134.0,504.0,21576698.0,740.0,21552384.0,529.0,21139704.0,381.0,19615500.0
134,519714.OF,953.0,276401188.8,749.0,268349810.16,2563.0,267698680.0,1741.0,184968485.79,1523.0,183910950.72,234.0,179413939.7,1624.0,156812760.4,476.0,154195310.1,1016.0,128707347.89,600.0,112447202.4
135,519965.OF,2563.0,10644225.0,748.0,10395375.4,1523.0,6607272.0,1624.0,6322592.0,1235.0,6106564.8,810.0,5524624.0,956.0,5200999.2,1213.0,5135988.0,876.0,4994416.0,584.0,4790632.0
136,519975.OF,449.0,28352343.41,637.0,14830899.2,354.0,14030138.0,193.0,13796780.0,658.0,13056952.0,428.0,13008800.0,289.0,12816774.0,773.0,12482046.0,504.0,11393932.0,448.0,11317563.75
137,540008.OF,1193.0,1012187904.0,2602.0,925841190.0,330.0,904052020.85,1324.0,897205042.5,1085.0,846682632.6,585.0,673324695.12,1171.0,555169815.62,1523.0,522912320.0,447.0,511476616.6,242.0,488867260.22
138,540010.OF,747.0,41518762.0,1401.0,40027600.21,2602.0,39547506.0,365.0,36301177.6,1729.0,34162390.4,522.0,30446600.0,1143.0,20063488.0,742.0,17767150.1,563.0,16971243.52,146.0,16758759.8
139,580008.OF,2095.0,25659812.67,100.0,17749050.0,148.0,16671300.0,34.0,14522647.5,111.0,12663221.63,1523.0,11160372.72,14.0,9971696.7,26.0,9865679.21,63.0,9565643.51,333.0,9128574.65
140,160314.SZ,351.0,122052238.0,1523.0,104484145.08,158.0,101151864.36,391.0,99824411.15,623.0,92977674.0,788.0,89828270.4,66.0,80468493.15,404.0,72038330.0,1401.0,64258443.0,2602.0,59497212.0
141,160421.SZ,2602.0,19063800.0,2563.0,16564500.0,1385.0,14278609.0,1523.0,12721464.0,453.0,12592580.0,1295.0,9278863.2,880.0,9185874.0,880.0,9157338.4,386.0,8532004.0,66.0,7686000.0
142,160518.SZ,2095.0,15520525.68,1143.0,12246209.92,1325.0,11751285.0,2563.0,11656500.0,2602.0,11053800.0,210.0,9764670.0,199.0,8755033.54,940.0,8739360.0,442.0,8561090.0,376.0,8490045.0
143,160613.SZ,1267.0,25523935.0,810.0,17987984.0,876.0,15184344.0,335.0,14911835.03,561.0,12173686.0,448.0,12149260.51,17.0,11636081.0,174.0,11052270.0,77.0,9361381.0,1031.0,8831136.0
144,160916.SZ,1031.0,109840000.0,1295.0,107490240.0,935.0,65768100.0,704.0,65314884.0,916.0,64111032.0,115.0,63896320.0,26.0,49807736.26,447.0,47281699.84,99.0,42348000.0,429.0,41013000.0
145,160918.SZ,857.0,34259610.0,1171.0,31458693.14,637.0,27955980.0,117.0,26752140.0,429.0,24303132.0,561.0,22891390.0,348.0,22775050.0,404.0,22101709.0,436.0,19274720.0,1085.0,19182300.0
146,161005.SZ,2563.0,2863000000.0,2602.0,1869804204.0,1741.0,1571015400.0,1267.0,1363250000.0,1113.0,1289160000.0,968.0,1176604000.0,916.0,1045353126.5,1624.0,1039900000.0,1401.0,946147032.0,1730.0,914548666.2
147,161224.SZ,216.0,6781483.01,263.0,4393504.0,743.0,4041121.56,267.0,3800862.0,256.0,3721600.0,718.0,3545172.0,54.0,3246373.19,51.0,3199200.0,23.0,3102528.0,825.0,2964434.0
148,161610.SZ,1439.0,71290926.0,880.0,45487568.32,773.0,39696586.02,2563.0,33129000.0,1113.0,26631538.9,509.0,25731384.0,1401.0,23125876.0,215.0,22068883.2,1268.0,20248767.0,570.0,19809784.0
149,161706.SZ,1439.0,144544670.28,1235.0,133087124.8,453.0,130892887.2,542.0,94274361.0,245.0,93870378.0,440.0,86314410.0,677.0,78708063.0,407.0,75025108.8,390.0,71388202.0,372.0,63324096.0
150,161810.SZ,230.0,234300000.0,1761.0,226716433.64,76.0,220070200.0,417.0,215180000.0,45.0,174840000.0,11.0,166320000.0,129.0,156066000.0,304.0,146739918.0,350.0,139200000.0,195.0,138278000.0
151,161903.SZ,365.0,954703000.0,447.0,934023113.4,1523.0,878201894.32,860.0,853260426.63,215.0,717004947.3,747.0,697749461.34,337.0,645666240.82,428.0,606000000.0,404.0,583750000.0,164.0,566029507.8
152,162006.SZ,240.0,184788165.29,561.0,147594622.38,72.0,97696492.25,432.0,84490171.0,202.0,82970022.2,2563.0,82004500.0,1523.0,79790150.42,143.0,76682164.9,1159.0,70234945.75,2602.0,68922312.0
153,162605.SZ,1741.0,1954065503.85,1523.0,1945817936.16,1385.0,1933319000.0,2563.0,1894410290.0,1295.0,1565984026.8,718.0,1247152312.98,1624.0,1218130020.85,1235.0,1020938318.4,704.0,960153938.99,1016.0,882639117.36
154,162703.SZ,148.0,1257704440.38,1041.0,1111295296.2,2094.0,1108590406.41,627.0,931556778.0,747.0,842992138.32,1324.0,818954662.5,405.0,741721633.6,278.0,710052684.95,325.0,607201185.9,543.0,574008059.7
155,163302.SZ,129.0,36070500.0,125.0,34464294.84,507.0,32550320.0,638.0,29811600.0,509.0,29220089.76,250.0,28373521.08,509.0,28116300.0,77.0,26589303.0,192.0,25927473.0,858.0,25829126.4
156,163406.SZ,1031.0,2142394627.86,282.0,1322588128.78,590.0,1194045297.96,524.0,1179266959.44,453.0,1025953282.7,428.0,1002700528.0,298.0,1000025128.8,1213.0,965171146.88,328.0,907622944.56,509.0,848939423.92
157,163409.SZ,524.0,510186122.64,488.0,479613119.78,2602.0,419777400.0,54.0,407433863.01,1523.0,285994687.69,1210.0,285514431.8,1761.0,272474259.89,860.0,257219493.3,450.0,247982349.78,282.0,242797946.28
158,163412.SZ,234.0,491631910.5,1438.0,441398176.02,194.0,287548308.48,2602.0,209968800.0,1098.0,203482288.8,1729.0,196844310.4,164.0,187326106.92,656.0,183374030.8,935.0,180710944.0,60.0,180677788.8
159,163415.SZ,590.0,589713317.07,1267.0,557226682.65,282.0,546554390.88,549.0,514954185.9,453.0,480953716.7,428.0,399148667.0,1031.0,392035545.84,321.0,381209500.9,450.0,330223636.98,509.0,324288014.05
160,163503.SZ,525.0,29259276.0,732.0,29043388.4,2602.0,23335800.0,1171.0,21616813.4,598.0,19026980.0,678.0,16719819.0,562.0,16327700.0,634.0,15196256.0,903.0,14751662.0,307.0,12847121.0
161,165313.SZ,957.0,32801730.0,2563.0,30470500.0,936.0,26363000.0,858.0,21697830.0,773.0,20327515.0,421.0,18436720.0,598.0,17768420.0,740.0,16205952.0,429.0,15018080.0,299.0,14927220.0
162,166001.SZ,38.0,611489589.04,1113.0,439465584.07,509.0,421177887.84,2563.0,413955035.0,880.0,410280098.19,2602.0,402955332.0,356.0,367047232.35,1041.0,303122754.0,1401.0,257582589.18,1730.0,255815617.4
163,166006.SZ,346.0,502289884.58,860.0,469186626.92,1401.0,329422866.17,547.0,264566701.4,502.0,205140625.76,55.0,202553863.01,1171.0,168694716.4,418.0,167984613.0,942.0,166851291.3,2095.0,164135742.33
164,166009.SZ,935.0,255284409.0,488.0,171267318.96,428.0,130908827.0,205.0,124078680.18,447.0,122201572.68,113.0,114334547.0,317.0,112236478.2,364.0,110439521.42,744.0,107218569.0,1210.0,100617538.0
165,166024.SZ,148.0,36696148.92,739.0,36276643.2,9.0,20463726.0,30.0,20062575.33,18.0,19516164.42,35.0,18615406.65,38.0,18060961.05,99.0,17542851.04,33.0,16158785.11,24.0,14876400.0
166,168101.SZ,356.0,7618000.95,755.0,7474573.08,461.0,7435181.16,903.0,7423865.44,1267.0,6443613.0,1266.0,6364430.0,1401.0,6237566.42,2094.0,5585726.16,1159.0,4382875.0,346.0,3683427.0
167,168102.SZ,935.0,39596037.0,1438.0,39466845.9,364.0,32968087.75,348.0,31177450.2,524.0,27512959.44,739.0,25190592.0,649.0,24187510.58,867.0,20170173.38,635.0,19907826.16,1729.0,10471962.8
168,501038.SH,1235.0,27148732.8,2563.0,26464345.0,744.0,25007659.8,603.0,21720243.23,1523.0,21154857.78,2602.0,20284524.0,390.0,20048899.0,394.0,19888023.68,916.0,18084705.08,718.0,13771245.6
169,501046.SH,744.0,25411744.0,880.0,23358207.4,153.0,23138302.0,179.0,21397608.0,163.0,20290946.15,157.0,18992259.54,57.0,17028984.75,453.0,16819460.0,141.0,16599811.2,406.0,13870640.0
170,501049.SH,836.0,1356116590.8,936.0,1065397956.0,1439.0,1043358966.0,707.0,933804136.56,693.0,829406910.9,1401.0,697463140.69,728.0,675754359.17,1111.0,622992560.4,293.0,528309229.72,424.0,467148531.2
171,501051.SH,880.0,18061586.76,2563.0,15368175.0,2602.0,14791800.0,2095.0,14071056.66,660.0,14015997.16,1206.0,13157960.0,399.0,12153232.0,162.0,10498203.0,1170.0,9488725.68,1439.0,9232848.0
172,000011.OF,606.0,337013649.6,880.0,331538454.4,1031.0,314975179.42,1169.0,299308521.27,453.0,297650159.3,409.0,288696722.61,147.0,273947147.6,454.0,260127416.48,493.0,252246495.4,509.0,208234229.63
173,000017.OF,2563.0,16906015.0,1624.0,15145727.54,503.0,10274516.0,1111.0,10273531.46,454.0,9724272.0,1030.0,9540159.0,1016.0,8141290.19,1235.0,7730240.0,555.0,7564560.0,1730.0,7495032.0
174,000020.OF,1235.0,70624512.0,1523.0,67921030.38,1624.0,64397887.3,1401.0,51739856.22,880.0,51226829.8,1159.0,50328929.3,1143.0,39368775.68,1098.0,33351827.4,345.0,33245571.6,1385.0,31538722.0
175,000021.OF,2602.0,342152490.0,282.0,294960663.66,755.0,271625225.04,352.0,262750016.44,568.0,158833131.21,2095.0,145947551.34,1143.0,145311197.44,2563.0,137401505.0,1171.0,126408492.56,620.0,123176942.49
176,000031.OF,2602.0,263801874.0,1171.0,263708389.98,1159.0,212533122.25,87.0,208735036.64,1401.0,192077700.66,184.0,187174805.94,634.0,183633292.0,115.0,161883369.4,196.0,161229999.0,365.0,154679856.88
177,000039.OF,2602.0,21947400.0,788.0,17795740.0,268.0,15228332.0,440.0,15224212.5,1159.0,15152225.0,1143.0,14909056.0,540.0,13677476.0,440.0,12354300.0,773.0,10510481.0,888.0,9158098.5
178,000083.OF,2563.0,2045000000.0,1235.0,1981284222.4,1523.0,1528570435.14,1741.0,1474089000.0,1267.0,856902220.15,486.0,856181251.86,1385.0,815255000.0,555.0,733000000.0,1031.0,713961647.6,390.0,668916000.0
179,000117.OF,2563.0,50035015.0,1523.0,49383687.78,1741.0,43192827.0,1016.0,33326788.0,1030.0,25476424.6,1624.0,25185962.04,1111.0,20314830.0,503.0,19032973.96,742.0,18467389.0,1235.0,16823340.8
180,000127.OF,1235.0,87531651.2,1523.0,86116422.0,2563.0,84493265.0,1030.0,84351805.84,736.0,84337356.0,382.0,63149889.6,748.0,60971708.13,281.0,58609934.94,246.0,41717616.48,309.0,33126188.28
181,000167.OF,2563.0,33325320.0,1730.0,31969252.8,2095.0,28824138.0,1016.0,28290163.0,435.0,28182000.0,1235.0,23327136.0,123.0,20860936.0,487.0,20055508.0,1295.0,19512360.0,1030.0,19200320.0
182,000172.OF,2563.0,67898090.0,2602.0,31879800.0,2095.0,29401420.32,942.0,23639807.0,867.0,22762262.11,478.0,22277808.0,328.0,21477120.0,1206.0,21321592.2,636.0,21272096.48,321.0,20950860.0
183,000173.OF,1523.0,139492332.0,603.0,133817440.0,2602.0,125490000.0,582.0,98976360.0,192.0,72640800.0,658.0,63594966.12,1235.0,58464000.0,314.0,53904000.0,276.0,53682000.0,1523.0,50023500.0
184,000242.OF,307.0,84372515.24,562.0,79303126.0,707.0,74675357.35,1267.0,73573137.0,2094.0,70979473.14,200.0,70818370.0,50.0,67913542.95,345.0,67569080.76,382.0,66505227.9,1212.0,60244301.2
185,000251.OF,1112.0,680390000.0,515.0,674100000.0,1438.0,643842511.02,1729.0,635168935.4,570.0,563718673.6,1205.0,531720000.0,955.0,498180000.0,809.0,389480000.0,373.0,248640000.0,935.0,241800513.5
186,000263.OF,215.0,138618531.24,2602.0,114760338.0,2563.0,88008620.0,594.0,72698032.76,880.0,71479858.44,99.0,70586445.0,154.0,70363539.73,1401.0,70297932.44,226.0,64308069.0,311.0,61365351.52
187,000264.OF,732.0,17884458.8,1523.0,15640681.0,462.0,15612360.0,133.0,14711064.0,91.0,14198920.98,159.0,11967830.0,351.0,11653261.83,903.0,11481100.0,620.0,11432805.39,504.0,11371503.0
188,000294.OF,2563.0,172189000.0,1523.0,159289494.0,1030.0,144583209.68,407.0,135904793.6,1523.0,128359634.02,453.0,123441250.0,1235.0,91658560.0,749.0,85297536.0,646.0,84119657.0,2602.0,80619582.0
189,000308.OF,420.0,26848110.0,420.0,25558612.0,428.0,18379075.0,130.0,18032666.96,957.0,17943783.0,581.0,16688767.2,65.0,15848060.9,240.0,15272100.0,582.0,14891856.0,487.0,14534769.06
190,000339.OF,1016.0,59409790.0,752.0,53711385.0,507.0,52939404.1,628.0,51405631.83,600.0,50376141.0,1110.0,49466056.0,503.0,47168576.0,742.0,45653330.0,290.0,41208277.4,1624.0,40720508.19
191,000390.OF,976.0,132226626.0,347.0,94828692.0,175.0,64500482.9,391.0,63159376.0,233.0,61691739.76,328.0,59821200.0,209.0,54911340.64,59.0,54094400.91,830.0,53867094.0,172.0,50637167.49
192,000408.OF,509.0,31418777.04,1111.0,31204133.93,478.0,30763490.45,649.0,30394776.0,1439.0,30060882.0,1113.0,29919255.0,1624.0,29547718.6,487.0,29305753.2,409.0,27518745.6,262.0,27388799.1
193,000480.OF,227.0,108703750.0,1401.0,87516100.0,278.0,70251882.07,936.0,57400000.0,8.0,56870000.0,2563.0,53783500.0,184.0,49210814.5,277.0,47889258.0,376.0,46132289.25,773.0,45744000.0
194,000520.OF,2563.0,50904140.0,1268.0,45413280.0,448.0,45344169.41,1206.0,32557300.0,1741.0,30047184.0,509.0,21990561.6,433.0,20254926.04,44.0,19857757.62,274.0,15401489.25,45.0,14445303.88
195,000522.OF,404.0,11675000.0,314.0,9972240.0,175.0,9094000.0,205.0,8698200.0,365.0,8423850.0,420.0,7437500.0,375.0,7412440.0,94.0,7323660.0,968.0,6921200.0,431.0,6877853.5
196,000527.OF,2563.0,277191570.0,1193.0,241514832.0,722.0,218836578.88,1213.0,194451738.12,405.0,184855837.4,2095.0,168001814.82,1041.0,156532866.0,240.0,152940657.53,1235.0,147334152.0,1016.0,133734526.42
197,000589.OF,2563.0,6953000.0,1741.0,6300216.0,478.0,5284206.0,660.0,5082310.96,1624.0,5037275.6,1206.0,4135600.0,860.0,3997807.52,337.0,3477399.25,1295.0,3288600.0,1401.0,3176158.63
198,000595.OF,751.0,434134099.84,346.0,377030620.78,244.0,358066185.2,594.0,314202909.8,747.0,302086944.72,1295.0,274559263.2,646.0,246570257.15,503.0,175323015.28,457.0,168367510.23,677.0,148842223.32
199,000609.OF,2095.0,24049432.2,2602.0,22201584.0,258.0,16490313.0,1171.0,14783808.2,1193.0,13590720.0,1041.0,12597174.0,743.0,11821545.4,1159.0,10543945.0,740.0,10164344.0,751.0,9759904.0
200,000612.OF,372.0,40151232.0,740.0,38123516.12,435.0,38106750.0,194.0,36434545.0,134.0,35589742.2,453.0,35549193.0,407.0,33859886.4,2602.0,33492480.0,509.0,29751816.36,1041.0,25891824.0
201,000619.OF,836.0,435460768.0,936.0,426829618.5,1439.0,357634559.34,707.0,222927003.37,352.0,202115397.26,1401.0,201246414.42,789.0,199598884.0,311.0,187660360.64,649.0,179877391.0,424.0,169286432.0
202,000652.OF,637.0,137990697.0,215.0,121166354.58,594.0,104580165.48,1401.0,103082004.14,429.0,93103402.05,788.0,92791212.87,488.0,87949008.56,504.0,81543688.0,231.0,79126182.75,313.0,74249557.6
203,000727.OF,168.0,200593933.0,201.0,173841268.4,96.0,164393848.4,744.0,162090778.0,24.0,161224003.98,23.0,159441288.48,182.0,135582982.92,290.0,92367467.41,644.0,85009100.0,301.0,64809600.0
204,000742.OF,1193.0,65649792.0,487.0,64402383.15,2602.0,56669148.0,722.0,45198759.5,429.0,40789595.0,1041.0,36139277.1,453.0,21586236.36,338.0,19386000.0,858.0,16042950.0,751.0,14472883.7
205,000747.OF,487.0,12642353.36,82.0,10487840.0,707.0,10344683.0,515.0,9687566.0,258.0,9417240.0,173.0,8723584.0,976.0,8559342.0,1210.0,8300660.0,187.0,5315310.0,89.0,4993546.56
206,000877.OF,2563.0,29697490.0,89.0,26683200.0,2602.0,16714200.0,1206.0,9584042.0,942.0,8963656.5,328.0,8893152.0,294.0,8856499.08,261.0,8717274.72,636.0,8590280.0,867.0,8511587.0
207,000880.OF,1741.0,31763589.0,2563.0,30675000.0,77.0,29382632.43,1439.0,27288234.0,276.0,26258805.0,836.0,26017200.0,867.0,26015668.0,570.0,21966842.0,500.0,20622248.0,773.0,20409448.0
208,000934.OF,,,,,,,,,,,,,,,,,,,,
209,000939.OF,2563.0,26585000.0,1267.0,25317500.0,1730.0,24384000.0,1439.0,22698000.0,1741.0,22212300.0,1210.0,21720000.0,916.0,20592014.66,352.0,20211539.73,447.0,18680400.0,1523.0,13339600.0
210,000940.OF,1523.0,43587143.0,63.0,24635502.0,348.0,17354560.0,520.0,17137575.0,345.0,16909498.8,391.0,15221504.2,354.0,15170584.0,420.0,14527272.0,223.0,13817298.0,101.0,13450179.0
211,000965.OF,590.0,5898123.0,61.0,4867770.0,88.0,3530682.0,935.0,3298450.0,164.0,3247884.0,164.0,3206289.24,544.0,3116900.0,744.0,3093306.0,146.0,2974277.32,941.0,2955150.0
212,000967.OF,858.0,29720460.0,48.0,28479999.6,880.0,25833419.08,1016.0,25533047.32,660.0,21588640.49,606.0,21464392.4,148.0,19375721.6,1041.0,18480510.3,504.0,16723878.0,1730.0,15752622.8
213,000976.OF,240.0,10341073.0,561.0,8258540.0,72.0,5455459.67,432.0,4723580.0,202.0,4636569.6,2563.0,4580800.0,1523.0,4468766.0,143.0,4292311.0,1159.0,3932065.0,2602.0,3844800.0
214,000977.OF,2602.0,64080000.0,2095.0,43305502.2,1523.0,39446400.0,105.0,38334000.0,277.0,35478000.0,205.0,33208000.0,2563.0,32720000.0,178.0,31906000.0,1041.0,31560000.0,386.0,31419000.0
215,001000.OF,2095.0,315973185.78,2602.0,292106010.0,1159.0,206405111.65,1041.0,199499281.2,1325.0,170282287.5,1523.0,162384618.25,807.0,157704022.5,903.0,127596352.96,627.0,121227885.0,788.0,105569714.4
216,001017.OF,748.0,5489931.23,598.0,4999280.0,722.0,4033565.0,184.0,3921321.6,453.0,3532211.8,1170.0,2376255.0,484.0,2243208.0,831.0,2194248.0,867.0,1848924.0,385.0,1779027.0
217,001018.OF,1193.0,565040112.0,2563.0,496372625.0,1741.0,420632305.8,435.0,388704956.22,76.0,322039492.32,482.0,190883089.95,181.0,164345595.2,2095.0,138432886.68,103.0,138312155.38,953.0,134857923.75
218,001053.OF,2563.0,168450740.0,240.0,152940657.53,1193.0,145404480.0,722.0,131874744.0,1213.0,115793184.0,405.0,110666273.0,2095.0,100577718.48,1041.0,93703218.0,1235.0,87612851.2,1016.0,80272251.84
219,001071.OF,453.0,290696501.4,407.0,270881695.2,325.0,254757596.5,137.0,248913912.36,403.0,239259544.35,288.0,236939976.0,524.0,219443147.52,1143.0,218412959.36,52.0,214801128.5,155.0,202698668.85
220,001074.OF,2563.0,15490875.0,2602.0,11587800.0,1206.0,9310543.8,942.0,6646600.0,2095.0,5509767.96,1523.0,5369189.0,1268.0,5272047.0,867.0,4749680.32,695.0,4697984.0,1213.0,4621192.0
221,001102.OF,2563.0,566698130.0,2602.0,563953662.0,1523.0,539599826.11,1730.0,533435077.4,1385.0,493365771.98,1295.0,477884318.4,1235.0,476397476.8,1325.0,360351420.0,509.0,303496470.56,617.0,169540427.76
222,001106.OF,1171.0,20137380.76,2095.0,17930399.52,2602.0,15219000.0,1098.0,13716756.0,1041.0,12262638.0,1159.0,11847537.25,1193.0,11764896.0,722.0,10867794.0,452.0,10025710.3,205.0,9366316.4
223,001117.OF,38.0,407659726.03,509.0,281086843.76,356.0,279049597.35,880.0,274833999.17,2563.0,274483990.0,2602.0,263956200.0,1113.0,255610132.74,1041.0,194110569.0,233.0,190389537.24,1401.0,180307325.85
224,001125.OF,903.0,37132980.4,1171.0,35046164.3,1401.0,31621594.33,2602.0,28141800.0,1324.0,27462727.5,2094.0,23760791.04,631.0,23027490.0,1193.0,18857280.0,314.0,13870779.42,1098.0,13716756.0
225,001143.OF,2095.0,36667821.6,2602.0,35564400.0,258.0,25956259.0,1171.0,23610490.4,1193.0,21852480.0,1041.0,19950654.0,743.0,19025238.4,740.0,16530585.58,1159.0,16204115.0,751.0,15918560.0
226,001150.OF,309.0,47775831.38,509.0,42636410.64,248.0,41292584.52,1401.0,35479500.0,107.0,32281700.12,201.0,31110000.0,448.0,28500000.0,707.0,27597152.99,159.0,27482726.7,1143.0,27157760.0
227,001179.OF,936.0,33603600.0,401.0,25921207.02,145.0,23088248.0,464.0,22803813.18,749.0,18659200.0,440.0,18070290.0,597.0,18056304.0,744.0,15633101.19,169.0,15318088.8,352.0,14110320.0
228,001184.OF,2563.0,239984840.0,2095.0,211501476.84,1741.0,147570444.0,690.0,142771159.44,1523.0,125239854.6,1170.0,114214066.14,1206.0,112929225.6,464.0,102236218.14,429.0,99561861.45,1210.0,84102084.4
229,001222.OF,1523.0,135572346.0,2563.0,123722500.0,547.0,108625766.65,335.0,99397010.68,788.0,90633952.8,773.0,88570858.0,1624.0,81117919.45,704.0,75553850.21,2602.0,71536242.0,623.0,68975255.6
230,001255.OF,742.0,6234928.0,98.0,4456022.2,248.0,4152256.12,199.0,4109767.4,53.0,3979903.0,419.0,3773400.0,505.0,3702972.0,240.0,3572433.2,143.0,3346741.02,563.0,3053783.04
231,001256.OF,1169.0,101811566.88,646.0,87330322.2,561.0,84004586.0,935.0,74601591.0,94.0,60175775.34,354.0,58907524.5,968.0,57240054.3,1729.0,52359560.0,210.0,48078694.3,742.0,45823237.6
232,001280.OF,2563.0,45041125.0,2602.0,40309524.0,1031.0,38693666.32,1741.0,35810266.2,606.0,30038919.8,440.0,27139511.7,523.0,23882742.65,752.0,23249601.9,1401.0,22634738.35,860.0,21785718.74
233,001297.OF,2602.0,46725000.0,2563.0,37503255.0,1235.0,31538080.0,1171.0,27761354.6,502.0,25478775.8,2095.0,23278989.51,1439.0,22495464.0,1016.0,22416339.0,1295.0,21767400.0,1401.0,21733728.0
234,001349.OF,2563.0,99759190.0,1016.0,78883665.52,232.0,62146788.0,80.0,55233970.0,836.0,54080385.6,356.0,53021938.32,2095.0,52557744.0,194.0,47899713.26,1098.0,47031588.0,360.0,44792982.0
235,001366.OF,2563.0,23108500.0,1041.0,18814494.0,1523.0,18120690.0,660.0,12197546.3,1730.0,12113260.0,555.0,12006540.0,2602.0,10680000.0,581.0,10586024.5,751.0,10544930.0,509.0,10468055.5
236,001371.OF,2563.0,341521135.0,229.0,201361000.0,1523.0,196541688.0,693.0,142447600.0,2602.0,122820000.0,728.0,116256000.0,49.0,102785400.0,179.0,99785400.0,1385.0,92007350.0,102.0,87582600.0
237,001373.OF,957.0,292073788.5,656.0,248783541.32,1098.0,234695971.8,639.0,198872219.88,2095.0,193588667.64,436.0,168301366.9,225.0,159392356.8,582.0,151709164.32,391.0,143377388.0,347.0,143137644.6
238,001382.OF,953.0,26843746.05,2563.0,26548190.0,1741.0,26181839.94,1206.0,25328440.0,718.0,25016680.98,1523.0,24928645.56,1267.0,24526815.0,1113.0,24090640.35,464.0,17269736.94,347.0,10766148.0
239,001398.OF,2602.0,19758000.0,880.0,19421878.0,179.0,18000468.0,141.0,17435712.0,1325.0,17052360.0,429.0,16032500.0,1159.0,13925020.0,325.0,13176360.0,502.0,12488811.72,163.0,9972869.0
240,001437.OF,505.0,44056576.2,1085.0,43109914.4,1193.0,42694080.0,1324.0,31658250.0,1523.0,31147966.0,442.0,22932040.0,424.0,22629084.72,307.0,22539790.0,722.0,22374870.0,585.0,22233316.0
241,001457.OF,2095.0,11494474.56,1030.0,9780163.0,1171.0,8707157.2,957.0,8374158.0,135.0,8289540.0,1235.0,7152096.0,623.0,6700133.44,633.0,6518327.0,382.0,6415920.0,453.0,6269536.0
242,001468.OF,1741.0,36246435.0,1523.0,35806236.9,57.0,30339955.0,64.0,25630716.0,117.0,24521600.0,432.0,24028347.0,221.0,20989227.76,41.0,19914435.0,121.0,19027425.0,127.0,18855848.0
243,001475.OF,773.0,1750353639.39,880.0,1673926063.64,1098.0,1636636654.8,547.0,1319402284.0,520.0,1193107030.05,337.0,1119259863.15,363.0,990632514.6,436.0,809165025.0,191.0,785562105.8,226.0,776773561.0
244,001480.OF,744.0,130864520.4,179.0,126593523.0,153.0,121406951.16,542.0,118636007.13,880.0,116718191.14,157.0,115602409.53,141.0,112188787.2,453.0,110217783.0,163.0,108038747.55,353.0,95097924.52
245,001513.OF,858.0,179415390.0,181.0,155420943.6,288.0,125438890.5,490.0,100604130.0,509.0,93930541.44,1325.0,90238200.0,2095.0,89185387.71,773.0,88812068.78,751.0,84263984.0,276.0,80347296.48
246,001564.OF,1401.0,70107492.0,278.0,53585075.75,227.0,50000000.0,936.0,41000000.0,277.0,38092270.0,376.0,36825450.0,184.0,35979629.5,773.0,34308000.0,8.0,32428000.0,2563.0,31697500.0
247,001569.OF,2602.0,13798560.0,1041.0,13463732.7,2095.0,10571982.21,1193.0,10196160.0,184.0,9478612.08,354.0,8790319.07,1086.0,8237980.0,298.0,8092657.75,453.0,7455709.82,440.0,7250220.6
248,001607.OF,112.0,6062140.0,192.0,5950800.0,274.0,5230504.0,75.0,4543489.8,707.0,3857491.0,409.0,3554337.0,200.0,3532420.0,94.0,3385692.0,215.0,3229525.24,20.0,2687912.0
249,001667.OF,2563.0,96258150.0,1031.0,63160498.86,810.0,62916089.88,942.0,55721313.4,562.0,52900805.0,1624.0,47837479.8,1193.0,43680000.0,1741.0,40386000.0,751.0,37400000.0,421.0,36350000.0
250,001668.OF,,,,,,,,,,,,,,,,,,,,
251,001808.OF,453.0,8855719.6,440.0,7739438.0,1171.0,7470790.6,1523.0,7175704.33,1212.0,6830026.0,903.0,6628008.0,1193.0,6589440.0,857.0,6393179.1,656.0,6375408.0,1324.0,5752500.0
252,001810.OF,148.0,221230496.88,739.0,195903630.72,30.0,114903300.33,35.0,114374161.5,99.0,100194950.18,18.0,95821575.18,38.0,85859069.85,298.0,84974489.6,58.0,80191111.52,33.0,72548308.95
253,001832.OF,1741.0,343169736.57,831.0,335688216.36,582.0,329007211.68,2563.0,293694720.0,347.0,276589680.0,833.0,249732384.3,391.0,247421192.62,1235.0,213760624.0,718.0,188739215.1,1170.0,170899871.64
254,001837.OF,2563.0,151270695.0,2602.0,148837548.0,101.0,146853226.8,693.0,139416494.56,97.0,139264270.74,115.0,136950126.6,1295.0,123319368.0,1730.0,110721140.0,1385.0,90784467.5,56.0,90282408.3
255,001838.OF,520.0,319011455.1,426.0,315688498.58,198.0,309724478.07,154.0,265928654.88,342.0,261413934.7,191.0,231833034.8,29.0,217123656.77,348.0,204223465.9,337.0,132926483.3,268.0,131409960.0
256,001857.OF,1031.0,58113598.0,1740.0,55780941.27,1267.0,54320382.27,1205.0,52628970.4,678.0,47182585.0,123.0,42400063.0,1729.0,40565247.8,742.0,37866738.0,252.0,31645248.0,509.0,24597453.04
257,001869.OF,1212.0,252441771.58,751.0,235577203.68,1110.0,173693905.69,409.0,151462137.6,835.0,125988510.0,452.0,124809595.2,976.0,110221821.0,916.0,109037753.84,755.0,108494149.14,598.0,105203380.0
258,001898.OF,1016.0,42670287.0,1624.0,26059894.0,428.0,23769560.0,381.0,23764500.0,252.0,23733936.0,279.0,19544186.6,222.0,18010462.4,353.0,17081380.0,123.0,15924211.0,1747.0,14588890.43
259,001910.OF,2563.0,168385300.0,1741.0,131319925.32,693.0,120413684.0,1268.0,119777888.34,594.0,106073291.36,677.0,91432763.73,953.0,71384544.0,743.0,52879025.22,352.0,48332363.3,2602.0,47419200.0
260,001924.OF,2602.0,18006480.0,1143.0,13634304.0,282.0,13346940.0,736.0,11040800.0,755.0,10417497.48,568.0,10031769.3,288.0,9743370.0,210.0,9676092.0,547.0,9227376.0,620.0,9076897.35
261,001927.OF,2563.0,105571080.0,258.0,92331288.0,1741.0,77935287.36,509.0,72851890.02,1267.0,64111583.15,953.0,60164775.0,1031.0,58293872.9,457.0,53504834.4,1523.0,38978467.08,1385.0,33883861.24
262,001955.OF,447.0,381150315.28,215.0,360524135.86,488.0,357395962.18,402.0,341858084.75,346.0,337172330.24,562.0,321141571.0,707.0,299438704.84,428.0,239359496.0,192.0,216674191.6,57.0,144863412.07
263,001985.OF,252.0,240018167.04,72.0,235661652.72,60.0,196424833.45,198.0,171881086.58,424.0,158590467.6,2602.0,143769354.0,2563.0,135920925.0,860.0,130713174.76,478.0,128352513.85,646.0,100016095.4
264,001986.OF,1729.0,82966255.2,2602.0,82295274.0,509.0,80284852.48,594.0,79523611.08,1523.0,79068478.06,1324.0,76901857.5,742.0,75488868.28,940.0,71413440.0,1295.0,71284320.0,736.0,69545200.0
265,001990.OF,352.0,90951928.77,79.0,36911200.0,1439.0,9566124.48,773.0,9409124.0,110.0,8199795.0,740.0,7781760.0,424.0,7671756.0,321.0,7392162.25,521.0,7002970.0,395.0,6929262.42
266,002124.OF,522.0,92171164.4,338.0,85521870.0,627.0,84237630.0,298.0,62336784.95,2563.0,58078000.0,603.0,55049557.36,289.0,51852489.6,644.0,51541485.27,184.0,49713940.96,418.0,42226001.0
267,002249.OF,383.0,17174713.43,262.0,13839781.8,916.0,13349773.9,409.0,11529216.0,181.0,10577206.92,955.0,9972155.7,659.0,9804794.3,544.0,7829747.07,431.0,7488938.0,835.0,7481040.0
268,002259.OF,744.0,14734809.0,1384.0,12019188.0,325.0,9958770.0,179.0,9940410.72,825.0,7678117.48,200.0,7626480.0,1624.0,6007710.28,631.0,5335200.0,454.0,5321150.8,2602.0,4645800.0
269,002340.OF,2563.0,573827000.0,1113.0,537152578.32,1385.0,279516000.0,1523.0,266792000.0,413.0,261399019.75,181.0,256168856.55,354.0,255000344.25,155.0,249711000.0,142.0,240305686.6,1213.0,239434552.74
270,002545.OF,2563.0,16973500.0,660.0,16466687.51,1206.0,10592200.0,2602.0,8277000.0,1213.0,7350808.0,1086.0,7211950.0,1523.0,7051044.0,1741.0,6926199.0,550.0,6455823.0,478.0,6402771.0
271,002562.OF,94.0,20058591.78,1170.0,9274183.8,728.0,9233931.13,693.0,9152995.95,1730.0,8587740.0,2563.0,8212720.0,2095.0,7375941.0,2602.0,7375608.0,293.0,6838954.43,620.0,6617181.0
272,002593.OF,206.0,428582551.04,1267.0,381670933.15,1113.0,324904595.53,2563.0,309780690.0,1210.0,283476951.0,1170.0,252438006.78,393.0,248270789.65,1624.0,220858017.61,244.0,213691815.68,44.0,195782142.47
273,002624.OF,487.0,147078748.0,258.0,123575760.0,82.0,120960630.0,707.0,119771972.71,515.0,100407659.38,976.0,98611569.0,173.0,92595872.0,1210.0,92446944.6,89.0,85809787.59,187.0,70676424.0
274,002653.OF,352.0,40423079.45,693.0,31846737.16,97.0,28542000.0,1171.0,25339300.0,328.0,21490000.0,182.0,18630000.0,858.0,18018000.0,2563.0,16564500.0,86.0,16173060.0,87.0,15487200.0
275,002685.OF,693.0,530388838.0,728.0,526466936.66,39.0,461041480.9,22.0,458162056.17,48.0,402345515.25,264.0,328136403.0,59.0,323261820.0,44.0,311890931.55,31.0,275285661.0,104.0,251568505.69
276,002692.OF,588.0,337198639.18,860.0,330601417.61,309.0,208767831.12,1143.0,201298582.4,857.0,200777415.3,57.0,181321730.1,707.0,178180651.33,125.0,172144041.3,1401.0,161446693.97,420.0,137271994.6
277,002707.OF,26.0,15023502.36,244.0,14075131.5,186.0,13897441.36,207.0,13519668.87,186.0,13002000.0,188.0,12201976.44,27.0,11013904.98,509.0,9903740.64,256.0,9871004.61,194.0,7932878.6
278,002803.OF,2095.0,435462030.75,2602.0,398219820.0,2563.0,296457515.0,606.0,241812335.4,182.0,227925084.87,245.0,211793568.0,728.0,193148595.37,393.0,190960552.56,440.0,185884833.0,880.0,172933758.56
279,002808.OF,646.0,92111054.22,1169.0,90112633.08,561.0,72852109.26,968.0,55127358.0,354.0,52066754.25,1729.0,51840688.8,935.0,49517729.5,742.0,45690005.2,210.0,44595026.0,1438.0,44169836.58
280,002939.OF,2094.0,1089363786.87,1041.0,1075827142.5,148.0,1060063459.02,405.0,996339427.6,1324.0,913834642.5,807.0,905010618.0,747.0,781496135.26,325.0,610814742.3,529.0,606182597.37,383.0,514861000.15
281,002983.OF,773.0,185890161.77,623.0,172906422.36,205.0,160946723.0,259.0,160085150.1,298.0,154909260.0,243.0,152793776.0,520.0,149281275.0,1098.0,146691504.0,880.0,144995138.28,348.0,143705310.8
282,003095.OF,1016.0,7187133818.15,1624.0,6367091816.76,600.0,4619291025.06,1295.0,4303425942.0,752.0,4202154669.3,742.0,3464420157.0,486.0,2930574049.92,428.0,2800764505.04,503.0,2740681439.72,507.0,2106119237.2
283,003131.OF,2563.0,20450000.0,99.0,15809920.0,268.0,13692665.35,646.0,12086640.0,177.0,11300000.0,1401.0,10815773.52,92.0,10563000.0,214.0,10406901.69,1268.0,10148781.06,1206.0,10043600.0
284,003243.OF,,,,,,,,,,,,,,,,,,,,
285,003244.OF,,,,,,,,,,,,,,,,,,,,
286,003245.OF,,,,,,,,,,,,,,,,,,,,
287,003293.OF,197.0,175431075.04,2563.0,171606175.0,231.0,142716187.05,202.0,139971194.0,953.0,116263620.0,310.0,98588150.64,382.0,95879796.4,114.0,80668650.0,199.0,78935497.39,323.0,74048450.76
288,003378.OF,2563.0,110430000.0,286.0,87915000.0,429.0,67045000.0,723.0,66550000.0,338.0,61750000.0,452.0,54192000.0,876.0,50540000.0,80.0,49610000.0,125.0,43930000.0,957.0,41223000.0
289,003580.OF,154.0,10051934.25,693.0,6970840.0,97.0,6134400.0,1171.0,5259100.0,328.0,4666400.0,293.0,4351900.0,182.0,4140000.0,130.0,4035150.0,858.0,3696000.0,87.0,3564000.0
290,003715.OF,1741.0,37962840.0,2563.0,35992000.0,1523.0,34318368.0,1206.0,33760000.0,1113.0,30531606.0,1385.0,24434357.0,1730.0,24118316.0,275.0,19330482.75,704.0,19257209.0,131.0,15236195.0
291,003940.OF,1235.0,479445724.8,2563.0,459994120.0,1523.0,350618093.7,1741.0,324144901.62,1523.0,262635047.15,916.0,251315863.08,1624.0,215186714.98,646.0,130525471.93,563.0,128988823.04,1098.0,124383657.24
292,004183.OF,345.0,14103327.6,2563.0,13906000.0,453.0,11319861.4,749.0,10843116.72,254.0,9996970.0,1741.0,9813798.0,1523.0,9491790.0,620.0,8858595.7,2602.0,8811000.0,736.0,8421200.0
293,004263.OF,159.0,140750762.0,728.0,131301186.16,1523.0,121957293.0,693.0,109229792.69,2095.0,103355856.33,396.0,92200966.9,328.0,89525052.04,2563.0,73415500.0,524.0,44260146.48,2602.0,44001600.0
294,004374.OF,658.0,50434954.0,722.0,48813747.0,1030.0,41448690.8,1111.0,41018195.0,509.0,40021553.6,276.0,38874812.7,297.0,38074272.0,121.0,37975824.0,646.0,37569306.0,1761.0,37051585.0
295,004394.OF,2602.0,10252800.0,1729.0,8170265.6,1324.0,5424997.5,755.0,4249486.8,1295.0,4129542.0,677.0,3649198.0,1110.0,2775250.0,656.0,2623725.6,1016.0,2600957.92,307.0,2468083.56
296,004434.OF,2095.0,14125826.52,2563.0,11247500.0,2602.0,9558600.0,773.0,9436318.0,623.0,7685227.6,73.0,6611652.0,504.0,6475864.0,297.0,5193104.0,171.0,5153590.0,490.0,5132470.0
297,004477.OF,2563.0,75665000.0,677.0,53110717.52,293.0,49613505.77,561.0,47792961.0,646.0,42900689.33,1295.0,40779892.8,487.0,38264131.24,1113.0,34774338.99,321.0,34283096.08,1235.0,33948420.8
298,004505.OF,880.0,45227551.54,744.0,43058258.56,2563.0,42419435.0,1523.0,39983117.58,749.0,27410770.56,412.0,25268320.0,1401.0,19290711.0,435.0,17930000.0,2095.0,17163888.0,230.0,16788376.0
299,004666.OF,490.0,212245000.0,1098.0,151776000.0,1143.0,150753002.88,268.0,136780000.0,99.0,123840000.0,164.0,122088000.0,338.0,121500000.0,127.0,113390000.0,107.0,85710000.0,547.0,82980000.0
300,004868.OF,2563.0,183499895.0,953.0,183262087.8,749.0,177839023.44,1741.0,122640973.92,1523.0,121935725.52,234.0,118956726.05,1624.0,105358508.4,476.0,102234130.05,1016.0,85951594.96,600.0,75085921.44
301,004871.OF,1205.0,28217874.0,1729.0,22282708.8,1438.0,20655180.0,809.0,14554687.84,1112.0,14157626.74,867.0,13717522.0,955.0,12893050.02,373.0,12355232.4,635.0,10222184.0,750.0,9489763.8
302,004877.OF,,,,,,,,,,,,,,,,,,,,
303,004881.OF,2563.0,15337500.0,58.0,13624478.81,2602.0,8170200.0,1206.0,7389220.0,810.0,6093864.0,867.0,5495413.0,2095.0,4401311.28,1741.0,4280916.0,1523.0,4201974.0,1385.0,3820052.0
304,004958.OF,162.0,82249684.0,463.0,61846425.0,94.0,60175775.34,399.0,58055340.0,348.0,57377390.0,405.0,53328783.0,124.0,50955136.99,880.0,49084397.6,436.0,47522710.0,270.0,46001760.0
305,005028.OF,744.0,113205317.0,1193.0,110436268.8,773.0,93314579.36,179.0,78538572.0,90.0,78296248.8,148.0,76478720.0,442.0,74206360.0,412.0,56453865.9,184.0,52261685.0,94.0,52080347.54
306,005075.OF,109.0,20323424.66,2602.0,8757600.0,440.0,7854600.0,550.0,7578813.0,1171.0,7421068.2,290.0,6473306.21,176.0,6177242.0,420.0,5690080.0,1730.0,5208828.8,858.0,5174400.0
307,005094.OF,568.0,143965105.23,342.0,134287258.6,880.0,130995529.52,1438.0,121250044.62,129.0,119828782.38,739.0,108982272.0,230.0,100464489.51,195.0,97305345.62,649.0,88831794.9,935.0,87198861.5
308,005241.OF,2563.0,101640590.0,1523.0,98073612.0,1210.0,66351957.4,264.0,54908158.1,693.0,52694585.67,728.0,46816529.06,1235.0,41671840.0,603.0,41389571.0,744.0,35672331.76,244.0,31074392.0
309,005244.OF,140.0,43914000.0,92.0,39234000.0,659.0,32195423.46,352.0,31294220.0,585.0,29960000.0,246.0,28968000.0,169.0,28120000.0,875.0,26277608.0,164.0,24402339.0,112.0,21500000.0
310,005250.OF,1206.0,19900971.4,1113.0,17018523.45,1730.0,14077340.4,2563.0,13497000.0,603.0,11566233.0,1235.0,10676825.6,1624.0,9337054.12,2602.0,8495940.0,563.0,7079959.04,936.0,7035272.0
311,005258.OF,2563.0,6691240.0,956.0,4789177.62,2602.0,4005000.0,584.0,3908289.0,876.0,3676652.0,1267.0,3669090.0,1086.0,3494450.0,636.0,3022440.0,1213.0,2789476.0,1235.0,2715328.0
312,005299.OF,1193.0,217975680.0,442.0,200530238.2,106.0,126855720.0,190.0,90707738.5,1098.0,76981166.64,148.0,76680050.0,722.0,74145752.88,606.0,73700919.8,537.0,68510734.0,188.0,65260062.0
313,005335.OF,728.0,25094688.0,351.0,23206770.0,509.0,22850771.3,325.0,21881650.0,487.0,21095200.0,17.0,19464900.0,401.0,18015000.0,233.0,17990000.0,356.0,17505000.0,693.0,15517696.0
314,005521.OF,328.0,28245215.32,860.0,24900971.0,198.0,24220964.84,1624.0,20679451.4,1113.0,20640919.81,159.0,20074730.06,1268.0,19928700.0,234.0,19906125.0,1210.0,19895085.6,555.0,19857120.5
315,020005.OF,2563.0,114976035.0,1741.0,106073829.0,1523.0,95183423.58,433.0,76188217.08,1235.0,71412152.0,1206.0,68706368.6,1016.0,65435652.92,1268.0,63972515.97,773.0,60986777.56,1170.0,59959218.0
316,020010.OF,140.0,101340000.0,92.0,82196799.36,169.0,70930169.2,145.0,69271914.06,352.0,68205441.5,268.0,58712823.92,164.0,58500500.0,585.0,47936000.0,95.0,44943483.6,246.0,39831000.0
317,020023.OF,450.0,12026187.28,64.0,9208912.8,240.0,7340889.4,289.0,7247021.4,638.0,6668740.0,1737.0,6617817.6,749.0,6162456.0,718.0,5891976.0,284.0,5609475.0,360.0,5566782.0
318,040004.OF,2563.0,178853655.0,1030.0,107160585.98,30.0,101770000.0,1385.0,86251649.7,1113.0,86212718.24,157.0,75687390.0,749.0,70672770.48,880.0,68776827.33,646.0,68695473.64,134.0,67786616.85
319,040005.OF,2602.0,275565894.0,2563.0,243559500.0,1523.0,187370400.0,1439.0,133630075.08,1113.0,131353264.41,880.0,126383870.6,386.0,120923841.34,1295.0,118796760.0,1385.0,118529691.52,880.0,118180524.8
320,040007.OF,2602.0,105144600.0,1212.0,98481672.0,440.0,73189670.4,207.0,62273728.0,509.0,52254252.0,1143.0,51960000.0,860.0,50020945.4,807.0,48466725.0,83.0,47874960.0,940.0,45595200.0
321,040008.OF,1624.0,341731418.05,860.0,278405228.05,1268.0,270839849.94,158.0,242419187.8,1113.0,233982325.14,234.0,224337478.0,1210.0,220531051.6,555.0,217871445.4,196.0,205285903.2,1385.0,196602470.13
322,040011.OF,1523.0,99014848.45,2095.0,83657229.87,1624.0,70526018.0,1213.0,61775520.0,2563.0,55010500.0,1159.0,52444230.0,262.0,52236210.0,396.0,49200942.7,2602.0,48166800.0,203.0,48060387.2
323,040015.OF,363.0,133105860.0,259.0,130625904.6,442.0,129052053.2,186.0,125510400.0,1085.0,120551090.0,207.0,105807504.0,210.0,93885475.83,585.0,93322404.0,351.0,85493925.51,568.0,83988705.0
324,040016.OF,1385.0,43394859.0,1523.0,37104270.0,2563.0,33742500.0,600.0,33165126.0,1113.0,31188397.21,860.0,28982398.0,1016.0,27869325.0,752.0,27330660.0,509.0,24474900.0,207.0,20977824.0
325,040020.OF,1385.0,30816639.0,1523.0,26281164.0,600.0,26106657.84,2563.0,25562500.0,1113.0,23778520.39,860.0,22127876.0,752.0,20360655.0,1016.0,17306246.43,509.0,17059500.0,207.0,16475961.6
326,040025.OF,2602.0,67118460.0,1212.0,60314936.0,440.0,45788500.8,1523.0,42453277.0,207.0,36664636.8,860.0,36491086.0,1624.0,35834954.0,1143.0,31868800.0,509.0,30445744.0,83.0,29674260.0
327,050009.OF,133.0,248988635.52,2602.0,243680220.0,1171.0,236152714.0,112.0,171372672.0,1193.0,163540790.4,1324.0,151474245.0,2094.0,133490539.8,352.0,122632750.52,568.0,110652695.43,1098.0,79919550.0
328,050010.OF,1171.0,54752394.48,133.0,53402546.4,2094.0,50683841.88,1193.0,46488000.0,1324.0,30298612.5,352.0,29810198.11,2602.0,29583600.0,627.0,28467450.0,1085.0,27628460.0,357.0,26519337.0
329,050018.OF,1143.0,18816448.0,448.0,16978875.0,473.0,15444000.0,352.0,15144684.69,314.0,14858637.6,747.0,14798226.0,490.0,14471250.0,365.0,12672839.94,314.0,11429675.53,282.0,11324006.0
330,070001.OF,22.0,498115473.97,1235.0,233710489.6,627.0,181388457.0,747.0,180224372.7,1016.0,153986952.24,1295.0,148738680.0,509.0,130153504.0,370.0,110043488.84,116.0,89437888.0,628.0,88037771.29
331,070002.OF,28.0,501930547.95,751.0,254148944.0,346.0,208438403.03,244.0,207864837.36,646.0,199682518.4,594.0,153062632.96,747.0,130004508.64,1295.0,103741236.0,503.0,86547359.36,457.0,80209836.39
332,070006.OF,2563.0,146450630.0,1235.0,113575414.4,1741.0,107960057.13,1385.0,102908474.0,1439.0,89126316.0,15.0,79918584.62,2602.0,76629000.0,346.0,71860481.0,1206.0,67627188.0,547.0,61192236.25
333,070011.OF,2563.0,318999550.0,2602.0,200696424.0,598.0,185182158.6,639.0,163980707.31,15.0,149847346.15,831.0,144538441.02,399.0,130814153.4,704.0,126945814.11,502.0,124851679.0,2095.0,102474208.17
334,070017.OF,2563.0,7132960.0,660.0,6708650.47,1730.0,3775862.4,1213.0,3573642.0,2602.0,3472602.0,742.0,3092300.0,1206.0,3034180.0,1111.0,2919563.0,977.0,2569482.0,227.0,2201250.0
335,070019.OF,935.0,229897947.0,570.0,226145927.56,1205.0,179032402.8,282.0,178661702.02,1169.0,169387700.55,356.0,145309646.85,547.0,138485628.5,239.0,132280766.8,450.0,128616054.0,82.0,125672583.0
336,070021.OF,957.0,104025946.05,2094.0,102753254.61,289.0,102185406.6,176.0,97129198.88,391.0,83593169.12,452.0,78357045.34,440.0,62026335.0,2602.0,58195320.0,435.0,57464684.54,225.0,56923307.2
337,070032.OF,2563.0,214835430.0,1235.0,156526641.6,1741.0,147435958.62,1439.0,140607911.7,704.0,113835429.41,1385.0,106809119.78,509.0,106483563.0,211.0,101973367.0,1206.0,89447373.2,561.0,88977798.0
338,070099.OF,1235.0,150943979.2,747.0,132144517.78,627.0,126609543.0,353.0,113078621.8,509.0,107544872.0,628.0,96527969.93,1016.0,96005683.4,15.0,89908407.69,752.0,87561803.7,1295.0,87385618.8
339,090004.OF,463.0,102441141.87,723.0,96841771.38,1031.0,68661725.42,2563.0,64345925.0,773.0,42761110.0,1761.0,42390425.89,342.0,36923244.0,1439.0,35887284.0,1295.0,34060500.0,105.0,31389157.0
340,090009.OF,1401.0,7312156.0,1741.0,6764655.0,2563.0,6200440.0,1624.0,6041819.0,1171.0,5672178.4,860.0,5049166.05,240.0,4732150.0,968.0,4100811.0,313.0,4068073.71,638.0,3592940.0
341,090013.OF,38.0,38450614.92,5.0,36109782.01,384.0,35282370.0,26.0,29884641.76,867.0,29232609.0,773.0,28933080.0,224.0,26467240.0,33.0,22465070.55,463.0,19811280.0,8.0,18006660.0
342,090015.OF,2563.0,30511400.0,2602.0,21840600.0,1523.0,19506491.34,773.0,13406804.0,1235.0,12309920.0,1030.0,11313188.55,953.0,11190465.0,1385.0,10924417.0,749.0,10204944.0,1624.0,9598277.0
343,100020.OF,1235.0,727671526.4,2563.0,671915425.0,2602.0,671058042.0,916.0,633003125.89,606.0,562616352.6,1295.0,491541404.4,1325.0,449545882.5,1385.0,399858818.64,858.0,359043230.7,382.0,322037031.96
344,100022.OF,2095.0,321342364.44,858.0,310660488.6,2602.0,309915444.0,2563.0,197908965.0,1171.0,193969377.28,606.0,187226256.2,744.0,155188345.4,453.0,132807805.0,638.0,118379903.2,420.0,109793656.0
345,100026.OF,206.0,379778369.88,1267.0,366811430.25,1170.0,327911745.18,2563.0,311484175.0,1210.0,273360137.0,1113.0,264262222.65,244.0,233672782.64,393.0,232073232.3,1624.0,212259708.45,450.0,157696500.0
346,100039.OF,2602.0,34145562.0,63.0,21557691.0,1523.0,21176615.0,2563.0,13292500.0,520.0,12813042.45,348.0,12630950.0,345.0,11945858.4,391.0,10674083.72,256.0,10497284.94,177.0,9722520.0
347,100060.OF,1041.0,132446589.6,825.0,111549550.64,588.0,109488657.2,860.0,107652970.0,57.0,99831735.0,421.0,98828380.0,2095.0,75367858.2,354.0,67961325.0,858.0,67262233.5,527.0,65963064.0
348,100061.OF,,,,,,,,,,,,,,,,,,,,
349,110013.OF,2563.0,483642500.0,1193.0,428937475.2,1741.0,329468988.0,103.0,293336938.68,435.0,291861758.8,76.0,249917638.62,181.0,137003807.6,953.0,132563970.0,41.0,128738900.18,482.0,120131807.49
350,110015.OF,2095.0,201440746.62,2563.0,163790185.0,1235.0,143494691.2,1523.0,111235889.52,1741.0,109898988.99,940.0,105294873.6,1206.0,90053787.2,1098.0,81105300.0,1213.0,79583810.14,197.0,77319467.36
351,110023.OF,1016.0,365863126.2,1624.0,254855156.34,381.0,221950800.0,428.0,210058925.6,252.0,208530378.68,279.0,178597944.2,1747.0,130099447.49,123.0,123424256.0,1295.0,115946640.0,226.0,107622130.0
352,110029.OF,1193.0,388155705.6,1212.0,301030253.3,2602.0,274121958.0,1085.0,213443980.0,2094.0,210163213.29,307.0,157430869.12,540.0,129303642.0,164.0,124549741.8,337.0,109850594.75,1324.0,106645500.0
353,121003.OF,1193.0,75429494.4,831.0,50166227.88,722.0,46082795.18,2563.0,37628000.0,1741.0,36246435.0,1171.0,36069393.92,956.0,35174085.54,307.0,32663120.0,306.0,32124096.0,704.0,31571261.0
354,121008.OF,704.0,54099795.13,1193.0,49804435.2,722.0,36752626.6,744.0,35401012.0,2563.0,35174000.0,1523.0,31335234.0,28.0,30115832.88,555.0,30082320.0,1206.0,27252464.6,424.0,23117880.0
355,160603.OF,4.0,37302699.88,449.0,33253570.4,744.0,26506050.0,325.0,18413550.0,179.0,17843626.08,1384.0,17562922.0,200.0,14417890.0,748.0,14391729.83,825.0,12912094.14,1624.0,10535746.85
356,160624.OF,2095.0,47027720.52,2602.0,45496800.0,1041.0,38144117.1,690.0,25913160.0,788.0,24246432.0,1325.0,23830072.5,1523.0,21547596.0,448.0,21100421.34,773.0,17064235.0,421.0,17020233.2
357,161606.OF,1438.0,311365018.08,370.0,287056263.68,773.0,202148644.6,194.0,197388904.09,276.0,170302307.2,440.0,131709999.4,606.0,127080778.8,649.0,126041114.06,888.0,114860814.75,916.0,110665647.0
358,162209.OF,373.0,56559384.0,867.0,49161395.08,1761.0,46465860.0,1730.0,42578934.4,582.0,41477688.0,570.0,41091938.32,833.0,32677090.2,1439.0,32517504.0,1113.0,31364546.6,744.0,30233929.0
359,163411.OF,54.0,234274471.23,736.0,212836580.0,2095.0,207020809.23,1730.0,184920966.2,1523.0,178383801.0,656.0,176549958.24,2602.0,162803784.0,1098.0,143561882.88,436.0,137572222.1,588.0,125236670.52
360,163805.OF,503.0,46418484.0,2095.0,43396385.52,194.0,42429742.6,2563.0,39887725.0,1325.0,38897235.0,1741.0,38380431.24,2602.0,35991600.0,352.0,30317309.59,916.0,21730634.0,393.0,19250448.0
361,163807.OF,2602.0,140814198.0,627.0,138148263.9,453.0,133950036.09,1193.0,124675200.0,504.0,89772235.62,2563.0,85718220.0,232.0,72739504.75,858.0,71291220.0,744.0,68813687.03,1439.0,65487222.0
362,163822.OF,1030.0,57966966.1,504.0,44083771.31,825.0,40230403.84,858.0,40025370.0,165.0,39396447.6,375.0,37893570.0,744.0,35143977.83,450.0,35073626.25,957.0,34627320.0,289.0,32246424.0
363,166002.OF,124.0,774518082.19,509.0,564683614.96,880.0,555875150.96,2602.0,533391774.0,2563.0,501239725.0,356.0,433910847.45,1041.0,404322261.0,1113.0,386545028.92,503.0,348945240.56,1730.0,335642305.6
364,166005.OF,148.0,366701500.62,739.0,364937543.04,30.0,197400774.34,35.0,193937369.05,99.0,178369620.38,18.0,174600875.16,298.0,157156272.0,38.0,155325001.2,58.0,142232558.24,33.0,132480342.67
365,166301.OF,976.0,234622312.38,347.0,136103940.0,258.0,114762795.0,830.0,94685190.0,229.0,92200624.0,175.0,91780422.65,376.0,90171002.04,419.0,87598540.96,328.0,79812597.0,92.0,79732148.6
366,180010.OF,1741.0,70352412.0,2602.0,66657084.0,1268.0,62902707.12,2563.0,62372500.0,1730.0,59316518.4,1235.0,50398566.4,281.0,49705432.2,1206.0,49555502.2,707.0,48146339.24,1523.0,47826294.6
367,180012.OF,1235.0,1921745459.2,555.0,1921537803.2,2563.0,1907099515.0,1030.0,1818258903.81,390.0,1672336638.31,1523.0,1602470553.6,616.0,1592724640.86,486.0,1538121659.25,309.0,958071254.7,428.0,793201692.16
368,180013.OF,2563.0,57094355.0,2602.0,39163560.0,1235.0,32707035.2,773.0,30711778.26,1385.0,27944845.03,916.0,27100807.92,563.0,24163560.96,1624.0,21599658.91,749.0,20083163.52,1098.0,17679437.64
369,180018.OF,660.0,75915495.26,2563.0,37803870.0,594.0,30303753.8,2602.0,25164750.0,230.0,16282288.0,129.0,14220396.48,743.0,14050445.08,1235.0,13022531.2,1159.0,12422320.0,916.0,12043980.0
370,180028.OF,620.0,5270523.06,1235.0,4436768.0,86.0,3713317.44,600.0,3156543.0,390.0,3026844.9,39.0,2804398.2,603.0,2692260.02,1624.0,2547755.0,749.0,2518605.12,742.0,2514300.0
371,180031.OF,563.0,347893145.6,880.0,235147684.8,1098.0,231409452.24,1143.0,213718546.56,339.0,202285740.0,436.0,175592520.2,348.0,173462508.3,968.0,172892960.24,1741.0,167884602.0,916.0,158247088.5
372,200001.OF,1143.0,3574848.0,282.0,3222438.0,968.0,2820389.0,428.0,2780877.12,189.0,2745570.0,431.0,2730963.0,162.0,2726696.0,133.0,2632464.0,148.0,2525400.0,288.0,2438100.0
373,200006.OF,555.0,47374083.2,2563.0,47035000.0,134.0,37845916.8,339.0,35032908.0,1624.0,31275304.47,1267.0,31160000.0,169.0,30932000.0,125.0,29677230.0,880.0,27683029.63,707.0,26920000.0
374,200008.OF,1523.0,200214147.84,2563.0,192234090.0,1741.0,183495810.3,1235.0,147403009.6,1385.0,137655573.82,603.0,136877290.0,1624.0,113585469.27,1295.0,105482314.8,118.0,101873972.6,718.0,72775890.0
375,202003.OF,155.0,242899458.7,475.0,189795804.73,1143.0,161107591.68,620.0,152857397.27,346.0,142766929.24,880.0,138275591.4,2602.0,122081478.0,2563.0,118847220.0,357.0,118094535.0,2095.0,116238700.2
376,202005.OF,2563.0,266044275.0,2602.0,244038000.0,1385.0,232935823.25,1235.0,176756160.0,807.0,151355991.75,2095.0,149259395.49,1016.0,116597555.36,555.0,116427667.6,1624.0,114407302.24,718.0,111995978.04
377,202007.OF,2563.0,95055690.0,2602.0,75823728.0,263.0,46654273.6,748.0,36404038.36,1235.0,28049728.0,660.0,27037894.3,825.0,26259750.0,354.0,23365882.0,1523.0,21576803.0,880.0,21143941.04
378,202011.OF,2095.0,85976686.8,2563.0,81800000.0,606.0,75458660.0,1193.0,67574457.6,858.0,63266280.0,1523.0,52539348.56,1143.0,51970807.68,708.0,50911663.0,2602.0,46297800.0,1730.0,41292780.0
379,202023.OF,620.0,305714794.53,2563.0,274013640.0,1295.0,210392413.2,660.0,177880883.57,165.0,165394368.0,2602.0,160574334.0,748.0,156739609.59,916.0,134081305.86,405.0,116950050.8,450.0,112671884.93
380,202212.OF,2563.0,22576800.0,1385.0,22128350.0,2602.0,20297340.0,268.0,17969113.62,1235.0,13134587.2,2095.0,13104255.36,807.0,12772500.0,1624.0,12315327.72,1016.0,11138776.0,555.0,10667642.2
381,206009.OF,54.0,385208881.2,297.0,346296329.44,505.0,295780157.4,678.0,206888423.0,623.0,203445821.6,1041.0,200385097.65,773.0,197541159.13,98.0,188984475.42,201.0,186210238.98,773.0,176340623.14
382,210003.OF,1171.0,43521443.0,123.0,43085510.4,176.0,41040494.6,2602.0,36258600.0,722.0,33425316.0,903.0,32355601.6,440.0,31688700.0,111.0,30511919.0,243.0,29241616.0,2094.0,28008786.69
383,210009.OF,134.0,17989810.02,173.0,17114600.0,27.0,16486717.52,47.0,16261000.0,184.0,14823400.0,149.0,14806836.0,50.0,14655000.0,31.0,13279500.0,22.0,12901372.95,120.0,11558100.0
384,213003.OF,567.0,109773872.64,2602.0,103916400.0,142.0,102547764.4,382.0,80397360.0,1384.0,71090236.0,903.0,69894950.88,616.0,68473183.68,215.0,60262135.78,250.0,58469128.0,1523.0,57426978.0
385,217009.OF,383.0,69570853.87,544.0,65781038.68,916.0,53597821.27,409.0,49789900.8,262.0,46843758.0,181.0,34532857.32,659.0,34050466.96,955.0,33234605.82,835.0,24326520.0,450.0,21745006.95
386,217010.OF,544.0,75818164.83,409.0,65094451.2,383.0,61402856.2,916.0,58918326.64,262.0,55591231.8,58.0,48651121.74,181.0,40864476.11,955.0,38679561.6,751.0,30686416.88,835.0,26177216.0
387,217012.OF,659.0,15606760.49,487.0,14558292.0,1193.0,12754560.0,740.0,12402858.62,264.0,11619736.0,333.0,11495667.85,440.0,10653825.0,888.0,9792263.25,145.0,9660515.0,194.0,9309235.0
388,217013.OF,1235.0,17604160.0,555.0,17078900.0,1624.0,16952449.8,752.0,15100418.55,117.0,12557520.0,450.0,12386737.31,916.0,12002804.0,880.0,11891875.92,288.0,10949215.84,1143.0,10696832.0
389,217020.OF,2602.0,14257800.0,1523.0,12372479.0,736.0,12062000.0,740.0,10110610.93,29.0,9943261.03,333.0,9576831.25,751.0,9551136.0,656.0,9105390.4,409.0,8819712.0,888.0,8814296.25
390,229002.OF,748.0,7320245.38,598.0,6825940.0,184.0,5869008.0,722.0,5662212.0,453.0,5077204.6,484.0,3377118.0,1170.0,2890302.0,70.0,2454709.5,157.0,2421000.0,831.0,2314974.0
391,233006.OF,27.0,41948391.0,62.0,38393460.0,26.0,37048560.44,1523.0,33349000.0,37.0,26291580.0,955.0,20793600.0,195.0,18655346.9,750.0,17765000.0,1193.0,16224000.0,404.0,15266290.0
392,233007.OF,1111.0,50520651.0,2563.0,50511500.0,290.0,50503403.1,752.0,49691557.65,600.0,43178461.2,1624.0,36951702.61,1741.0,31844562.93,1268.0,27451663.47,193.0,25806532.26,1295.0,25657657.2
393,233009.OF,198.0,11695091.0,137.0,10773945.0,242.0,10698162.0,658.0,9786390.0,405.0,9455835.0,453.0,9422420.0,407.0,8042640.0,84.0,7786229.0,119.0,7575165.0,160.0,7304675.0
394,233011.OF,2602.0,9718800.0,2094.0,9365512.8,244.0,8090260.5,581.0,7997950.0,677.0,7873506.97,555.0,6828666.6,563.0,5497676.8,348.0,5351840.0,509.0,5272612.0,160.0,4203088.26
395,240004.OF,1439.0,51507000.0,413.0,46375274.61,244.0,41854582.0,1401.0,40548000.0,968.0,34709818.0,936.0,31775000.0,215.0,26897500.0,617.0,26136000.0,1741.0,26109549.0,488.0,23981156.7
396,240008.OF,457.0,94684152.0,936.0,85198738.0,544.0,84679715.55,1439.0,83105549.28,740.0,80645644.8,2095.0,61183663.8,1741.0,59831859.0,450.0,46160880.0,432.0,39537029.57,348.0,33956280.0
397,240022.OF,1171.0,251098120.0,830.0,226202611.8,1085.0,190345814.2,976.0,175404000.0,833.0,133202231.1,298.0,89100000.0,1193.0,87360000.0,347.0,78480000.0,250.0,77830659.56,1761.0,69801047.0
398,257010.OF,156.0,56001177.03,166.0,55511376.0,106.0,48617280.0,492.0,46074896.0,266.0,43727262.15,391.0,42981302.0,170.0,42248109.75,739.0,41279898.24,234.0,40400850.0,935.0,36100602.5
399,257020.OF,1143.0,85352960.0,590.0,63832500.0,860.0,55461900.0,968.0,51909000.0,426.0,48464000.0,432.0,47951226.0,420.0,47302500.0,788.0,44648000.0,1384.0,41927400.0,83.0,41745000.0
400,257070.OF,2602.0,80100000.0,736.0,78911824.0,357.0,69709614.0,490.0,62789403.1,634.0,60755511.68,747.0,60357649.98,1143.0,60089592.32,509.0,59746075.68,473.0,45297928.0,420.0,44821044.81
401,260101.OF,396.0,380486015.7,473.0,371408492.0,414.0,331796425.24,184.0,292807972.5,788.0,279927221.58,522.0,261082676.0,590.0,220501541.13,213.0,210470083.68,502.0,188964098.72,22.0,172815572.6
402,260103.OF,2563.0,106086420.0,1741.0,86870689.86,1523.0,71693832.0,1385.0,60352163.0,1113.0,56140948.45,18.0,51351767.12,5.0,51157232.88,22.0,50828109.59,1295.0,43033680.0,270.0,41733138.05
403,260104.OF,1741.0,348384578.82,1523.0,346513942.32,2563.0,340024195.0,1385.0,329012926.21,1295.0,247907822.4,2602.0,213591990.0,1624.0,191675511.89,454.0,168235850.08,704.0,159547746.86,1016.0,144620441.46
404,260108.OF,1385.0,4658600000.0,1741.0,4550943055.83,1523.0,4524570125.04,2563.0,4384504540.0,1295.0,3789720000.0,1624.0,3119701767.83,704.0,2580425979.33,718.0,2496587766.66,1235.0,1948800000.0,1268.0,1811687620.05
405,260109.OF,1523.0,560979581.4,1741.0,560459743.95,2563.0,547888220.0,1385.0,524092500.0,1295.0,397661583.6,1624.0,386700541.68,718.0,339887124.0,704.0,330055000.0,1235.0,301667744.0,454.0,246423988.08
406,260116.OF,1523.0,153405400.0,2563.0,149285000.0,2602.0,106800000.0,586.0,74900000.0,522.0,72680000.0,1624.0,62396079.8,396.0,61670000.0,55.0,60766158.9,1213.0,59862573.98,1171.0,57372000.0
407,262001.OF,,,,,,,,,,,,,,,,,,,,
408,270005.OF,600.0,471339000.0,644.0,428945000.0,2095.0,419772064.98,1624.0,415960000.0,888.0,391502088.0,2563.0,341515000.0,473.0,260000780.0,375.0,146412209.46,354.0,145871000.0,277.0,141925245.12
409,270006.OF,888.0,424001025.0,1041.0,329026153.5,365.0,328341701.35,2563.0,320923895.0,744.0,254504939.29,2602.0,211250400.0,740.0,188159012.71,163.0,186321769.5,1624.0,160051009.0,43.0,158059262.35
410,270008.OF,487.0,86641000.0,707.0,75050941.0,1210.0,74676980.0,516.0,72802275.7,977.0,61414725.0,1206.0,51251900.0,1170.0,47195334.0,936.0,35156967.0,1268.0,34422300.0,258.0,34342106.4
411,270021.OF,503.0,238990824.24,860.0,223596783.0,1401.0,196708485.0,1295.0,172385280.0,1268.0,172369848.42,590.0,153740320.92,1143.0,103218609.28,186.0,100923163.2,420.0,96517500.0,270.0,89535942.95
412,270025.OF,487.0,121068215.72,707.0,98148974.0,82.0,94264572.6,258.0,88734240.0,515.0,82446684.32,976.0,80228670.0,173.0,76961856.0,1210.0,76057068.8,89.0,58846935.66,187.0,56894357.52
413,270028.OF,627.0,258558924.0,338.0,250524945.0,522.0,222314784.8,298.0,154466311.95,1401.0,143304437.49,289.0,140579355.0,431.0,114799045.0,286.0,108660899.9,773.0,90112349.89,386.0,86291306.02
414,270041.OF,1741.0,33500187.0,2563.0,32720000.0,1523.0,32198124.0,1624.0,22461840.0,1267.0,21465345.0,558.0,20206297.58,281.0,18042816.0,401.0,17715951.0,457.0,17189659.14,102.0,16974910.8
415,270050.OF,600.0,157113000.0,644.0,140382000.0,888.0,130504698.0,1624.0,124788000.0,2095.0,113276330.4,2563.0,112475000.0,473.0,93600000.0,354.0,78027724.0,375.0,66550000.0,277.0,56807846.64
416,288002.OF,788.0,100573403.2,1213.0,86443826.0,1385.0,75248269.43,1086.0,62862776.3,940.0,59868480.0,2602.0,53400000.0,2095.0,52083071.88,520.0,51673869.0,314.0,51276988.56,1171.0,50880645.06
417,290011.OF,365.0,134781600.0,860.0,129411100.0,588.0,127218000.0,233.0,125819200.0,509.0,125056800.0,1098.0,113832000.0,751.0,104384000.0,207.0,84792368.0,106.0,83930000.0,130.0,65906500.0
418,290012.OF,210.0,7482057.6,19.0,5135550.0,98.0,4890255.8,402.0,4850600.0,31.0,4797800.0,5.0,4667395.6,137.0,4647142.5,72.0,4556700.0,52.0,4456250.0,111.0,3879890.0
419,320003.OF,92.0,299916949.08,87.0,216445884.75,39.0,214316075.33,31.0,189645049.59,145.0,173901096.46,39.0,170382742.74,157.0,158366324.92,75.0,147603771.45,320.0,127959031.0,56.0,115746137.19
420,320005.OF,1235.0,101796542.4,475.0,97135059.35,199.0,88698650.61,1523.0,81874701.3,509.0,77481648.0,1401.0,65841774.82,57.0,65054030.85,1741.0,51808978.17,399.0,35833803.6,658.0,27236414.0
421,320007.OF,968.0,2635750071.24,631.0,2609714430.0,1143.0,2597883055.36,860.0,2193255056.5,404.0,2088799701.5,747.0,2051849027.14,282.0,1894667989.36,420.0,1865631212.5,271.0,1446955645.28,364.0,1405594639.6
422,320011.OF,638.0,20958095.6,233.0,18114731.66,1267.0,17842566.55,112.0,17447200.0,493.0,15313840.0,417.0,14451061.38,218.0,13822600.0,567.0,12582864.0,39.0,11873400.0,364.0,11744200.0
423,320012.OF,1385.0,32610200.0,475.0,22592981.88,646.0,20144400.0,752.0,19456500.0,503.0,17444000.0,789.0,16743000.0,332.0,15200000.0,744.0,14836741.8,452.0,13548000.0,440.0,13041000.0
424,320015.OF,1266.0,6234804.4,637.0,6084000.0,1267.0,6040811.7,233.0,6038200.0,112.0,5404000.0,493.0,4866080.0,567.0,4806086.4,39.0,4677400.0,416.0,4269200.0,335.0,4053353.7
425,340007.OF,1384.0,536274739.0,2602.0,512640000.0,509.0,441094000.0,742.0,348319738.76,860.0,341432700.05,634.0,336544000.0,1159.0,250450000.0,1169.0,210948500.0,2094.0,199891799.01,1171.0,191240000.0
426,370027.OF,2563.0,96519910.0,2602.0,90407802.0,2095.0,78687631.32,1213.0,77476798.0,1523.0,71400209.0,1730.0,70064350.6,1401.0,42741477.85,1523.0,39560794.56,1210.0,36978300.0,860.0,36881736.87
427,375010.OF,598.0,195048395.0,880.0,151160962.85,1325.0,148381252.5,1213.0,147698324.56,1171.0,143968818.7,435.0,136746285.36,2602.0,100771140.0,502.0,88919207.32,656.0,82851287.72,825.0,68191318.8
428,377010.OF,1401.0,102221845.9,417.0,85054467.02,134.0,57415718.7,940.0,51715104.0,172.0,50228475.6,215.0,45841025.0,435.0,44715000.0,509.0,42138043.22,47.0,37605330.0,432.0,37077787.07
429,377016.OF,,,,,,,,,,,,,,,,,,,,
430,377240.OF,1213.0,703780305.3,598.0,639035500.6,1171.0,514531984.96,880.0,478006740.25,1325.0,464985202.5,435.0,416897562.74,2602.0,390184722.0,656.0,321539207.0,722.0,304058805.67,396.0,276626952.0
431,378010.OF,773.0,83652823.1,1213.0,78703389.26,1171.0,73352396.88,860.0,65729462.0,435.0,64405698.94,623.0,63853712.06,157.0,63095512.24,131.0,54977479.38,310.0,52143840.18,391.0,50125358.63
432,378546.OF,,,,,,,,,,,,,,,,,,,,
433,379010.OF,1171.0,41868268.82,396.0,34773862.9,1523.0,29807669.69,2602.0,29611902.0,1193.0,26375481.6,656.0,24164431.04,2563.0,18419315.0,1325.0,17325750.0,628.0,14709268.0,722.0,14615813.04
434,398011.OF,248.0,19462588.76,297.0,17136288.0,354.0,15263411.0,1098.0,13489092.0,428.0,13161832.0,357.0,12290681.0,857.0,9618840.0,623.0,9258186.0,2602.0,9078000.0,628.0,9030301.0
435,398021.OF,2602.0,144500400.0,297.0,121136426.24,333.0,117672093.9,333.0,109907167.5,555.0,106346612.4,194.0,96321611.3,409.0,90659001.6,643.0,81231661.25,352.0,78636860.16,502.0,76447513.08
436,398061.OF,2563.0,26380500.0,1030.0,20142335.7,95.0,16841475.0,429.0,16152015.0,2602.0,16073400.0,646.0,16014798.0,789.0,15877945.0,186.0,15170105.0,108.0,14680562.0,121.0,12323061.81
437,400001.OF,2563.0,22495000.0,433.0,16110406.0,253.0,14391818.25,356.0,11776825.76,1523.0,11692492.89,542.0,10449000.0,66.0,10058561.64,203.0,9828000.0,1385.0,9317200.0,365.0,8408000.0
438,400007.OF,2563.0,15337500.0,1268.0,15097500.0,748.0,10112232.88,1210.0,8326000.0,2095.0,7994267.4,401.0,7206000.0,623.0,6434069.2,1295.0,6264000.0,486.0,6064410.0,404.0,5590000.0
439,400025.OF,2563.0,18814000.0,1730.0,12700000.0,453.0,12580000.0,1268.0,12078000.0,475.0,10933560.0,825.0,10503900.0,880.0,9948600.0,450.0,9423466.74,1235.0,9094400.0,718.0,8760819.06
440,410003.OF,275.0,115634462.49,860.0,104012394.0,1210.0,97577100.0,2094.0,85477028.43,807.0,70631925.0,207.0,64167202.74,644.0,57969967.0,627.0,54144600.0,452.0,52059823.2,888.0,46849500.0
441,410007.OF,275.0,83936304.0,1210.0,75296000.0,860.0,68077064.68,807.0,48024600.0,2094.0,47555163.6,1041.0,42658154.0,207.0,40944600.0,644.0,40398820.0,888.0,40379244.75,286.0,33354751.1
442,420001.OF,2563.0,38288535.0,222.0,34119306.0,6.0,30431013.7,14.0,28908922.64,1439.0,25201764.0,1210.0,20605908.8,44.0,19717418.28,1741.0,19697059.92,544.0,19529545.63,97.0,18713252.0
443,420003.OF,2563.0,74552520.0,1235.0,62127094.4,1741.0,56838852.54,1523.0,49848662.22,555.0,43628160.0,1267.0,40889710.0,704.0,40698782.0,678.0,37874968.23,1031.0,25515832.0,500.0,24837140.0
444,420005.OF,1438.0,46691532.0,222.0,46255215.24,97.0,34337553.6,14.0,31978277.24,916.0,31458464.0,464.0,30413670.0,544.0,29501471.33,13.0,28651951.27,44.0,28398118.68,158.0,27445484.12
445,450002.OF,311.0,248936853.84,1113.0,235875492.41,584.0,192030069.0,207.0,177993049.68,1206.0,163767354.6,372.0,147383117.05,1170.0,141343817.97,942.0,126378711.1,1730.0,126138635.2,953.0,125646943.95
446,450003.OF,555.0,231443641.2,631.0,194472090.0,916.0,180145000.0,2094.0,179901000.0,1729.0,177800000.0,481.0,170833305.24,1205.0,168798016.6,1112.0,168306641.9,454.0,168240000.0,478.0,166908745.3
447,450004.OF,482.0,300807308.39,1213.0,295461477.5,2563.0,289181405.0,1730.0,271272279.4,205.0,257930137.17,658.0,252875680.0,2095.0,233123178.36,287.0,204205510.32,461.0,197009368.68,2602.0,196298400.0
448,460001.OF,2602.0,183686922.0,540.0,168547157.32,1325.0,157610505.0,1235.0,151660163.2,888.0,151229403.0,656.0,144854173.92,35.0,102614986.3,390.0,101530857.63,1159.0,100986699.45,858.0,93558395.7
449,460007.OF,2602.0,40050000.0,880.0,39936996.6,179.0,37251900.0,141.0,35783328.0,325.0,35174700.0,1325.0,34817250.0,502.0,26890035.76,429.0,26481200.9,1159.0,23742660.0,656.0,17900184.0
450,460009.OF,328.0,9868872.0,294.0,9161274.0,562.0,8273148.0,867.0,8063363.0,199.0,8043658.68,210.0,7811698.83,384.0,7595919.1,84.0,7152096.0,181.0,6749028.0,598.0,6721060.0
451,470006.OF,1016.0,628589200.47,1624.0,541792059.6,277.0,416234045.52,507.0,414175007.4,600.0,366724023.48,1030.0,290253037.47,428.0,283353143.84,486.0,235156416.0,616.0,225026518.86,1295.0,219407248.8
452,470008.OF,2563.0,61350000.0,1624.0,60314200.0,1385.0,58938510.83,1523.0,56383698.0,916.0,50954013.25,1730.0,50800000.0,452.0,46951500.0,1171.0,46154817.8,248.0,44176974.61,1113.0,43983274.4
453,470009.OF,1729.0,244268142.4,187.0,142661308.8,286.0,133345561.86,594.0,119678881.72,742.0,117430863.2,436.0,108923827.0,452.0,108445757.61,364.0,98706767.0,63.0,89918801.46,314.0,89029733.04
454,481001.OF,1325.0,283304677.5,1523.0,257654707.49,836.0,252655598.8,678.0,182697240.62,1170.0,165584819.64,60.0,165450788.25,248.0,162240965.35,2602.0,153102072.0,940.0,137390534.4,957.0,116496198.0
455,481004.OF,1624.0,112905062.7,2563.0,111248000.0,876.0,107902431.84,936.0,92810306.0,1113.0,87282685.23,749.0,85131264.0,755.0,78949728.0,401.0,76592574.0,810.0,52497050.48,290.0,41477927.74
456,481006.OF,386.0,25693760.0,582.0,25050060.0,722.0,24916777.0,348.0,20985080.0,573.0,19785180.0,2602.0,16874400.0,830.0,16242942.0,1212.0,14629784.0,354.0,14478900.0,1159.0,14350785.0
457,481008.OF,2563.0,21268000.0,1268.0,17392320.0,1439.0,15740190.0,1113.0,15016171.49,936.0,12677200.0,789.0,10068124.0,1741.0,9934956.0,749.0,9435930.0,836.0,8508880.0,1267.0,8257400.0
458,481013.OF,2563.0,31241465.0,1267.0,14096005.0,1113.0,13841997.4,1268.0,13195215.0,38.0,12571335.0,1624.0,12035802.6,1741.0,11934063.0,1523.0,10502604.0,112.0,7729680.0,744.0,7694206.0
459,487021.OF,2602.0,46564800.0,88.0,33972536.98,1113.0,33085467.77,311.0,24254235.92,390.0,23840166.24,1159.0,22202142.05,1523.0,21695520.0,623.0,20853283.6,1325.0,20572500.0,620.0,20008932.0
460,519001.OF,2563.0,271821400.0,2602.0,186062154.0,1235.0,156052108.8,773.0,151371146.38,1385.0,131663449.57,916.0,128610662.5,563.0,115356989.44,1624.0,105289147.07,749.0,96359196.48,1098.0,85063048.92
461,519002.OF,2563.0,456488990.0,190.0,357861846.0,353.0,286052895.13,325.0,253905653.96,1523.0,241606168.22,263.0,219943268.0,1031.0,214909209.44,453.0,197128600.0,154.0,195362895.0,542.0,181863115.11
462,519003.OF,88.0,325013415.58,2602.0,127452984.0,41.0,115688326.03,2095.0,83891834.1,1439.0,82723734.0,740.0,80511298.56,1730.0,80181907.2,2563.0,63965555.0,858.0,62640270.0,239.0,61896546.0
463,519005.OF,440.0,247291122.4,453.0,156709291.44,656.0,146438217.6,722.0,143477560.09,298.0,139495309.9,857.0,132729666.3,561.0,125465503.64,1193.0,113541792.0,2602.0,110911800.0,732.0,92698372.0
464,519008.OF,603.0,257027400.0,1523.0,253837584.0,2602.0,240300000.0,582.0,178536456.0,2563.0,155215500.0,192.0,141964200.0,1523.0,133369987.78,658.0,119832400.92,276.0,108665835.18,314.0,101066226.72
465,519011.OF,240.0,122352526.03,660.0,99435413.91,736.0,83697552.0,1143.0,73630784.0,352.0,64695158.9,561.0,62772922.0,1267.0,53494436.35,620.0,51965742.0,288.0,48555619.35,751.0,48173216.0
466,519015.OF,660.0,42101863.98,240.0,40784175.34,736.0,30843200.0,1143.0,26686656.0,352.0,24080160.0,561.0,23572920.0,1267.0,19999228.05,620.0,19769427.0,288.0,18570195.0,751.0,18067174.16
467,519017.OF,1401.0,58703367.0,1741.0,48452295.78,860.0,47683013.0,2563.0,47488990.0,707.0,46966651.0,1171.0,46422553.8,968.0,40990807.0,1624.0,38700918.4,240.0,36710550.0,1761.0,35635775.19
468,519018.OF,1523.0,237481134.24,2563.0,184019325.0,1741.0,168227883.0,1113.0,153277757.86,118.0,152810958.9,2602.0,152670600.0,1385.0,135961473.93,1730.0,114063780.0,1210.0,113591980.0,789.0,111128872.0
469,519020.OF,788.0,14996649.29,346.0,14757749.7,199.0,14379584.0,309.0,14338643.82,1401.0,13918101.0,1210.0,13306975.2,588.0,12946975.86,1267.0,11727738.0,95.0,11650418.34,339.0,11427376.0
470,519021.OF,2563.0,48834600.0,2602.0,47259000.0,429.0,42331275.0,449.0,39578448.75,2095.0,39155919.06,1439.0,34733178.0,1741.0,33091278.75,509.0,29809748.0,649.0,28658277.0,558.0,28577650.64
471,519025.OF,1325.0,4309597.5,2563.0,4294500.0,1439.0,3268512.0,1523.0,2968061.0,880.0,2857459.0,2602.0,2830200.0,1730.0,2755900.0,399.0,2692732.0,277.0,2556675.0,736.0,2427200.0
472,519026.OF,957.0,43437264.0,620.0,31737834.0,736.0,29925600.0,2602.0,28515600.0,298.0,27879865.0,297.0,27691248.0,656.0,26923838.4,509.0,26260480.0,94.0,24380668.2,448.0,22921125.0
473,519029.OF,39.0,62962809.0,33.0,56782271.2,33.0,55860140.0,55.0,50455195.05,271.0,47865296.16,49.0,41250968.4,435.0,41083192.0,51.0,40584739.17,365.0,36647678.63,68.0,29572776.7
474,519035.OF,252.0,137666028.0,206.0,122234802.2,148.0,106716450.0,916.0,102940000.0,2563.0,102250000.0,1213.0,95776000.0,165.0,85831762.08,135.0,83428704.0,1730.0,68580000.0,502.0,64514256.8
475,519069.OF,1206.0,1258651629.6,916.0,995562232.31,2563.0,993583700.0,1439.0,977275572.3,1741.0,735364644.33,1401.0,714722498.26,1113.0,524644897.33,942.0,515345961.8,488.0,493890412.0,789.0,481863986.48
476,519087.OF,213.0,92513055.14,453.0,70845756.8,405.0,67351505.0,452.0,60829111.36,134.0,50157948.17,333.0,48578829.0,247.0,42768000.0,394.0,42490822.0,201.0,42042000.0,59.0,39617256.0
477,519089.OF,2602.0,71998686.0,2563.0,55419500.0,1171.0,50505527.8,2095.0,46010147.16,1523.0,39775685.79,1031.0,37040794.0,1098.0,35895024.0,858.0,34208790.0,1159.0,34186425.0,523.0,31696905.75
478,519093.OF,2563.0,11247500.0,603.0,10403490.0,749.0,9348954.96,323.0,7605900.0,953.0,7509150.0,190.0,7172500.0,114.0,6021090.0,407.0,5952000.0,161.0,5882000.0,1741.0,5452110.0
479,519133.OF,2602.0,615903318.0,740.0,404416857.6,1439.0,390681729.9,1730.0,368279172.0,2095.0,362438882.25,239.0,343774309.6,858.0,286294770.3,399.0,282830346.4,2563.0,280257025.0,449.0,234334125.0
480,519139.OF,728.0,11426159.38,2563.0,9407000.0,693.0,9362423.77,1113.0,8164680.0,561.0,6558724.0,172.0,6479180.0,85.0,5884391.35,130.0,5619111.41,351.0,4484616.36,64.0,4341467.13
481,519181.OF,195.0,87422550.32,230.0,87304045.95,568.0,85655053.65,129.0,85277415.0,1438.0,83194403.22,739.0,79305408.0,342.0,75796911.9,880.0,56986480.32,649.0,55871365.13,348.0,53519288.1
482,519195.OF,568.0,219685143.84,342.0,198301390.9,880.0,189680188.92,129.0,177638961.0,739.0,159861139.2,230.0,151510095.0,337.0,137177007.5,195.0,119822052.0,649.0,115107697.34,1438.0,110756235.42
483,519196.OF,568.0,165435858.54,129.0,160460396.76,1438.0,138263051.16,230.0,134874795.0,739.0,132745549.44,649.0,127276042.85,195.0,123627196.0,833.0,118861020.0,348.0,115139019.4,337.0,103656020.0
484,519224.OF,620.0,11922876.99,2563.0,11656500.0,2095.0,8447617.92,2602.0,5393400.0,1206.0,5279220.0,1213.0,4716968.0,858.0,4460610.0,957.0,3845517.0,550.0,3536049.0,1741.0,3432810.0
485,519621.OF,2563.0,6135000.0,1170.0,5955186.0,1267.0,5456895.0,942.0,4077510.0,1439.0,3935484.0,1741.0,3859891.95,1235.0,3767680.0,597.0,3504538.8,1031.0,3180224.98,354.0,2940803.0
486,519651.OF,2563.0,48057500.0,1741.0,40986539.82,940.0,34154400.0,1235.0,31668000.0,620.0,30692746.32,393.0,24200150.0,1385.0,22058471.0,1730.0,20793456.0,1624.0,20446409.81,199.0,19873169.8
487,519664.OF,1741.0,31642431.0,2563.0,31429605.0,940.0,27384000.0,1385.0,25994988.0,646.0,24185534.51,1235.0,22339744.0,393.0,17611100.0,199.0,15861395.8,396.0,15737567.3,1624.0,15200114.31
488,519668.OF,555.0,20028720.0,1730.0,17831181.0,2602.0,16554000.0,1041.0,15309756.0,354.0,13393610.0,2095.0,12803887.32,2563.0,12679000.0,1159.0,12021600.0,561.0,10311300.0,1523.0,8653554.0
489,519672.OF,555.0,92289200.0,354.0,90837850.0,1729.0,77470000.0,2602.0,76362000.0,1159.0,71185403.5,2094.0,61105306.92,1041.0,53727744.0,740.0,38676881.64,616.0,37317067.92,486.0,35851721.73
490,519674.OF,473.0,1637161188.0,365.0,1555402127.6,175.0,1543035180.92,353.0,1533764000.0,860.0,1490794398.29,747.0,1467126705.0,1143.0,1431300967.68,364.0,1409304000.0,271.0,1406572869.66,968.0,744029000.0
491,519688.OF,2563.0,659009430.0,529.0,563985418.14,405.0,523442066.4,1171.0,396548188.12,1098.0,375828679.8,476.0,374712941.2,1624.0,310137904.18,2602.0,308119602.0,916.0,274315026.7,509.0,272654762.1
492,519690.OF,1098.0,142290000.0,124.0,101910273.97,773.0,95179000.0,1171.0,90839000.0,351.0,80598000.0,1523.0,66565800.0,953.0,60439500.0,623.0,54715654.0,537.0,53418000.0,212.0,48937651.59
493,519692.OF,1171.0,239982295.0,558.0,228668617.52,123.0,211389369.4,1098.0,203184238.68,1295.0,196576534.8,298.0,192418188.0,215.0,162404262.68,118.0,91686575.34,202.0,90367196.4,59.0,73094381.11
494,519694.OF,558.0,166877424.28,1171.0,162224302.24,123.0,145876739.36,1098.0,143090997.84,1295.0,137396455.2,298.0,128251315.8,215.0,114878703.24,352.0,80846158.9,202.0,67044373.11,59.0,48525721.08
495,519696.OF,,,,,,,,,,,,,,,,,,,,
496,519704.OF,773.0,713963649.27,1098.0,661567489.56,70.0,381138635.24,555.0,322496486.9,277.0,267484997.66,406.0,262059715.2,188.0,235708372.44,85.0,222497967.24,101.0,213468739.73,1171.0,193172767.06
497,519710.OF,953.0,66365867.7,749.0,64511145.84,2563.0,64411365.0,1741.0,44412484.2,1523.0,44167394.46,234.0,43077199.85,1624.0,37374941.91,476.0,36872691.05,1016.0,31151727.09,600.0,27216637.38
498,519712.OF,1030.0,650632843.7,825.0,568624424.94,1159.0,539929877.55,2602.0,499486512.0,1624.0,468896109.5,1016.0,463102223.1,1171.0,394160939.2,752.0,380333029.65,476.0,226702029.45,1210.0,224499621.4
499,519727.OF,773.0,130243487.48,2563.0,114315500.0,916.0,111948536.75,187.0,93148257.0,1171.0,62276158.56,584.0,40326902.0,1113.0,36986000.4,1098.0,35504200.8,509.0,34633152.47,1624.0,31010129.97
500,519736.OF,2563.0,863934790.0,529.0,777357364.5,405.0,721638228.6,1171.0,546648734.94,1098.0,517950587.88,476.0,516323999.1,1624.0,427327042.91,2602.0,424161540.0,916.0,377611044.69,509.0,377114799.88
501,519756.OF,810.0,50893052.0,825.0,38701036.0,1267.0,35055000.0,2563.0,34765000.0,953.0,31582752.3,649.0,27237799.33,420.0,25156000.0,353.0,24854000.0,178.0,24395000.0,1210.0,23996980.0
502,519767.OF,744.0,37090000.0,1761.0,34243020.89,352.0,34050000.0,417.0,27560000.0,407.0,24800000.0,70.0,23540000.0,454.0,22432000.0,401.0,21618000.0,582.0,19740000.0,391.0,19460000.0
503,519773.OF,1171.0,193606595.0,123.0,131889329.8,240.0,128983134.0,1098.0,97903677.96,732.0,93525228.8,407.0,70499381.6,1401.0,68798670.14,55.0,50638465.75,1143.0,48360488.32,2095.0,44583265.71
504,519908.OF,172.0,52061785.16,338.0,51464475.0,1438.0,50782410.0,85.0,47760560.0,226.0,44815680.0,35.0,38725256.3,210.0,37120129.38,205.0,36330091.63,348.0,34242660.0,568.0,30350619.0
505,519915.OF,749.0,631347254.4,1741.0,537882556.44,1267.0,515690404.75,1523.0,504276614.1,2563.0,478296870.0,453.0,362583842.1,744.0,266947219.8,396.0,264391624.0,708.0,236990405.08,1401.0,161286428.0
506,519929.OF,354.0,6869198.0,857.0,5285280.0,1143.0,5209856.0,314.0,5179096.32,428.0,5050000.0,490.0,4939520.0,448.0,4902000.0,747.0,4859934.0,450.0,4797348.0,588.0,4773704.0
507,519983.OF,449.0,40787222.34,193.0,20873813.7,773.0,20232336.0,289.0,19272774.0,354.0,18407594.1,637.0,18211440.0,581.0,17682458.0,658.0,17483752.0,504.0,17162263.0,428.0,17048800.0
508,519991.OF,73.0,7218666.0,346.0,7139233.53,258.0,7127971.2,558.0,6726778.8,488.0,6726758.0,293.0,6434834.4,487.0,6358696.0,509.0,6171537.4,453.0,5950340.0,130.0,5342160.95
509,519995.OF,2563.0,285958485.0,435.0,283006296.0,639.0,202790277.0,1213.0,167608000.0,956.0,140791321.26,751.0,137587120.0,1523.0,136386667.62,1741.0,131254500.0,376.0,116335259.92,172.0,110838342.67
510,530001.OF,639.0,91713344.13,1171.0,71272375.02,2602.0,67657800.0,429.0,66636900.0,164.0,56918443.0,598.0,54450200.0,2563.0,52147500.0,487.0,44613941.4,773.0,43287681.14,957.0,37707267.0
511,530003.OF,749.0,159004666.56,356.0,121595565.0,1210.0,119166743.8,916.0,114155313.0,544.0,105935776.06,1235.0,97440000.0,956.0,93841083.6,1268.0,80257585.32,172.0,58722076.8,263.0,57721968.0
512,530006.OF,2563.0,50716000.0,2602.0,48526716.0,1439.0,48505626.0,1210.0,30541940.0,936.0,24598134.5,649.0,24077304.0,547.0,22040170.65,1235.0,19650400.0,594.0,19535902.88,678.0,14901084.0
513,550001.OF,194.0,27504954.5,156.0,26138889.0,555.0,22361290.0,127.0,17629920.0,505.0,17399272.8,170.0,17158052.16,320.0,15779719.36,646.0,14655051.0,244.0,14607108.0,161.0,14322560.0
514,550002.OF,957.0,100113000.0,1730.0,96520000.0,639.0,94626000.0,598.0,87395193.0,435.0,75928785.12,348.0,71413261.2,540.0,67755000.0,858.0,64679052.9,1523.0,60028200.0,603.0,50997500.0
515,550003.OF,2563.0,21476590.0,1523.0,15137802.54,194.0,14740797.4,1113.0,13560459.18,639.0,13389579.0,1730.0,12516104.0,942.0,11010948.6,2602.0,10413000.0,156.0,9754353.0,1206.0,9556274.4
516,550008.OF,1730.0,144780000.0,957.0,129558000.0,639.0,128421000.0,540.0,126476000.0,598.0,87400000.0,435.0,80992000.0,348.0,71412360.75,603.0,71396500.0,429.0,70308000.0,1523.0,70032900.0
