,jydm,jydm_mc,p00483_f002,p00483_f007,p00483_f008
0,003452.OF,招商招盛纯债A,088019,2.240,2.2732965593300668
1,003155.OF,中加丰尚纯债债券A,080018,5.540,5.7886385348065414
2,001961.OF,博时裕荣纯债债券,080420,15.260,15.6752146115311571
3,001578.OF,博时裕瑞纯债债券,080420,6.500,7.2477364107690707
4,003571.OF,招商招琪纯债A,080420,5.150,5.2363377962094797
5,000183.OF,嘉实丰益策略定期债券,010107,11.520,14.3221062673318727
6,519225.OF,海富通集利债券,010107,35.410,37.3250909259926330
7,003703.OF,博时富鑫纯债债券A,010107,1.990,2.1362082834998234
8,003454.OF,招商招通纯债A,010107,7.260,7.8831072315564034
9,004030.OF,嘉实丰安6个月定期债券,010107,5.150,4.9037104629072412
10,004614.OF,鹏扬利泽债券A,010107,5.930,6.5959120027696575
11,000183.OF,嘉实丰益策略定期债券,010303,14.210,17.6554202676765706
12,002206.OF,博时裕康纯债,058021,8.970,9.4807841686313628
13,002206.OF,博时裕康纯债,078042,8.090,8.5543375549335332
14,003269.OF,招商招乾3个月定开债发起式A,090207,87.650,100.0000000000000000
15,002970.OF,博时裕昂纯债债券,0980186,7.680,7.8765005842300311
16,003213.OF,中银悦享定期开放债券,1080022,5.800,5.9838765826650644
17,004736.OF,富国鼎利纯债三个月定开债,122049,3.910,4.1675381178588953
18,004122.OF,兴银长益三个月定开债,110202,3.320,3.0228476955398932
19,000139.OF,富国国有企业债债券A/B,1180009,4.730,3.6437344724253324
20,004042.OF,华夏鼎茂债券A,122844,5.700,4.6508201225973857
21,002638.OF,兴业天融债券,110003,21.870,22.9453052842700327
22,000116.OF,嘉实丰益纯债定期债券,124576,2.540,2.2790293198713927
23,000345.OF,鹏华丰融定期开放债券,1180020,8.760,6.2226470124237996
24,000355.OF,南方丰元信用增强债券A,122834,8.420,6.4825115645821487
25,003590.OF,建信睿富纯债债券,110211,7.090,7.2308184523142595
26,000355.OF,南方丰元信用增强债券A,122846,8.630,6.6459034014722193
27,000345.OF,鹏华丰融定期开放债券,1180050,8.750,6.2165078579127264
28,004200.OF,博时富瑞纯债债券A,1180093,4.930,5.3463234860452031
29,485105.OF,工银增强收益债券A,1116001,6.050,4.9166938385293461
30,004322.OF,创金尊隆纯债A,122075,5.790,4.6719386274412892
31,003268.OF,博时悦楚纯债债券A,110236,4.240,4.3298722567267850
32,004438.OF,鹏华永安定期开放债券,122801,7.530,4.9577767207316132
33,004923.OF,华夏鼎祥三个月定期开放债券A,122838,2.980,2.9518985787886972
34,002188.OF,鹏华丰华债券,110311,49.370,51.0037455476970495
35,004940.OF,中加聚鑫纯债一年A,1180132,8.770,6.7025745289057227
36,004322.OF,创金尊隆纯债A,112035,6.600,5.3287454508612762
37,003193.OF,创金合信尊智纯债A,112035,10.020,13.3302310121322918
38,001369.OF,兴业稳固收益两年理财债券,1182216,4.830,5.0030275795509856
39,002994.OF,招商招裕纯债A,110254,10.730,11.0448705586810940
40,001993.OF,博时裕泰纯债债券,1180141,9.180,9.2752489331436700
41,519762.OF,交银裕通纯债债券A,1182277,5.020,4.3509805591132508
42,002175.OF,博时裕乾纯债A,1182277,7.850,8.4781625166097566
43,004200.OF,博时富瑞纯债债券A,1182277,4.940,5.3601382754148289
44,000244.OF,天弘稳利定期开放A,1180144,5.820,3.7186028277081658
45,002395.OF,鹏华丰尚定期开放债券A,112044,7.290,5.6735604487458945
46,519322.OF,浦银安盛盛元定开债券A,122774,3.980,4.7081744328806105
47,002750.OF,工银泰享三年理财债券,110420,5.440,3.7386010118008525
48,004736.OF,富国鼎利纯债三个月定开债,122112,8.800,9.3816515909780034
49,003863.OF,招商招祥纯债A,1280003,8.590,8.7953305327838019
50,162715.SZ,广发聚源债券(LOF)A,112059,0.000,0.00022195108952721103
51,003528.OF,汇添富长添利定期开放债券A,122723,8.290,8.7661871193312439
52,003309.OF,兴业启元一年定开债券A,122723,8.560,9.2524183342036091
53,519137.OF,海富通瑞福债券A,1280047,3.090,2.6238389310585310
54,519138.OF,海富通瑞祥一年定开债券,1280047,3.270,2.6766896113407503
55,519138.OF,海富通瑞祥一年定开债券,1280049,3.880,3.1744445843279411
56,004388.OF,鹏华丰享债券,112070,4.960,5.4135462507827847
57,003571.OF,招商招琪纯债A,1282091,4.580,4.6550005166045164
58,519138.OF,海富通瑞祥一年定开债券,1280073,3.880,3.1775378311823410
59,003452.OF,招商招盛纯债A,120221,3.880,3.9454985484420305
60,003309.OF,兴业启元一年定开债券A,1280128,8.950,9.6668466220023424
61,004438.OF,鹏华永安定期开放债券,1280152,6.610,4.3497434349469712
62,004307.OF,博时富元纯债债券,1282176,5.870,5.9996845941939960
63,003863.OF,招商招祥纯债A,1282205,9.220,9.4469986197877838
64,003590.OF,建信睿富纯债债券,1282205,8.390,8.5581431391221614
65,519322.OF,浦银安盛盛元定开债券A,120227,2.930,3.4698822767114943
66,003056.OF,嘉实稳泽纯债债券A,120412,24.190,18.1098207769335557
67,003452.OF,招商招盛纯债A,1282253,2.210,2.2435625971985201
68,519137.OF,海富通瑞福债券A,1280226,3.040,2.5841680227210706
69,000005.OF,嘉实增强信用定期债券,1280247,3.790,3.5172822864847641
70,000295.OF,鹏华丰实定期开放债券A,112107,5.500,4.5837264577910273
71,003309.OF,兴业启元一年定开债券A,1280273,8.880,9.5913243827679491
72,519138.OF,海富通瑞祥一年定开债券,1280292,3.850,3.1473786743519416
73,003651.OF,博时丰达6个月定开债发起式,124044,6.880,5.3772347061055556
74,004601.OF,博时富腾纯债债券,1282547,5.000,5.2037500583031453
75,519138.OF,海富通瑞祥一年定开债券,1280496,3.820,3.1295925049391419
76,004366.OF,博时汇享纯债债券A,130001,39.750,47.6331135419445821
77,164703.SZ,汇添富纯债(LOF),1382023,6.460,6.2937894979742947
78,003315.OF,景顺长城政策性金融债A,1382030,9.480,11.9021337455644505
79,003528.OF,汇添富长添利定期开放债券A,124153,6.630,7.0172450980630110
80,002524.OF,兴业福益债券,1382046,9.040,9.4317524911635105
81,001961.OF,博时裕荣纯债债券,1382047,8.640,8.8792928690727440
82,003869.OF,长信稳势纯债债券,130212,0.740,7.2155725345050251
83,002206.OF,博时裕康纯债,1380046,8.950,9.4599722297259656
84,004307.OF,博时富元纯债债券,1382071,3.950,4.0374668749250841
85,004307.OF,博时富元纯债债券,1382075,3.950,4.0366652335322667
86,004736.OF,富国鼎利纯债三个月定开债,122224,7.820,8.3309066127884670
87,003571.OF,招商招琪纯债A,1320006,9.820,9.9789724421771945
88,519332.OF,浦银安盛盛达纯债债券A,1320006,7.070,7.2288480218693432
89,002898.OF,富国两年期理财债券A,1320007,5.930,6.0935360228952715
90,000552.OF,中加纯债一年A,124173,8.060,4.9903980426182582
91,004920.OF,富国泓利纯债债券型发起式A,1380069,2.920,2.1961793720082918
92,002550.OF,嘉实稳荣债券,1320005,9.050,8.2883315680124523
93,003571.OF,招商招琪纯债A,1382074,2.750,2.7993941595824115
94,003746.OF,广发汇瑞3个月定期开放债券,122231,8.960,9.1729105126510043
95,002188.OF,鹏华丰华债券,122232,7.880,8.1442699243746364
96,002568.OF,博时裕发纯债债券,1382086,4.960,3.6530273906252156
97,002206.OF,博时裕康纯债,1380107,9.010,9.5233540436651296
98,002750.OF,工银泰享三年理财债券,122239,5.300,3.6473489436785491
99,002930.OF,博时聚润纯债债券,1382111,9.050,9.2391958834851581
100,001911.OF,博时裕恒纯债债券,1320010,4.400,4.3590826745425738
101,002898.OF,富国两年期理财债券A,1382124,5.960,6.1308397767140879
102,002206.OF,博时裕康纯债,1382138,8.190,8.6594483574860439
103,004136.OF,博时民泽纯债债券,130216,6.770,6.8648919265301305
104,161014.SZ,富国汇利回报定期开放债券,124232,5.000,4.0340927352530364
105,003192.OF,创金合信尊丰纯债,1382174,6.220,6.3960235066462001
106,519776.OF,交银裕盈纯债债券A,1382162,4.950,3.8206295032233599
107,000187.OF,华泰柏瑞丰盛纯债债券A,1382173,8.530,9.2437359246060984
108,003192.OF,创金合信尊丰纯债,1320014,8.600,8.8397165567131520
109,530021.OF,建信纯债A,1382189,7.940,6.7236693318732823
110,002970.OF,博时裕昂纯债债券,1380158,7.870,8.0757429490697952
111,519137.OF,海富通瑞福债券A,1380163,3.010,2.5609213757972084
112,004736.OF,富国鼎利纯债三个月定开债,112175,7.790,8.3075567243842551
113,000005.OF,嘉实增强信用定期债券,1382243,4.970,4.6179002614860821
114,001911.OF,博时裕恒纯债债券,1382243,4.800,4.7482632417830126
115,003192.OF,创金合信尊丰纯债,1382248,6.130,6.3035308958489827
116,002548.OF,嘉实稳瑞纯债债券,1382261,4.190,4.7685571036734344
117,003746.OF,广发汇瑞3个月定期开放债券,1382275,8.030,8.2207261287201248
118,004923.OF,华夏鼎祥三个月定期开放债券A,122253,3.180,3.1492678678351619
119,002549.OF,嘉实稳祥纯债债券A,1382310,5.080,4.5427509304753001
120,004042.OF,华夏鼎茂债券A,1382310,5.730,4.6815155354065285
121,003528.OF,汇添富长添利定期开放债券A,1382312,6.630,7.0162827413681667
122,003162.OF,博时富宁纯债债券,101354006,4.010,3.6983320578945768
123,002524.OF,兴业福益债券,1322002,8.990,9.3849819244117327
124,003859.OF,招商招旭纯债A,101353003,8.610,6.9598798455935599
125,519332.OF,浦银安盛盛达纯债债券A,1315001,8.400,8.5782168125191814
126,003662.OF,鹏华永盛定期开放债券,101353006,8.390,7.0391229536886099
127,002550.OF,嘉实稳荣债券,1320027,9.040,8.2759769050371778
128,003192.OF,创金合信尊丰纯债,1320027,9.350,9.6141284823149025
129,000606.OF,天弘优选债券,101364002,5.420,5.4896671819874473
130,002929.OF,博时聚盈纯债债券,130238,8.560,8.6893020304016900
131,003859.OF,招商招旭纯债A,101358007,7.250,5.8620582533624310
132,000111.OF,易方达纯债1年定期开放债券A,101356006,5.390,3.9687840247533023
133,000606.OF,天弘优选债券,101356006,5.430,5.5087171870806022
134,002188.OF,鹏华丰华债券,130425,39.550,40.8519845279283141
135,004027.OF,广发景源纯债A,101374003,1.940,1.8987874662070586
136,001545.OF,博时裕嘉3个月定开债发起式,130245,8.270,8.6263672404664437
137,002109.OF,博时裕丰3个月定开债发起式,130245,20.550,18.9344932866215600
138,002898.OF,富国两年期理财债券A,1312001,8.120,8.3463028038039031
139,519332.OF,浦银安盛盛达纯债债券A,1312001,8.410,8.5962509053275608
140,003590.OF,建信睿富纯债债券,1312001,8.520,8.6830542086572913
141,519680.OF,交银增利债券A/B,101354022,8.880,7.3404795344569196
142,003327.OF,万家鑫璟纯债A,101360019,8.070,7.5364690312008099
143,000005.OF,嘉实增强信用定期债券,112196,5.480,5.0888045644665707
144,003746.OF,广发汇瑞3个月定期开放债券,122288,9.060,9.2731458255210755
145,002898.OF,富国两年期理财债券A,091302002,6.000,6.1695554482437793
146,004911.OF,中加纯债定开债券A,091302002,10.000,9.2019203784592209
147,000186.OF,华泰柏瑞季季红债券A,101360021,7.010,5.6849250132152641
148,002716.OF,博时裕通3个月定开债发起式A,018002,46.230,55.9139309857288031
149,003454.OF,招商招通纯债A,018002,9.130,9.9204176843712554
150,004031.OF,鑫元添利三个月定期开放债券,018002,17.060,20.9793101951806967
151,004118.OF,博时裕鹏纯债债券,018002,24.560,30.2040177767428830
152,003746.OF,广发汇瑞3个月定期开放债券,140408,9.850,10.0834068153882151
153,000252.OF,景顺长城景兴信用纯债债券A,1480038,7.730,7.1352045008245568
154,004030.OF,嘉实丰安6个月定期债券,101454003,3.370,3.2106243982954581
155,004911.OF,中加纯债定开债券A,1428002,9.760,8.9784713557233287
156,000546.OF,兴业定开债券A,124577,4.940,4.5839727460049700
157,004438.OF,鹏华永安定期开放债券,124430,8.600,5.6606132119539740
158,000005.OF,嘉实增强信用定期债券,101460004,3.790,3.5210799018313809
159,519718.OF,交银纯债债券A/B,124602,8.430,7.2134357194321673
160,003832.OF,中银丰润定期开放债券,140423,5.300,5.6962930379391893
161,003268.OF,博时悦楚纯债债券A,1428003,5.710,5.8253104793139560
162,161019.SZ,富国新天锋债券(LOF)A,124585,4.770,3.7162551864258579
163,004601.OF,博时富腾纯债债券,101462007,5.130,5.3364221044066813
164,160128.SZ,南方金利定开债券A,1480160,4.660,2.7959482173756665
165,003832.OF,中银丰润定期开放债券,140211,5.470,5.8748905302540553
166,000552.OF,中加纯债一年A,112203,8.280,5.1233749638142198
167,004705.OF,南方祥元A,101453008,5.990,6.0084272969649072
168,000205.OF,易方达投资级信用债债券A,1480180,5.530,5.5858009850170260
169,519680.OF,交银增利债券A/B,101474004,8.930,7.3766537880270798
170,001246.OF,兴银长乐定开债,1480194,2.800,2.9765928908925886
171,003671.OF,兴业裕恒债券,1480209,6.220,6.1726430129240144
172,001246.OF,兴银长乐定开债,1480214,2.640,2.8035341787344410
173,519784.OF,交银境尚收益债券A,101454018,5.760,3.0763945420733848
174,003265.OF,招商招坤纯债A,1480249,10.510,8.9259261662092873
175,000345.OF,鹏华丰融定期开放债券,1480261,9.210,6.5415146977289418
176,002600.OF,易方达裕景添利6个月定期开放债券,1480192,3.860,2.7256729664445222
177,530021.OF,建信纯债A,1480250,8.040,6.8082691257434674
178,004238.OF,永赢瑞益债券A,101456023,2.540,1.8655516506870962
179,004030.OF,嘉实丰安6个月定期债券,101456023,3.390,3.2245423759826502
180,519328.OF,浦银安盛盛泰纯债债券A,140330,19.420,20.3182399383004201
181,003213.OF,中银悦享定期开放债券,101451016,3.640,3.7533758241087072
182,003809.OF,招商招顺纯债A,101461014,8.810,9.0258958351619415
183,002549.OF,嘉实稳祥纯债债券A,101461015,5.130,4.5874292875304416
184,519782.OF,交银裕隆纯债债券A,101456057,5.600,4.3929006137198078
185,004911.OF,中加纯债定开债券A,091401002,9.690,8.9173390759182261
186,004544.OF,嘉实稳华纯债债券A,101469010,5.330,5.2825713285580686
187,001993.OF,博时裕泰纯债债券,1480345,5.780,5.8399715504978663
188,003329.OF,万家鑫安纯债A,1428006,2.010,1.8385923407952849
189,003832.OF,中银丰润定期开放债券,140215,9.010,9.6730145831613689
190,003660.OF,中加纯债两年债券A,124830,5.300,4.6432304036155836
191,004200.OF,博时富瑞纯债债券A,101464024,4.990,5.4095527143138752
192,004601.OF,博时富腾纯债债券,101464024,5.070,5.2763050835160165
193,161014.SZ,富国汇利回报定期开放债券,122298,4.080,3.2876798692893226
194,002550.OF,嘉实稳荣债券,1420014,9.080,8.3146881823597044
195,002354.OF,博时裕腾纯债,101464028,7.600,5.9492394812258458
196,004859.OF,泰康年年红纯债一年债券,101464029,3.240,2.0143256052033252
197,002994.OF,招商招裕纯债A,140441,9.790,10.0809545826507440
198,001993.OF,博时裕泰纯债债券,101473008,5.120,5.1747612273928063
199,001960.OF,兴银瑞益,140219,7.710,6.4592866001549213
200,003746.OF,广发汇瑞3个月定期开放债券,122315,8.940,9.1480815819400693
201,003213.OF,中银悦享定期开放债券,1428009,6.190,6.3959855889202498
202,002549.OF,嘉实稳祥纯债债券A,101461024,5.100,4.5549359369448841
203,519322.OF,浦银安盛盛元定开债券A,130142,3.920,4.6436535038828371
204,003213.OF,中银悦享定期开放债券,1428012,5.470,5.6440772361037295
205,003213.OF,中银悦享定期开放债券,1428011,6.680,6.9006958027833741
206,002600.OF,易方达裕景添利6个月定期开放债券,1480473,6.020,4.2496451119593032
207,000252.OF,景顺长城景兴信用纯债债券A,112225,6.280,5.8042779609937269
208,002600.OF,易方达裕景添利6个月定期开放债券,122328,7.500,5.2932109090050460
209,161117.SZ,易方达永旭定期开放债券,122329,4.180,3.0638253430870479
210,002466.OF,博时裕新纯债,101453024,4.860,4.9671822898431720
211,002603.OF,工银瑞信瑞丰半年定期开放纯债债券,122331,9.540,5.6224763804333429
212,003863.OF,招商招祥纯债A,101453029,9.080,9.3014539420858030
213,001911.OF,博时裕恒纯债债券,1420032,4.000,3.9553083290636671
214,004027.OF,广发景源纯债A,101456074,1.920,1.8796766008271968
215,001911.OF,博时裕恒纯债债券,101455031,7.920,7.8372533404961175
216,003863.OF,招商招祥纯债A,101461037,8.980,9.1932529645836725
217,000032.OF,易方达信用债债券A,1480557,7.170,6.2383677642092730
218,002755.OF,博时裕盛纯债,101459060,7.940,8.5850528057484971
219,519328.OF,浦银安盛盛泰纯债债券A,140227,16.760,17.5351626717541759
220,485107.OF,工银添利债券A,140229,14.140,10.8811319740021024
221,003528.OF,汇添富长添利定期开放债券A,091402002,6.530,6.9037739702685419
222,004544.OF,嘉实稳华纯债债券A,101456084,5.360,5.3102615946458519
223,002991.OF,嘉实稳鑫纯债债券,101456087,5.330,5.7896091012986868
224,003863.OF,招商招祥纯债A,101456087,9.330,9.5571146588386246
225,000207.OF,建信双债增强A,110030,9.490,9.9826683009609040
226,004910.OF,中加颐享纯债债券A,1528001,6.300,5.2849099179797067
227,000187.OF,华泰柏瑞丰盛纯债债券A,150201,32.260,34.9653398644617458
228,519776.OF,交银裕盈纯债债券A,150201,4.910,3.7918088737201365
229,004899.OF,中银信享定期开放债券,150201,4.950,6.2233309821727054
230,002970.OF,博时裕昂纯债债券,101553002,7.910,8.1159127806907154
231,001993.OF,博时裕泰纯债债券,1580013,5.100,5.1529160739687055
232,001246.OF,兴银长乐定开债,1580005,3.240,3.4428593574078527
233,161019.SZ,富国新天锋债券(LOF)A,113008,0.490,0.38310468189674319762
234,485105.OF,工银增强收益债券A,113008,1.280,1.0382057819673076
235,002985.OF,中银季季红定期开放债券,113008,0.100,0.10162246522063468084
236,004127.OF,鹏华丰康债券A,122321,4.900,4.0675342718794233
237,003660.OF,中加纯债两年债券A,127105,8.220,7.2072674474698219
238,001993.OF,博时裕泰纯债债券,1520003,5.080,5.1305628937207885
239,519680.OF,交银增利债券A/B,101559005,8.730,7.2145931320327619
240,002755.OF,博时裕盛纯债,101552004,9.090,9.8276430162064122
241,002336.OF,创金合信尊享纯债债券A,101553006,5.220,4.1971516336218933
242,002552.OF,华夏恒利3个月定开债券,101554014,8.790,6.9042812173688042
243,003155.OF,中加丰尚纯债债券A,123581,0.030,0.03048176558583050431
244,000914.OF,中加纯债债券,101563002,9.550,7.7002634523579410
245,000552.OF,中加纯债一年A,101563002,9.730,6.0209942718720922
246,002301.OF,兴业短债债券A,150207,5.540,6.5413587265491757
247,002466.OF,博时裕新纯债,150207,7.780,7.9562487916967102
248,003056.OF,嘉实稳泽纯债债券A,150207,18.400,13.7795311779012756
249,004061.OF,华夏鼎隆债券A,150207,6.960,8.6700219873457944
250,000914.OF,中加纯债债券,101555007,9.620,7.7564809973146496
251,003730.OF,博时富华纯债债券,150308,13.850,11.1059423000550865
252,002929.OF,博时聚盈纯债债券,150208,8.450,8.5754152304034288
253,519330.OF,浦银安盛盛跃纯债债券A,1520009,5.030,4.7581682045076388
254,001369.OF,兴业稳固收益两年理财债券,150309,7.950,8.2396974812374628
255,002466.OF,博时裕新纯债,150309,7.530,7.6999037735932140
256,002898.OF,富国两年期理财债券A,101551020,8.930,9.1819228470749647
257,003528.OF,汇添富长添利定期开放债券A,101551020,8.440,8.9260752454280846
258,000005.OF,嘉实增强信用定期债券,101575002,6.220,5.7729507231222415
259,519330.OF,浦银安盛盛跃纯债债券A,1528002,8.790,8.3127316215398578
260,002550.OF,嘉实稳荣债券,1520012,9.040,8.2800951260289360
261,003847.OF,华安鼎丰债券发起式A,101558012,8.410,6.8168188622358061
262,000205.OF,易方达投资级信用债债券A,101576002,8.130,8.2082594327993471
263,002970.OF,博时裕昂纯债债券,101558014,7.760,7.9600538340015451
264,004027.OF,广发景源纯债A,101554029,3.800,3.7268079655619557
265,003445.OF,中加丰享纯债债券,091501001,7.740,7.8983799925204779
266,004910.OF,中加颐享纯债债券A,091501001,6.250,5.2388129735072898
267,003285.OF,国寿安保安康纯债债券,091501002,2.480,2.3281567635672719
268,003590.OF,建信睿富纯债债券,091501002,9.750,9.9379478238944756
269,001961.OF,博时裕荣纯债债券,101565005,8.580,8.8132463585916911
270,004238.OF,永赢瑞益债券A,101554035,2.950,2.1705841689689533
271,000252.OF,景顺长城景兴信用纯债债券A,101561011,6.200,5.7297044098198656
272,460008.OF,华泰柏瑞稳健收益债券A,101561011,7.130,8.7094082868478400
273,003847.OF,华安鼎丰债券发起式A,101554038,8.410,6.8107014657097195
274,161115.SZ,易方达岁丰添利债券A,101559028,8.270,6.5096290770423908
275,001960.OF,兴银瑞益,130186,8.580,7.1884362243447269
276,002927.OF,长盛盛和纯债A,122377,6.050,5.6146196114044822
277,003102.OF,长盛盛裕纯债A,122377,5.950,5.8121424640967386
278,002466.OF,博时裕新纯债,150312,5.330,5.4496701859125824
279,485105.OF,工银增强收益债券A,132002,2.180,1.7734802577488580
280,002143.OF,博时裕坤3个月定开债发起式,1520024,5.810,6.0826136043473590
281,002198.OF,博时裕达纯债,101551034,9.240,9.4825766296940278
282,002970.OF,博时裕昂纯债债券,1580166,7.980,8.1825947011814430
283,161019.SZ,富国新天锋债券(LOF)A,110031,0.100,0.07668364436656441041
284,002985.OF,中银季季红定期开放债券,110031,0.310,0.31860628895174401846
285,164703.SZ,汇添富纯债(LOF),110031,1.910,1.8583306963330805
286,003847.OF,华安鼎丰债券发起式A,101560029,8.410,6.8107014657097195
287,000265.OF,易方达恒久1年定期债券A,101554044,5.200,3.4000610177097359
288,003313.OF,中银睿享定期开放债券,1528004,4.150,4.1717370998507600
289,002198.OF,博时裕达纯债,101564026,6.650,6.8279252166605748
290,519776.OF,交银裕盈纯债债券A,101564026,5.890,4.5478953356086462
291,001960.OF,兴银瑞益,130264,8.150,6.8255177339605026
292,000295.OF,鹏华丰实定期开放债券A,122388,7.030,5.8545324068127985
293,003662.OF,鹏华永盛定期开放债券,122388,8.310,6.9697823395179460
294,002552.OF,华夏恒利3个月定开债券,122366,9.660,7.5831394663484715
295,000914.OF,中加纯债债券,101554045,9.630,7.7657222375815058
296,000137.OF,民生加银岁岁增利债券A,122392,6.990,5.0875050301588734
297,004127.OF,鹏华丰康债券A,122394,7.790,6.4670089390609920
298,001246.OF,兴银长乐定开债,101560037,3.040,3.2292704814027699
299,002994.OF,招商招裕纯债A,101561014,9.590,9.8711020420358032
300,000183.OF,嘉实丰益策略定期债券,101554047,9.160,11.3869162879380564
301,002109.OF,博时裕丰3个月定开债发起式,150418,14.070,12.9657425637413381
302,003056.OF,嘉实稳泽纯债债券A,150418,24.430,18.2899814140403964
303,004614.OF,鹏扬利泽债券A,101561015,5.040,5.6068912977176962
304,003651.OF,博时丰达6个月定开债发起式,101559035,7.450,5.8239727650125929
305,004027.OF,广发景源纯债A,101559035,1.890,1.8556461067356874
306,002603.OF,工银瑞信瑞丰半年定期开放纯债债券,122402,9.520,5.6126895073618388
307,004859.OF,泰康年年红纯债一年债券,122406,3.750,2.3311555214596294
308,003605.OF,景顺长城景泰汇利定期开放债券A,122399,7.710,5.8161557514316610
309,004127.OF,鹏华丰康债券A,122399,6.810,5.6552123303495276
310,002354.OF,博时裕腾纯债,122407,8.710,6.8184082841981242
311,000254.OF,长城定期开放债券A,122410,4.380,3.1251146204335928
312,004322.OF,创金尊隆纯债A,112262,7.280,5.8729939389604132
313,004821.OF,国寿安保安吉纯债半年定开债券发起式,101552026,3.300,2.3776427531797145
314,002483.OF,富国泰利定期开放债券发起式,122431,4.760,3.4545435924283523
315,000183.OF,嘉实丰益策略定期债券,112264,9.560,11.8855504479606847
316,002354.OF,博时裕腾纯债,101556032,8.610,6.7427856877813271
317,000345.OF,鹏华丰融定期开放债券,122434,8.560,6.0789907968646866
318,003809.OF,招商招顺纯债A,122436,9.050,9.2699464583516194
319,003662.OF,鹏华永盛定期开放债券,112273,8.270,6.9382638785312806
320,003847.OF,华安鼎丰债券发起式A,101575013,8.420,6.8249753909372549
321,000469.OF,富国目标齐利一年期纯债债券,122444,3.990,2.7920381200520577
322,000516.OF,富国祥利一年期定期开放债券型A,122444,5.240,3.8271587754609202
323,003454.OF,招商招通纯债A,122446,8.830,9.5937446421100730
324,003662.OF,鹏华永盛定期开放债券,122449,8.290,6.9564745448791317
325,002354.OF,博时裕腾纯债,122450,7.440,5.8260826813470620
326,519330.OF,浦银安盛盛跃纯债债券A,1520053,4.960,4.6934087127514748
327,161117.SZ,易方达永旭定期开放债券,101551067,3.440,2.5192055693248742
328,004499.OF,鹏华丰瑞债券,101551067,9.170,7.4084608715517026
329,161115.SZ,易方达岁丰添利债券A,122456,12.290,9.6820846172999712
330,002970.OF,博时裕昂纯债债券,1589225,1.630,1.6676103899108808
331,000265.OF,易方达恒久1年定期债券A,122465,6.690,4.3750305529438886
332,000346.OF,建信安心回报6个月定期开放债券A,122465,8.010,6.2763515200054378
333,460008.OF,华泰柏瑞稳健收益债券A,019522,24.900,30.4246022816443919
334,001578.OF,博时裕瑞纯债债券,150220,9.860,10.9829334826513127
335,002638.OF,兴业天融债券,150220,8.640,9.0635939136126156
336,002994.OF,招商招裕纯债A,150220,9.430,9.7074371419389833
337,004859.OF,泰康年年红纯债一年债券,101560056,4.160,2.5870470902763296
338,000116.OF,嘉实丰益纯债定期债券,101553029,3.030,2.7197950943434702
339,000147.OF,易方达高等级信用债债券A,122468,7.260,5.7760548580521125
340,002638.OF,兴业天融债券,123830,1.220,1.2776807248699473
341,002140.OF,博时裕诚纯债债券,112285,5.620,5.7992112813130443
342,519718.OF,交银纯债债券A/B,123934,0.840,0.71654273561459891980
343,519680.OF,交银增利债券A/B,123934,1.170,0.96464676187094021793
344,519718.OF,交银纯债债券A/B,123935,1.050,0.89567841951824864975
345,519680.OF,交银增利债券A/B,123935,1.170,0.96464676187094021793
346,004503.OF,鹏华永泰定期开放债券,122497,9.410,6.3858310850577846
347,000137.OF,民生加银岁岁增利债券A,122498,7.870,5.7274632499739496
348,003949.OF,兴全稳泰债券A,1522007,6.140,6.6403804741593140
349,003285.OF,国寿安保安康纯债债券,1520065,2.450,2.2966247014945176
350,003162.OF,博时富宁纯债债券,150223,10.850,9.9970538439962778
351,161019.SZ,富国新天锋债券(LOF)A,132003,1.140,0.89024422410100043018
352,485105.OF,工银增强收益债券A,132003,0.360,0.29242426530060037049
353,002552.OF,华夏恒利3个月定开债券,1589279,4.880,3.8287581352794966
354,004140.OF,兴业福鑫债券,136015,4.740,3.7342191213823855
355,000254.OF,长城定期开放债券A,136021,5.070,3.6172072074399987
356,000207.OF,建信双债增强A,132004,4.970,5.2324498893889446
357,485105.OF,工银增强收益债券A,132004,2.620,2.1280692731439640
358,002600.OF,易方达裕景添利6个月定期开放债券,132004,0.850,0.59883496305140604090
359,001578.OF,博时裕瑞纯债债券,1580253,6.500,7.2418731393274534
360,002524.OF,兴业福益债券,1580253,8.860,9.2427994014863282
361,004503.OF,鹏华永泰定期开放债券,136029,9.440,6.4065748262740925
362,000137.OF,民生加银岁岁增利债券A,112291,8.280,6.0196995568651062
363,002638.OF,兴业天融债券,150315,7.700,8.0817573737860910
364,519322.OF,浦银安盛盛元定开债券A,1589305,0.240,0.27842460491750117712
365,004503.OF,鹏华永泰定期开放债券,101551094,9.420,6.3903687784488520
366,004141.OF,兴业瑞丰6个月定开债券,136047,3.230,3.2428593123098137
367,004042.OF,华夏鼎茂债券A,136046,5.610,4.5764070006358276
368,004503.OF,鹏华永泰定期开放债券,136046,9.400,6.3787004240146788
369,000355.OF,南方丰元信用增强债券A,136081,9.040,6.9592994149305819
370,004503.OF,鹏华永泰定期开放债券,136057,9.460,6.4201879064472946
371,003280.OF,鹏华丰恒债券,127313,8.650,7.8137450337882542
372,519784.OF,交银境尚收益债券A,101558055,6.620,3.5321478449853245
373,161019.SZ,富国新天锋债券(LOF)A,132005,9.490,7.3897753432423950
374,485105.OF,工银增强收益债券A,132005,4.260,3.4601199812540501
375,164703.SZ,汇添富纯债(LOF),132005,2.070,2.0184731504086695
376,003428.OF,中加丰盈一年定期开放债券型发起式,101569037,9.450,7.3620214501051770
377,002868.OF,鹏华丰茂债券,136085,8.580,6.8305077067052907
378,003102.OF,长盛盛裕纯债A,136085,8.650,8.4456190764075158
379,003983.OF,鹏华丰惠债券,101558059,5.240,4.1630455367007805
380,003268.OF,博时悦楚纯债债券A,1528010,3.770,3.8485425268086102
381,161117.SZ,易方达永旭定期开放债券,136101,4.070,2.9786522024098736
382,000139.OF,富国国有企业债债券A/B,136108,6.890,5.3053407048404386
383,002625.OF,博时安怡6个月定开债,123001,0.090,0.06788140416193768886
384,000205.OF,易方达投资级信用债债券A,136128,5.310,5.3558134823576453
385,485107.OF,工银添利债券A,150319,11.600,8.9295424268190045
386,000116.OF,嘉实丰益纯债定期债券,160402,5.470,4.9186106035364577
387,002143.OF,博时裕坤3个月定开债发起式,160402,19.000,19.8862081616354891
388,003730.OF,博时富华纯债债券,160405,22.290,17.8751008852278405
389,000295.OF,鹏华丰实定期开放债券A,110032,4.640,3.8616507522058969
390,000207.OF,建信双债增强A,110032,3.690,3.8820781844849957
391,161019.SZ,富国新天锋债券(LOF)A,110032,1.350,1.05028229692870708355
392,485105.OF,工银增强收益债券A,110032,2.010,1.6311723545583537
393,161115.SZ,易方达岁丰添利债券A,110032,3.250,2.5621813766383526
394,161014.SZ,富国汇利回报定期开放债券,110032,0.490,0.39420777680147229956
395,002483.OF,富国泰利定期开放债券发起式,110032,0.120,0.08476190284829764337
396,002395.OF,鹏华丰尚定期开放债券A,110032,8.850,6.8848614060624310
397,003309.OF,兴业启元一年定开债券A,110032,1.320,1.4316184474869680
398,004503.OF,鹏华永泰定期开放债券,110032,0.580,0.39322354443163659957
399,000207.OF,建信双债增强A,110033,5.260,5.5371243945031712
400,650001.OF,英大纯债债券A,110033,1.770,1.9377706101536939
401,003209.OF,鹏华丰达债券,127382,5.950,6.1971742456830936
402,002140.OF,博时裕诚纯债债券,127365,5.640,5.8198923368578988
403,000355.OF,南方丰元信用增强债券A,136140,9.070,6.9817148753860546
404,003280.OF,鹏华丰恒债券,1680028,8.560,7.7313675667653702
405,003290.OF,长城久稳债券A,160203,4.850,5.1136010925569557
406,003605.OF,景顺长城景泰汇利定期开放债券A,136151,3.860,2.9130475431798868
407,000295.OF,鹏华丰实定期开放债券A,110034,0.310,0.25724407090290704433
408,000207.OF,建信双债增强A,110034,2.640,2.7815301815618316
409,161019.SZ,富国新天锋债券(LOF)A,110034,2.220,1.7289757920604898
410,519680.OF,交银增利债券A/B,110034,0.590,0.48926729418612188503
411,002483.OF,富国泰利定期开放债券发起式,110034,0.830,0.60187945346470475390
412,002991.OF,嘉实稳鑫纯债债券,101658004,4.470,4.8588254619668158
413,002603.OF,工银瑞信瑞丰半年定期开放纯债债券,136168,8.980,5.2924062667802064
414,002927.OF,长盛盛和纯债A,136155,5.810,5.3906974537413876
415,000205.OF,易方达投资级信用债债券A,136178,5.320,5.3722021405043945
416,160128.SZ,南方金利定开债券A,136176,4.040,2.4224731285983387
417,002169.OF,永赢稳益债券,136184,6.270,6.7193664080277052
418,004141.OF,兴业瑞丰6个月定开债券,136175,3.190,3.2009441359010834
419,000207.OF,建信双债增强A,113009,9.870,10.3855074618217743
420,161014.SZ,富国汇利回报定期开放债券,113009,0.180,0.14674805149047185341
421,000207.OF,建信双债增强A,128010,0.040,0.04317326205192547616
422,004334.OF,博时广利3个月定开债发起式,101666003,5.570,5.7484333425418381
423,001369.OF,兴业稳固收益两年理财债券,101651005,7.850,8.1340710019881805
424,002568.OF,博时裕发纯债债券,101651005,8.740,6.4323200518199055
425,001961.OF,博时裕荣纯债债券,116132,0.330,0.34245555994495771879
426,002524.OF,兴业福益债券,116132,3.990,4.1679814903665303
427,002994.OF,招商招裕纯债A,116132,6.750,6.9509818596785762
428,002904.OF,博时安仁一年定开债发起式A,112336,7.700,7.9543230150766194
429,650001.OF,英大纯债债券A,160206,7.240,7.9478283010588405
430,004030.OF,嘉实丰安6个月定期债券,160206,11.340,10.7918733715788968
431,002336.OF,创金合信尊享纯债债券A,160207,8.350,6.7065624127338732
432,003209.OF,鹏华丰达债券,160207,12.910,13.4397601707753092
433,003209.OF,鹏华丰达债券,101659010,5.980,6.2253283389281409
434,485107.OF,工银添利债券A,160410,10.440,8.0383052987265552
435,650001.OF,英大纯债债券A,160208,7.470,8.2002601168886085
436,002175.OF,博时裕乾纯债A,160208,15.220,16.4352642917149485
437,002994.OF,招商招裕纯债A,160208,9.540,9.8178858475257943
438,519322.OF,浦银安盛盛元定开债券A,160208,3.830,4.5305970825151049
439,003258.OF,博时富祥纯债债券A,160208,14.740,15.2534255728614447
440,004031.OF,鑫元添利三个月定期开放债券,160208,57.520,70.7236187810338031
441,004555.OF,南方和元A,160208,29.050,23.2678999127111406
442,519332.OF,浦银安盛盛达纯债债券A,1628003,8.240,8.4202038088648086
443,000914.OF,中加纯债债券,101662022,9.500,7.6625283879349447
444,003673.OF,中加丰裕纯债债券A,101660013,6.420,6.5496698982735217
445,002927.OF,长盛盛和纯债A,136260,5.820,5.4038357436042733
446,002868.OF,鹏华丰茂债券,136260,7.010,5.5791415381456244
447,003809.OF,招商招顺纯债A,136260,8.870,9.0817826735714913
448,003280.OF,鹏华丰恒债券,139029,8.850,7.9914219234454548
449,161014.SZ,富国汇利回报定期开放债券,127400,5.900,4.7554372435656894
450,003428.OF,中加丰盈一年定期开放债券型发起式,1620013,9.350,7.2832037272780738
451,002548.OF,嘉实稳瑞纯债债券,1622003,6.150,7.0008905079462081
452,002991.OF,嘉实稳鑫纯债债券,1622003,9.170,9.9622925067883275
453,002994.OF,招商招裕纯债A,061607004,9.270,9.5487926375506549
454,000402.OF,工银纯债债券A,136270,3.140,2.6204338786756216
455,160128.SZ,南方金利定开债券A,136276,4.090,2.4534143741661056
456,003309.OF,兴业启元一年定开债券A,136276,8.520,9.2071049906629732
457,002603.OF,工银瑞信瑞丰半年定期开放纯债债券,136286,9.000,5.3076402720257358
458,161019.SZ,富国新天锋债券(LOF)A,112348,4.610,3.5875754923799678
459,003309.OF,兴业启元一年定开债券A,127418,8.330,9.0041389727205412
460,002268.OF,兴业丰利债券,1605049,8.600,8.8884963111708754
461,161019.SZ,富国新天锋债券(LOF)A,1680146,4.520,3.5246734073016696
462,002445.OF,兴业丰泰债券,1605052,6.260,5.8015850621835513
463,519784.OF,交银境尚收益债券A,136304,7.640,4.0752518727081264
464,000207.OF,建信双债增强A,113010,0.000,0.00132091511961279553
465,002985.OF,中银季季红定期开放债券,113010,0.060,0.06474489482459674976
466,002927.OF,长盛盛和纯债A,1680133,9.080,8.4272926320507515
467,002868.OF,鹏华丰茂债券,1680133,6.390,5.0848143713024315
468,003209.OF,鹏华丰达债券,1680133,5.970,6.2096144264192773
469,519782.OF,交银裕隆纯债债券A,101658015,7.210,5.6631002866748971
470,002750.OF,工银泰享三年理财债券,130856,8.620,5.9248244831740789
471,002268.OF,兴业丰利债券,1605042,9.560,9.8781701222956041
472,002600.OF,易方达裕景添利6个月定期开放债券,1680140,4.440,3.1356572815129522
473,002755.OF,博时裕盛纯债,116256,9.440,10.2081932813827731
474,003290.OF,长城久稳债券A,101654028,9.590,10.1133941688910961
475,003607.OF,博时富益纯债债券,136344,5.170,4.4939094409878552
476,002904.OF,博时安仁一年定开债发起式A,136201,7.890,8.1570754201858152
477,002268.OF,兴业丰利债券,130865,8.950,9.2486327724381938
478,003673.OF,中加丰裕纯债债券A,101654033,7.660,7.8121484308201856
479,002927.OF,长盛盛和纯债A,160210,6.020,5.5859946417032193
480,003102.OF,长盛盛裕纯债A,160210,5.980,5.8343715456407022
481,002750.OF,工银泰享三年理财债券,130887,9.960,6.8492258880991917
482,002750.OF,工银泰享三年理财债券,130895,7.120,4.8945385356806796
483,004555.OF,南方和元A,160412,9.650,7.7289976392396998
484,001819.OF,兴全稳益定开债券,101660033,2.890,2.9542291205660722
485,002754.OF,博时裕创纯债,101683003,3.620,3.0422907346122448
486,002438.OF,创金合信尊盛纯债债券,101683003,3.650,3.2091014109109702
487,000546.OF,兴业定开债券A,127420,4.830,4.4831257184099682
488,003268.OF,博时悦楚纯债债券A,1628009,6.640,6.7756030401560039
489,002445.OF,兴业丰泰债券,130909,6.420,5.9455012920074472
490,002169.OF,永赢稳益债券,136372,6.270,6.7159124312578750
491,002625.OF,博时安怡6个月定开债,127425,9.460,7.5461701008080394
492,002445.OF,兴业丰泰债券,1605101,5.510,5.1095689958253805
493,000469.OF,富国目标齐利一年期纯债债券,136370,3.370,2.3618127425713516
494,002625.OF,博时安怡6个月定开债,127426,9.620,7.6756014990431799
495,002336.OF,创金合信尊享纯债债券A,1689080,0.500,0.40282044121753700084
496,485105.OF,工银增强收益债券A,120001,1.170,0.95108340572641227853
497,002625.OF,博时安怡6个月定开债,120001,0.770,0.61764733546222920611
498,002377.OF,建信睿怡纯债A,120001,0.010,0.01200636599865532757
499,519322.OF,浦银安盛盛元定开债券A,1689083,0.030,0.04100612004526352833
500,000552.OF,中加纯债一年A,136386,9.410,5.8270988667773013
501,002550.OF,嘉实稳荣债券,160415,20.540,18.8090134616239389
502,003155.OF,中加丰尚纯债债券A,160415,9.720,10.1471101968885424
503,002143.OF,博时裕坤3个月定开债发起式,160416,44.320,46.3891259270670123
504,003290.OF,长城久稳债券A,160416,37.430,39.4644815527551886
505,002336.OF,创金合信尊享纯债债券A,160417,34.590,27.7831890533370567
506,000402.OF,工银纯债债券A,019536,7.670,6.3997912471497851
507,519322.OF,浦银安盛盛元定开债券A,1689087,1.630,1.9333111399871421
508,000207.OF,建信双债增强A,128012,5.610,5.9008237792610626
509,002625.OF,博时安怡6个月定开债,136383,9.470,7.5589534487818804
510,002445.OF,兴业丰泰债券,130937,8.400,7.7864550335662847
511,001545.OF,博时裕嘉3个月定开债发起式,101653022,5.680,5.9197369044083147
512,002929.OF,博时聚盈纯债债券,101653023,9.350,9.4857368616024230
513,002755.OF,博时裕盛纯债,1621015,9.090,9.8327945477414360
514,519225.OF,海富通集利债券,019540,17.530,18.4803448796755714
515,001369.OF,兴业稳固收益两年理财债券,1605197,5.210,5.4019695439243966
516,000546.OF,兴业定开债券A,1680244,4.820,4.4719412051831658
517,002552.OF,华夏恒利3个月定开债券,136436,9.600,7.5362136719838986
518,003155.OF,中加丰尚纯债债券A,101673008,5.700,5.9457129391008721
519,003289.OF,创金合信尊泰纯债,160306,30.340,32.8290922507523262
520,002483.OF,富国泰利定期开放债券发起式,136396,4.660,3.3857251994959642
521,002552.OF,华夏恒利3个月定开债券,136455,7.650,6.0073373531278664
522,003280.OF,鹏华丰恒债券,136455,8.690,7.8492804117196943
523,002445.OF,兴业丰泰债券,140057,5.840,5.4088654384907260
524,002268.OF,兴业丰利债券,1605253,7.280,7.5270088368381028
525,161019.SZ,富国新天锋债券(LOF)A,136469,4.490,3.4951992874364099
526,002169.OF,永赢稳益债券,136469,6.270,6.7172940219658070
527,003671.OF,兴业裕恒债券,136469,6.430,6.3768738556901380
528,519784.OF,交银境尚收益债券A,101655011,8.760,4.6741599886479906
529,161014.SZ,富国汇利回报定期开放债券,127003,0.170,0.13516664895582164812
530,003809.OF,招商招顺纯债A,136480,6.660,6.8196343149302203
531,001299.OF,兴业添利债券,061608001,2.580,2.6573786916171063
532,002754.OF,博时裕创纯债,1689129,1.790,1.5023081203363121
533,002438.OF,创金合信尊盛纯债债券,1689129,1.800,1.5846806006227195
534,003102.OF,长盛盛裕纯债A,101652025,5.670,5.5355265629370517
535,002336.OF,创金合信尊享纯债债券A,1620027,6.460,5.1901144931583357
536,002781.OF,博时聚瑞6个月定开债发起式,131799,0.970,0.92035732882633514870
537,485105.OF,工银增强收益债券A,132006,0.560,0.45468004419221544709
538,002625.OF,博时安怡6个月定开债,132006,0.620,0.49859403436291164835
539,002377.OF,建信睿怡纯债A,132006,0.310,0.25598995325364393262
540,002483.OF,富国泰利定期开放债券发起式,136503,5.580,4.0532286777457464
541,002755.OF,博时裕盛纯债,131837,9.290,10.0439563354146881
542,002336.OF,创金合信尊享纯债债券A,131708,0.650,0.51968723820161965931
543,004127.OF,鹏华丰康债券A,136513,7.750,6.4324782646936504
544,002904.OF,博时安仁一年定开债发起式A,136523,7.410,7.6559637847939817
545,519784.OF,交银境尚收益债券A,136141,6.540,3.4927145492430749
546,002548.OF,嘉实稳瑞纯债债券,136546,5.230,5.9465481225025057
547,003452.OF,招商招盛纯债A,1628013,6.450,6.5523245651182781
548,003209.OF,鹏华丰达债券,127446,5.950,6.1958647529740216
549,004122.OF,兴银长益三个月定开债,101652030,4.680,4.2638667164324469
550,002169.OF,永赢稳益债券,136558,6.230,6.6751555053738784
551,003671.OF,兴业裕恒债券,136558,7.300,7.2421381051341369
552,000943.OF,工银中高等级信用债债券A,136559,5.650,4.9307308446182888
553,004140.OF,兴业福鑫债券,1622009,8.770,6.9147915182120232
554,002548.OF,嘉实稳瑞纯债债券,101659044,6.100,6.9359749754188895
555,003289.OF,创金合信尊泰纯债,160421,7.160,7.7439768611322035
556,002268.OF,兴业丰利债券,140196,7.790,8.0527304973567673
557,002336.OF,创金合信尊享纯债债券A,131848,1.570,1.2573024294889696
558,000516.OF,富国祥利一年期定期开放债券型A,136588,5.400,3.9436275946760070
559,004438.OF,鹏华永安定期开放债券,112419,7.780,5.1209244188167057
560,000346.OF,建信安心回报6个月定期开放债券A,128013,0.000,0.000029256060108646385092
561,002781.OF,博时聚瑞6个月定开债发起式,101652031,7.360,6.9652702433304455
562,002625.OF,博时安怡6个月定开债,101652031,9.330,7.4463001947624062
563,002985.OF,中银季季红定期开放债券,136607,2.890,3.0146101096330253
564,002377.OF,建信睿怡纯债A,101654068,4.140,3.4085596471113446
565,000111.OF,易方达纯债1年定期开放债券A,112425,4.540,3.3388704354080710
566,002600.OF,易方达裕景添利6个月定期开放债券,112425,4.440,3.1327615636096761
567,002638.OF,兴业天融债券,1620038,6.250,6.5585400710043837
568,003155.OF,中加丰尚纯债债券A,160309,28.880,30.1463319909484159
569,002552.OF,华夏恒利3个月定开债券,136629,8.560,6.7200094354569568
570,003454.OF,招商招通纯债A,019547,7.930,8.6115957099059261
571,002904.OF,博时安仁一年定开债发起式A,1622015,7.800,8.0556992176312173
572,485107.OF,工银添利债券A,160213,6.410,4.9355657745198946
573,003703.OF,博时富鑫纯债债券A,160213,34.410,36.8973692162980051
574,519718.OF,交银纯债债券A/B,116239,0.420,0.35827136780729945990
575,519680.OF,交银增利债券A/B,116239,0.880,0.72348507140320516345
576,003162.OF,博时富宁纯债债券,1620042,6.430,5.9297917814228735
577,001961.OF,博时裕荣纯债债券,131874,1.870,1.9160533000623303
578,001246.OF,兴银长乐定开债,131874,0.340,0.35639834976910050448
579,002524.OF,兴业福益债券,131874,5.440,5.6741638703086998
580,001246.OF,兴银长乐定开债,131875,0.350,0.37331842130812959046
581,001299.OF,兴业添利债券,142151,0.150,0.15108863987290173062
582,001246.OF,兴银长乐定开债,142151,0.970,1.0268206782141931
583,002466.OF,博时裕新纯债,142151,0.820,0.84357015468297243891
584,002377.OF,建信睿怡纯债A,101654080,6.710,5.5284657210525999
585,003260.OF,博时利发纯债债券A,136693,6.930,7.0654066809636366
586,003428.OF,中加丰盈一年定期开放债券型发起式,1689198,0.060,0.04780050575767714186
587,003428.OF,中加丰盈一年定期开放债券型发起式,101684001,9.320,7.2623839514369522
588,003268.OF,博时悦楚纯债债券A,136721,7.040,7.1868721805713555
589,000516.OF,富国祥利一年期定期开放债券型A,136718,5.540,4.0493243940634792
590,003280.OF,鹏华丰恒债券,136725,8.610,7.7717486780510976
591,000191.OF,富国信用债债券A/B,136664,3.910,4.0307371721314541
592,002552.OF,华夏恒利3个月定开债券,142371,3.940,3.0905120656075040
593,004141.OF,兴业瑞丰6个月定开债券,1680404,2.400,2.4067170354187829
594,003260.OF,博时利发纯债债券A,112456,7.120,7.2601474570699560
595,001819.OF,兴全稳益定开债券,127461,2.750,2.8102345963617422
596,000943.OF,工银中高等级信用债债券A,1680417,5.580,4.8769698028063096
597,000147.OF,易方达高等级信用债债券A,112457,10.100,8.0315843155689634
598,001578.OF,博时裕瑞纯债债券,160215,50.770,56.5629795972812010
599,002524.OF,兴业福益债券,160215,43.230,45.1195657454400408
600,003285.OF,国寿安保安康纯债债券,160215,2.580,2.4243698570286640
601,003258.OF,博时富祥纯债债券A,160215,14.540,15.0490689815293881
602,003651.OF,博时丰达6个月定开债发起式,160215,7.330,5.7289553649512067
603,002754.OF,博时裕创纯债,1689224,1.330,1.1201079142176487
604,003260.OF,博时利发纯债债券A,136768,6.560,6.6875185886699122
605,003260.OF,博时利发纯债债券A,136779,7.020,7.1629971980025985
606,004334.OF,博时广利3个月定开债发起式,101654094,5.410,5.5820986667054393
607,000252.OF,景顺长城景兴信用纯债债券A,136797,8.300,7.6672574595220386
608,001819.OF,兴全稳益定开债券,1628017,4.130,4.2245710561532563
609,004920.OF,富国泓利纯债债券型发起式A,112470,3.090,2.3245835630692293
610,002524.OF,兴业福益债券,160312,9.300,9.7116483495247052
611,485105.OF,工银增强收益债券A,132007,5.370,4.3665123506287248
612,000546.OF,兴业定开债券A,132007,0.910,0.84815891969918316800
613,002600.OF,易方达裕景添利6个月定期开放债券,132007,0.220,0.15611006930220197962
614,002377.OF,建信睿怡纯债A,132007,0.150,0.12640573787745150914
615,003809.OF,招商招顺纯债A,101678005,8.870,9.0798626349512859
616,002868.OF,鹏华丰茂债券,101654100,6.240,4.9684705587156930
617,519330.OF,浦银安盛盛跃纯债债券A,1689242,0.860,0.81540235970352442898
618,003102.OF,长盛盛裕纯债A,136819,5.980,5.8403378385518221
619,000254.OF,长城定期开放债券A,136826,5.160,3.6766187209060648
620,000469.OF,富国目标齐利一年期纯债债券,136835,4.610,3.2328100640970998
621,003155.OF,中加丰尚纯债债券A,1620061,4.090,4.2662579174525977
622,003329.OF,万家鑫安纯债A,1689273,1.120,1.0291534946856598
623,002552.OF,华夏恒利3个月定开债券,142297,0.300,0.23552792451994788281
624,001299.OF,兴业添利债券,136837,1.930,1.9850150022339480
625,000254.OF,长城定期开放债券A,136855,4.490,3.1993846501312678
626,519782.OF,交银裕隆纯债债券A,101652045,7.090,5.5680779368677881
627,002336.OF,创金合信尊享纯债债券A,1689280,1.100,0.87964255794470818207
628,004230.OF,永赢添益债券,1689280,0.790,0.73796605777829110020
629,001369.OF,兴业稳固收益两年理财债券,1689281,1.830,1.8923057171058033
630,001369.OF,兴业稳固收益两年理财债券,1689292,1.580,1.6328033543997191
631,003452.OF,招商招盛纯债A,1689292,0.260,0.26917344991449233314
632,001299.OF,兴业添利债券,142392,0.560,0.58027595740605626153
633,003258.OF,博时富祥纯债债券A,136861,8.900,9.2089943939735085
634,161014.SZ,富国汇利回报定期开放债券,136864,4.540,3.6575639898114003
635,002904.OF,博时安仁一年定开债发起式A,142400,5.480,5.6640862439498806
636,002904.OF,博时安仁一年定开债发起式A,142401,3.880,4.0080688863659310
637,004230.OF,永赢添益债券,160218,9.540,8.9183783769853923
638,003983.OF,鹏华丰惠债券,136872,6.380,5.0636495030456947
639,001299.OF,兴业添利债券,1622025,1.970,2.0296336323856744
640,003313.OF,中银睿享定期开放债券,142435,0.110,0.10862434323834722068
641,002336.OF,创金合信尊享纯债债券A,1689331,0.930,0.74392627757609606255
642,519762.OF,交银裕通纯债债券A,170401,4.980,4.3121633257349605
643,004052.OF,华夏鼎智债券A,170401,4.730,4.3823660393369732
644,004140.OF,兴业福鑫债券,170401,4.760,3.7484661421266155
645,003869.OF,长信稳势纯债债券,170401,2.960,28.8536323167608205
646,003929.OF,中银证券安进债券A,170402,2.850,3.1438634658570069
647,003832.OF,中银丰润定期开放债券,170402,5.890,6.3230570274505986
648,003651.OF,博时丰达6个月定开债发起式,170402,8.980,7.0198792653904746
649,002143.OF,博时裕坤3个月定开债发起式,170403,11.140,11.6568732175686166
650,160515.SZ,博时安丰18个月定开债A,170405,3.910,3.3409622814654914
651,003223.OF,广发景丰纯债,170405,11.490,11.7165497029008653
652,004722.OF,中银丰和定期开放债券,170405,7.670,7.8769482941216175
653,519328.OF,浦银安盛盛泰纯债债券A,170201,18.270,19.1167218039008748
654,002549.OF,嘉实稳祥纯债债券A,041753001,5.090,4.5468125992984947
655,004334.OF,博时广利3个月定开债发起式,041772001,5.680,5.8647512976721869
656,675041.OF,西部利得合享A,142588,5.500,6.5430576989099581
657,003673.OF,中加丰裕纯债债券A,111714012,5.460,5.5718558652614400
658,001369.OF,兴业稳固收益两年理财债券,1789010,1.410,1.4629956008244041
659,002143.OF,博时裕坤3个月定开债发起式,170203,7.740,8.1020437533064292
660,002568.OF,博时裕发纯债债券,170203,4.930,3.6283374132310684
661,003290.OF,长城久稳债券A,170203,4.900,5.1694704823390651
662,003289.OF,创金合信尊泰纯债,170203,6.080,6.5839039262613302
663,004366.OF,博时汇享纯债债券A,170203,39.730,47.6092922209094028
664,004307.OF,博时富元纯债债券,170203,6.720,6.8692630909492422
665,004027.OF,广发景源纯债A,170203,3.060,2.9969819922714809
666,003640.OF,兴业裕丰债券,170203,5.960,5.4972086707698458
667,003869.OF,长信稳势纯债债券,170203,1.480,14.4196013073310102
668,003193.OF,创金合信尊智纯债A,041758002,10.060,13.3927206248961276
669,001369.OF,兴业稳固收益两年理财债券,1789013,0.860,0.89078691828938928563
670,003329.OF,万家鑫安纯债A,1789013,1.340,1.2263311431964615
671,003640.OF,兴业裕丰债券,111790431,4.770,4.4040564812106732
672,675041.OF,西部利得合享A,142593,4.190,4.9846879004010364
673,160515.SZ,博时安丰18个月定开债A,142676,0.520,0.44536220640385168669
674,004141.OF,兴业瑞丰6个月定开债券,142676,0.980,0.98080934137770838494
675,002832.OF,工银恒享纯债债券A,019557,10.750,10.9789906779840274
676,004366.OF,博时汇享纯债债券A,019557,3.970,4.7575942371460152
677,000402.OF,工银纯债债券A,019559,3.110,2.5902345343795939
678,001299.OF,兴业添利债券,011761009,2.000,2.0536906818223195
679,003329.OF,万家鑫安纯债A,136895,2.070,1.8907445747611128
680,004322.OF,创金尊隆纯债A,041760005,9.730,7.8503434987679329
681,160128.SZ,南方金利定开债券A,136898,4.130,2.4752996454213554
682,003847.OF,华安鼎丰债券发起式A,041760006,8.450,6.8419681590652731
683,002781.OF,博时聚瑞6个月定开债发起式,111719037,15.110,14.2952456238653177
684,003162.OF,博时富宁纯债债券,170302,16.330,15.0533518438359135
685,003929.OF,中银证券安进债券A,170302,3.100,3.4180594431659215
686,003162.OF,博时富宁纯债债券,142720,1.660,1.5322161698190126
687,519324.OF,浦银安盛盛鑫定开债券A,041771001,8.790,6.5213731271419384
688,001369.OF,兴业稳固收益两年理财债券,1789036,3.460,3.5827309275093367
689,002175.OF,博时裕乾纯债A,041756002,7.820,8.4462265356788317
690,519776.OF,交银裕盈纯债债券A,101761002,7.790,6.0092529389457717
691,003329.OF,万家鑫安纯债A,1789033,0.270,0.24791302987755802163
692,003285.OF,国寿安保安康纯债债券,1789033,0.320,0.29995763108608068935
693,519330.OF,浦银安盛盛跃纯债债券A,101754011,7.450,7.0464944788988050
694,000295.OF,鹏华丰实定期开放债券A,1789045,1.120,0.93545437914102598225
695,004122.OF,兴银长益三个月定开债,1789046,1.980,1.8077197855877252
696,003315.OF,景顺长城政策性金融债A,011754026,9.450,11.8597102985505574
697,003188.OF,博时聚源纯债债券A,011754026,4.910,5.9581708462864149
698,004200.OF,博时富瑞纯债债券A,011754026,4.930,5.3473861621505589
699,002578.OF,博时裕泉纯债债券,041755004,4.220,4.0122577675333004
700,004020.OF,广发景祥纯债,041755004,4.750,4.5268076965650141
701,002864.OF,广发安泽短债A,011755016,3.240,3.2496098359391015
702,003188.OF,博时聚源纯债债券A,011755016,4.910,5.9552107057626240
703,519782.OF,交银裕隆纯债债券A,101760007,7.340,5.7592814456259952
704,000252.OF,景顺长城景兴信用纯债债券A,170204,6.170,5.7017100418787775
705,001369.OF,兴业稳固收益两年理财债券,170204,6.880,7.1265659557753569
706,002341.OF,招商招瑞纯债债券发起式A,170204,12.870,12.9226067927850937
707,003327.OF,万家鑫璟纯债A,170204,7.990,7.4602222705201431
708,675041.OF,西部利得合享A,170204,3.930,4.6679998166477026
709,003703.OF,博时富鑫纯债债券A,170204,19.810,21.2386517925166738
710,003188.OF,博时聚源纯债债券A,170204,19.470,23.6337619419469081
711,004230.OF,永赢添益债券,170204,5.000,4.6761277819856160
712,002864.OF,广发安泽短债A,041760009,3.890,3.8972058074197182
713,002447.OF,博时裕安一年定开债发起式,041762006,6.150,6.3163890397730702
714,004136.OF,博时民泽纯债债券,011758018,4.420,4.4873884262404588
715,000205.OF,易方达投资级信用债债券A,011770001,5.400,5.4552380084479239
716,164703.SZ,汇添富纯债(LOF),011770001,6.380,6.2110665013115235
717,002140.OF,博时裕诚纯债债券,011770001,5.880,6.0741476667916992
718,002754.OF,博时裕创纯债,041753009,3.600,3.0248097694242608
719,002438.OF,创金合信尊盛纯债债券,041753009,3.630,3.1906619536261638
720,003445.OF,中加丰享纯债债券,1722010,6.510,6.6507791796131135
721,004140.OF,兴业福鑫债券,1722010,7.060,5.5647738262166724
722,004230.OF,永赢添益债券,1789048,1.850,1.7317603489197231
723,160618.SZ,鹏华丰泽债券(LOF),041762008,5.500,6.3215304129860667
724,004388.OF,鹏华丰享债券,041762008,4.930,5.3835216305942301
725,000606.OF,天弘优选债券,011769007,5.400,5.4755157496325322
726,000147.OF,易方达高等级信用债债券A,101761006,9.130,7.2616838232693821
727,000207.OF,建信双债增强A,113011,8.710,9.1625985950155417
728,161019.SZ,富国新天锋债券(LOF)A,113011,3.340,2.5994007373348985
729,485107.OF,工银添利债券A,113011,9.670,7.4440643022031299
730,485105.OF,工银增强收益债券A,113011,1.140,0.92381574593697643242
731,519225.OF,海富通集利债券,113011,2.300,2.4255452654574187
732,002985.OF,中银季季红定期开放债券,113011,0.420,0.43391926236712019346
733,003662.OF,鹏华永盛定期开放债券,113011,0.510,0.42642726689347939537
734,004503.OF,鹏华永泰定期开放债券,113011,0.800,0.54125606768651383973
735,002970.OF,博时裕昂纯债债券,142785,4.070,4.1724163085660077
736,002140.OF,博时裕诚纯债债券,111794128,9.360,9.6612970265913768
737,004544.OF,嘉实稳华纯债债券A,041762011,5.290,5.2365950376953339
738,519324.OF,浦银安盛盛鑫定开债券A,111714113,8.630,6.4045724144170081
739,001960.OF,兴银瑞益,111710141,8.730,7.3091636734786271
740,000346.OF,建信安心回报6个月定期开放债券A,113012,0.030,0.02385558465781675157
741,005024.OF,南方兴利半年定开债券发起,041754010,3.330,2.7840672631022528
742,004322.OF,创金尊隆纯债A,111794867,9.300,7.5086134006269817
743,003315.OF,景顺长城政策性金融债A,041753015,9.420,11.8267142842064184
744,000116.OF,嘉实丰益纯债定期债券,018005,3.250,2.9185165838260216
745,530021.OF,建信纯债A,018005,19.520,16.5369388472760146
746,160128.SZ,南方金利定开债券A,018005,3.400,2.0370338735206112
747,002698.OF,博时裕利纯债债券,018005,14.780,10.8454704767066893
748,004498.OF,鹏华丰源债券,018005,51.630,46.6941710760064285
749,004031.OF,鑫元添利三个月定期开放债券,018005,6.750,8.2970710237855001
750,004118.OF,博时裕鹏纯债债券,018005,24.280,29.8627086793509997
751,003039.OF,广发集富纯债A,018005,42.600,47.6875531183345271
752,004705.OF,南方祥元A,018005,6.410,6.4348795208875223
753,004555.OF,南方和元A,018005,38.570,30.8848578784323117
754,000546.OF,兴业定开债券A,170210,5.620,5.2198123229486873
755,002341.OF,招商招瑞纯债债券发起式A,170210,24.070,24.1722668945603336
756,003703.OF,博时富鑫纯债债券A,170210,37.050,39.7277707076854977
757,003671.OF,兴业裕恒债券,170210,10.580,10.4933432277742989
758,001299.OF,兴业添利债券,1789088,0.420,0.42950469108311860374
759,003193.OF,创金合信尊智纯债A,011753020,10.070,13.4006980222702343
760,004910.OF,中加颐享纯债债券A,011758029,5.030,4.2199657348839843
761,003329.OF,万家鑫安纯债A,1789077,0.300,0.27896923301720882465
762,001369.OF,兴业稳固收益两年理财债券,1789078,0.800,0.82420609500680551865
763,161115.SZ,易方达岁丰添利债券A,041772005,12.490,9.8389588997068568
764,002175.OF,博时裕乾纯债A,011760039,7.840,8.4621945261442941
765,000606.OF,天弘优选债券,011760039,5.410,5.4804143223707720
766,000139.OF,富国国有企业债债券A/B,041758012,4.680,3.6084806489187984
767,003770.OF,中银丰庆定期开放债券,170305,18.440,18.9850617674694828
768,000355.OF,南方丰元信用增强债券A,101762023,8.280,6.3768360585288544
769,003417.OF,中加丰泽纯债,041758014,9.050,8.9780884275515556
770,519762.OF,交银裕通纯债债券A,041763005,4.990,4.3259650087139082
771,161117.SZ,易方达永旭定期开放债券,170205,7.950,5.8217683474857516
772,003428.OF,中加丰盈一年定期开放债券型发起式,170205,12.930,10.0731599133344964
773,003313.OF,中银睿享定期开放债券,170205,4.490,4.5202545480961493
774,003929.OF,中银证券安进债券A,170205,5.760,6.3430222261595787
775,003770.OF,中银丰庆定期开放债券,170205,26.880,27.6753599575964484
776,004230.OF,永赢添益债券,170205,29.010,27.1191983861268004
777,003640.OF,兴业裕丰债券,170205,47.750,44.0717374821100964
778,004722.OF,中银丰和定期开放债券,170205,8.180,8.4028776386834567
779,519718.OF,交银纯债债券A/B,143064,8.170,6.9941736423341001
780,003929.OF,中银证券安进债券A,1728006,4.070,4.4866457034630603
781,003832.OF,中银丰润定期开放债券,1728006,6.420,6.9004851999266940
782,003417.OF,中加丰泽纯债,011760042,5.050,5.0107136909876263
783,003329.OF,万家鑫安纯债A,1789096,0.600,0.55251222203797312926
784,004230.OF,永赢添益债券,1789096,3.330,3.1129985341417068
785,003547.OF,鹏华丰禄债券,011758030,5.830,4.6737906842981387
786,485105.OF,工银增强收益债券A,170206,7.230,5.8738978209081833
787,003192.OF,创金合信尊丰纯债,170206,16.240,16.7043568739998040
788,003214.OF,易方达富惠纯债债券A,170206,10.560,10.0239978228068390
789,003290.OF,长城久稳债券A,170206,38.070,40.1390527034576945
790,003640.OF,兴业裕丰债券,170206,19.270,17.7849250801550199
791,003193.OF,创金合信尊智纯债A,011759028,10.060,13.3847432275220209
792,004728.OF,中欧瑾泰债券A,111795701,8.440,11.2306438048614461
793,000191.OF,富国信用债债券A/B,108601,2.860,2.9478357177509969
794,002832.OF,工银恒享纯债债券A,108601,12.460,12.7225087038807274
795,002716.OF,博时裕通3个月定开债发起式A,108601,36.450,44.0860690142711969
796,004118.OF,博时裕鹏纯债债券,108601,32.470,39.9332735439061173
797,000606.OF,天弘优选债券,108601,6.430,6.5170611709542831
798,004920.OF,富国泓利纯债债券型发起式A,108601,5.040,3.7924745176185652
799,004736.OF,富国鼎利纯债三个月定开债,108601,65.490,69.8123469539903792
800,004689.OF,博时丰庆纯债债券,108601,10.340,10.8755054403303249
801,001960.OF,兴银瑞益,108602,7.560,6.3298174531035512
802,002864.OF,广发安泽短债A,011772009,3.240,3.2509020557764369
803,004614.OF,鹏扬利泽债券A,011788001,6.790,7.5524534781378698
804,000186.OF,华泰柏瑞季季红债券A,011760044,7.000,5.6781538866486554
805,002864.OF,广发安泽短债A,011760044,3.240,3.2509020557764369
806,000207.OF,建信双债增强A,128014,1.880,1.9811818325034334
807,003929.OF,中银证券安进债券A,170407,3.420,3.7694568808179282
808,003651.OF,博时丰达6个月定开债发起式,170407,18.070,14.1260243282051026
809,003770.OF,中银丰庆定期开放债券,170407,24.570,25.2898512972187908
810,004230.OF,永赢添益债券,170407,18.470,17.2631345658850240
811,002991.OF,嘉实稳鑫纯债债券,011761025,4.030,4.3770106077672143
812,003188.OF,博时聚源纯债债券A,011761025,9.320,11.3171500477470666
813,004200.OF,博时富瑞纯债债券A,011761025,5.420,5.8803713627917776
814,003547.OF,鹏华丰禄债券,041753018,5.810,4.6589267107444177
815,003454.OF,招商招通纯债A,011761024,7.290,7.9168762703048518
816,002578.OF,博时裕泉纯债债券,143079,4.130,3.9239401413754459
817,004061.OF,华夏鼎隆债券A,041758019,9.310,11.6051404975038830
818,000139.OF,富国国有企业债债券A/B,170408,4.660,3.5865369424504457
819,002864.OF,广发安泽短债A,170408,5.140,5.1533727112934235
820,002781.OF,博时聚瑞6个月定开债发起式,170408,5.900,5.5882841464059448
821,002466.OF,博时裕新纯债,170408,6.060,6.2008924458750407
822,519332.OF,浦银安盛盛达纯债债券A,170408,10.470,10.7023753154490237
823,004614.OF,鹏扬利泽债券A,170408,5.050,5.6153396522597118
824,003258.OF,博时富祥纯债债券A,170409,34.220,35.4129693116718813
825,000546.OF,兴业定开债券A,111796124,4.790,4.4430478793472595
826,004334.OF,博时广利3个月定开债发起式,041758020,4.250,4.3885310496241476
827,000187.OF,华泰柏瑞丰盛纯债债券A,041751007,8.510,9.2271717387780337
828,460008.OF,华泰柏瑞稳健收益债券A,041751007,7.130,8.7076714420404119
829,003417.OF,中加丰泽纯债,011767005,8.070,8.0115694705351160
830,003949.OF,兴全稳泰债券A,041769004,6.230,6.7391496666819710
831,003445.OF,中加丰享纯债债券,1722013,6.590,6.7247140669054271
832,003770.OF,中银丰庆定期开放债券,1722013,8.010,8.2410165814937079
833,003188.OF,博时聚源纯债债券A,011764032,4.910,5.9552107057626240
834,000187.OF,华泰柏瑞丰盛纯债债券A,011767006,8.540,9.2556989477041451
835,003289.OF,创金合信尊泰纯债,1720011,7.500,8.1170515732552375
836,000084.OF,博时安盈债券A,011752024,4.290,4.7236305239210969
837,002755.OF,博时裕盛纯债,011758038,9.490,10.2622588598691613
838,000516.OF,富国祥利一年期定期开放债券型A,127489,3.830,2.7944380905787488
839,004438.OF,鹏华永安定期开放债券,041764010,6.580,4.3281972518929442
840,003547.OF,鹏华丰禄债券,041759010,5.810,4.6603202082650791
841,000207.OF,建信双债增强A,019563,6.760,7.1142640944200611
842,519225.OF,海富通集利债券,019563,39.630,41.7690189288743769
843,519334.OF,浦银安盛盛勤定开债券A,019563,82.440,84.6251326776467929
844,160515.SZ,博时安丰18个月定开债A,019564,4.780,4.0788177135594818
845,003260.OF,博时利发纯债债券A,170010,9.300,9.4851134104534853
846,003607.OF,博时富益纯债债券,011751041,5.000,4.3473270984325718
847,002354.OF,博时裕腾纯债,101773004,7.530,5.8938483846296464
848,003662.OF,鹏华永盛定期开放债券,011764041,8.390,7.0426250049093505
849,003223.OF,广发景丰纯债,011754079,4.010,4.0950335003370610
850,519328.OF,浦银安盛盛泰纯债债券A,011754079,7.310,7.6444561709727832
851,530021.OF,建信纯债A,011754080,7.980,6.7552263978407323
852,003859.OF,招商招旭纯债A,101753012,7.100,5.7354178114604381
853,519330.OF,浦银安盛盛跃纯债债券A,1789110,1.210,1.1441631371955831
854,004230.OF,永赢添益债券,1789110,1.210,1.1343592545277732
855,004020.OF,广发景祥纯债,1780085,6.540,6.2333781279891753
856,519137.OF,海富通瑞福债券A,011771019,5.980,5.0804030766431842
857,000147.OF,易方达高等级信用债债券A,101754051,7.840,6.2337222791166831
858,003329.OF,万家鑫安纯债A,1789120,0.310,0.28689757841201387337
859,004230.OF,永赢添益债券,1789120,1.190,1.1147972971231740
860,002198.OF,博时裕达纯债,1721031,9.670,9.9252234925992095
861,003417.OF,中加丰泽纯债,011759038,5.050,5.0122063075175600
862,002549.OF,嘉实稳祥纯债债券A,011769013,5.080,4.5368840755084633
863,675041.OF,西部利得合享A,1720028,5.080,6.0344109854219332
864,000552.OF,中加纯债一年A,011758048,8.160,5.0531230054465420
865,002549.OF,嘉实稳祥纯债债券A,011786006,5.080,4.5368840755084633
866,004544.OF,嘉实稳华纯债债券A,011786006,5.300,5.2522687732167207
867,004388.OF,鹏华丰享债券,041772008,9.790,10.6919817107170737
868,675041.OF,西部利得合享A,1720033,3.810,4.5272114454241597
869,001961.OF,博时裕荣纯债债券,011754115,8.570,8.8062013974737122
870,003445.OF,中加丰享纯债债券,111798827,7.810,7.9774063050058758
871,003445.OF,中加丰享纯债债券,111798842,7.800,7.9648037673992315
872,161115.SZ,易方达岁丰添利债券A,127004,2.060,1.6229456241357345
873,161014.SZ,富国汇利回报定期开放债券,127004,0.040,0.02973673520675999929
874,000346.OF,建信安心回报6个月定期开放债券A,127004,0.100,0.07515227659300272521
875,002377.OF,建信睿怡纯债A,127004,0.000,0.00276586514494769755
876,002985.OF,中银季季红定期开放债券,127004,0.000,0.00493135708986938960
877,003193.OF,创金合信尊智纯债A,011761034,9.990,13.2983214226358650
878,003660.OF,中加纯债两年债券A,011754086,8.980,7.8749709356601602
879,004140.OF,兴业福鑫债券,1722017,4.770,3.7600887116811189
880,161019.SZ,富国新天锋债券(LOF)A,128015,0.140,0.11158087648286177365
881,002698.OF,博时裕利纯债债券,1789144,0.970,0.71359956755086316180
882,675041.OF,西部利得合享A,1721034,5.090,6.0531204035247296
883,003983.OF,鹏华丰惠债券,011760069,3.350,2.6579664275701002
884,519718.OF,交银纯债债券A/B,011765003,6.310,5.3971790203330627
885,002832.OF,工银恒享纯债债券A,011777003,8.360,8.5343747836548743
886,002755.OF,博时裕盛纯债,011751053,9.490,10.2704197019048425
887,003640.OF,兴业裕丰债券,011753036,4.990,4.6057619929971514
888,003571.OF,招商招琪纯债A,1789148,2.580,2.6202869435274154
889,000186.OF,华泰柏瑞季季红债券A,041776002,6.980,5.6595332885904813
890,002447.OF,博时裕安一年定开债发起式,011753037,7.380,7.5811756895407086
891,000187.OF,华泰柏瑞丰盛纯债债券A,011764053,8.540,9.2510977849741272
892,002140.OF,博时裕诚纯债债券,011764053,5.920,6.1149015115418538
893,530021.OF,建信纯债A,011760073,7.970,6.7505264092923887
894,000346.OF,建信安心回报6个月定期开放债券A,011760073,4.060,3.1850614870853357
895,003214.OF,易方达富惠纯债债券A,1705177,2.300,2.1791634238233767
896,003607.OF,博时富益纯债债券,111718200,4.730,4.1160633023043600
897,003428.OF,中加丰盈一年定期开放债券型发起式,011752030,9.130,7.1105907898197953
898,003949.OF,兴全稳泰债券A,011760076,5.200,5.6187576358552326
899,160515.SZ,博时安丰18个月定开债A,019567,4.110,3.5061454245682509
900,004061.OF,华夏鼎隆债券A,011760077,5.820,7.2539357465335619
901,000914.OF,中加纯债债券,011754095,9.580,7.7287572765140810
902,003214.OF,易方达富惠纯债债券A,111718209,3.090,2.9313816115342755
903,004479.OF,博时富和纯债债券,111799904,7.090,5.8069907634673708
904,004122.OF,兴银长益三个月定开债,111711257,6.320,5.7601672517372149
905,519680.OF,交银增利债券A/B,101761021,8.640,7.1364567443212157
906,460008.OF,华泰柏瑞稳健收益债券A,011760079,7.130,8.7085398644441259
907,004334.OF,博时广利3个月定开债发起式,1780123,5.560,5.7385463163557585
908,002438.OF,创金合信尊盛纯债债券,011752034,3.630,3.1881185802075698
909,519680.OF,交银增利债券A/B,101754060,8.670,7.1668431173201503
910,003329.OF,万家鑫安纯债A,1789164,0.090,0.08443959157667199116
911,160618.SZ,鹏华丰泽债券(LOF),011754101,5.500,6.3152346950167548
912,001911.OF,博时裕恒纯债债券,142904,1.970,1.9478749683965816
913,003607.OF,博时富益纯债债券,146129,1.440,1.2479383480978337
914,002625.OF,博时安怡6个月定开债,127495,9.730,7.7626880571149720
915,004127.OF,鹏华丰康债券A,146156,4.920,4.0847254202349770
916,003983.OF,鹏华丰惠债券,170308,3.320,2.6354883511256211
917,004555.OF,南方和元A,170308,5.920,4.7430536005334266
918,001299.OF,兴业添利债券,170207,3.480,3.5810048973385580
919,003214.OF,易方达富惠纯债债券A,170207,3.460,3.2825985459975144
920,004498.OF,鹏华丰源债券,170207,6.600,5.9711360300254831
921,004544.OF,嘉实稳华纯债债券A,170207,7.870,7.7992507954420777
922,002548.OF,嘉实稳瑞纯债债券,041761008,4.180,4.7547655253342972
923,004141.OF,兴业瑞丰6个月定开债券,1780130,3.190,3.2002892112696970
924,001299.OF,兴业添利债券,116605,0.500,0.51403951787703232339
925,000186.OF,华泰柏瑞季季红债券A,011752041,6.970,5.6544549436655248
926,000265.OF,易方达恒久1年定期债券A,011771021,5.210,3.4027788922242920
927,519322.OF,浦银安盛盛元定开债券A,143159,4.770,5.6423957836293403
928,002832.OF,工银恒享纯债债券A,011752060,8.350,8.5233242983772335
929,002175.OF,博时裕乾纯债A,011771022,7.800,8.4184926575019758
930,002438.OF,创金合信尊盛纯债债券,011769020,3.620,3.1862110501436243
931,485105.OF,工银增强收益债券A,170309,6.120,4.9722710201606282
932,003313.OF,中银睿享定期开放债券,170309,6.540,6.5844915583251448
933,000295.OF,鹏华丰实定期开放债券A,143167,6.060,5.0487080789531599
934,003265.OF,招商招坤纯债A,111712136,12.140,10.3023894017737237
935,004030.OF,嘉实丰安6个月定期债券,111780787,3.900,3.7104063243355392
936,000295.OF,鹏华丰实定期开放债券A,143165,6.160,5.1344744063768515
937,004689.OF,博时丰庆纯债债券,111780875,18.780,19.7531040004073584
938,004940.OF,中加聚鑫纯债一年A,011754105,9.650,7.3758592218004492
939,002930.OF,博时聚润纯债债券,011752044,6.010,6.1343582437455223
940,000147.OF,易方达高等级信用债债券A,011761044,7.700,6.1272675066594936
941,000207.OF,建信双债增强A,132009,9.240,9.7234615467511455
942,002991.OF,嘉实稳鑫纯债债券,111713070,4.450,4.8349703698627271
943,004940.OF,中加聚鑫纯债一年A,011755040,8.030,6.1416389865301323
944,000191.OF,富国信用债债券A/B,112547,2.760,2.8462508812717355
945,003605.OF,景顺长城景泰汇利定期开放债券A,111713075,4.240,3.1979514708433776
946,003869.OF,长信稳势纯债债券,111781266,3.610,35.2517622273688160
947,004821.OF,国寿安保安吉纯债半年定开债券发起式,011760098,3.340,2.4045603705208777
948,004940.OF,中加聚鑫纯债一年A,011755041,8.030,6.1428665777726928
949,004722.OF,中银丰和定期开放债券,1728010,6.850,7.0425879424102228
950,004601.OF,博时富腾纯债债券,011754112,4.990,5.1876843027202952
951,000346.OF,建信安心回报6个月定期开放债券A,143193,8.000,6.2687484291271756
952,004689.OF,博时丰庆纯债债券,111781456,18.810,19.7800806105560396
953,000084.OF,博时安盈债券A,041751018,6.390,7.0298101416032784
954,001545.OF,博时裕嘉3个月定开债发起式,041751017,8.250,8.6014007085329580
955,002864.OF,广发安泽短债A,146245,1.930,1.9383297560030429
956,003547.OF,鹏华丰禄债券,011760103,5.790,4.6468497322320194
957,000244.OF,天弘稳利定期开放A,011751069,8.020,5.1230423722030833
958,002864.OF,广发安泽短债A,146159,1.930,1.9405437537247249
959,004042.OF,华夏鼎茂债券A,146256,7.600,6.2010934967965143
960,000244.OF,天弘稳利定期开放A,112556,5.610,3.5828286274247557
961,002904.OF,博时安仁一年定开债发起式A,112556,9.760,10.0861079574137530
962,002781.OF,博时聚瑞6个月定开债发起式,112556,7.730,7.3165231418674958
963,000084.OF,博时安盈债券A,011761048,6.420,7.0579800880733376
964,002438.OF,创金合信尊盛纯债债券,011758069,4.340,3.8154416339037781
965,000084.OF,博时安盈债券A,011754116,6.400,7.0396696228677991
966,002985.OF,中银季季红定期开放债券,011754114,2.400,2.4957529289928356
967,000084.OF,博时安盈债券A,011770014,6.400,7.0396696228677991
968,003452.OF,招商招盛纯债A,1789202,0.980,0.99343870568963870533
969,162715.SZ,广发聚源债券(LOF)A,170410,32.930,34.7985024139835391
970,650001.OF,英大纯债债券A,170410,15.200,16.6839818741441990
971,000943.OF,工银中高等级信用债债券A,170410,4.800,4.1942045717941737
972,001819.OF,兴全稳益定开债券,170410,2.700,2.7656460480639176
973,519743.OF,交银丰润收益债券A,170410,4.930,5.0027188798898849
974,002341.OF,招商招瑞纯债债券发起式A,170410,25.650,25.7597534604876407
975,003671.OF,兴业裕恒债券,170410,5.640,5.5912408981503616
976,004498.OF,鹏华丰源债券,170410,26.390,23.8725442486589553
977,003039.OF,广发集富纯债A,170410,11.780,13.1844809367807652
978,004498.OF,鹏华丰源债券,111781630,12.970,11.7310743226545665
979,004498.OF,鹏华丰源债券,111713082,12.970,11.7310743226545665
980,002301.OF,兴业短债债券A,111781696,3.870,4.5676745160228599
981,004923.OF,华夏鼎祥三个月定期开放债券A,116615,2.630,2.6059513136721938
982,005024.OF,南方兴利半年定开债券发起,116615,1.320,1.1035583460380276
983,004388.OF,鹏华丰享债券,041762024,9.790,10.6919817107170737
984,003258.OF,博时富祥纯债债券A,111781781,14.360,14.8571921820344037
985,519334.OF,浦银安盛盛勤定开债券A,111781781,14.980,15.3748673223532071
986,003660.OF,中加纯债两年债券A,041755012,7.930,6.9533679572346627
987,004614.OF,鹏扬利泽债券A,111781888,6.430,7.1559440382992703
988,004601.OF,博时富腾纯债债券,111781888,9.490,9.8768119321921464
989,000032.OF,易方达信用债债券A,011754121,5.790,5.0377359222800071
990,003329.OF,万家鑫安纯债A,1789174,0.750,0.69102614378721357744
991,003452.OF,招商招盛纯债A,1789174,0.600,0.60747385663905312648
992,002985.OF,中银季季红定期开放债券,011773002,2.400,2.4965012806956820
993,004020.OF,广发景祥纯债,011773002,4.730,4.5123796242253647
994,004052.OF,华夏鼎智债券A,011773002,4.730,4.3867492820248477
995,004479.OF,博时富和纯债债券,111781984,7.100,5.8143266818968484
996,004978.OF,富国聚利纯债三个月定开债发起式,111708251,8.020,9.3188887864130630
997,000032.OF,易方达信用债债券A,041762026,5.780,5.0286661836721815
998,001961.OF,博时裕荣纯债债券,041762026,8.560,8.7885889946787647
999,001545.OF,博时裕嘉3个月定开债发起式,011751074,6.630,6.9066036476964070
1000,004020.OF,广发景祥纯债,011751074,4.740,4.5213971694376456
1001,000295.OF,鹏华丰实定期开放债券A,127559,6.100,5.0785171073870039
1002,004920.OF,富国泓利纯债债券型发起式A,143229,2.960,2.2230667532088049
1003,004479.OF,博时富和纯债债券,111782074,7.100,5.8161606615042178
1004,000191.OF,富国信用债债券A/B,1780213,2.760,2.8465411965391031
1005,003329.OF,万家鑫安纯债A,1789199,0.180,0.16148502133418891635
1006,002377.OF,建信睿怡纯债A,011760110,2.830,2.3295030528231457
1007,002447.OF,博时裕安一年定开债发起式,041775002,6.100,6.2616935240509385
1008,003313.OF,中银睿享定期开放债券,170310,5.480,5.5092984748415685
1009,001545.OF,博时裕嘉3个月定开债发起式,011758075,8.260,8.6108707723697974
1010,161014.SZ,富国汇利回报定期开放债券,127581,4.630,3.7308058781292587
1011,000469.OF,富国目标齐利一年期纯债债券,127581,3.420,2.3982155283693071
1012,003265.OF,招商招坤纯债A,020195,12.520,10.6310970401174697
1013,004722.OF,中银丰和定期开放债券,143231,6.550,6.7332661103122239
1014,003770.OF,中银丰庆定期开放债券,1728012,5.870,6.0386759433359067
1015,004722.OF,中银丰和定期开放债券,1728012,7.820,8.0379820348017897
1016,003949.OF,兴全稳泰债券A,011753047,4.770,5.1522579734846152
1017,002301.OF,兴业短债债券A,111782524,3.870,4.5658044343376919
1018,002864.OF,广发安泽短债A,146328,3.220,3.2305495933384049
1019,004503.OF,鹏华永泰定期开放债券,146328,4.780,3.2412095650481091
1020,004438.OF,鹏华永安定期开放债券,146328,3.270,2.1546183054027002
1021,004127.OF,鹏华丰康债券A,146328,7.850,6.5152215787436954
1022,004052.OF,华夏鼎智债券A,011759070,4.740,4.3924474975190846
1023,000139.OF,富国国有企业债债券A/B,011764080,4.680,3.6038041213107888
1024,002578.OF,博时裕泉纯债债券,011756037,4.210,4.0046648494473310
1025,003223.OF,广发景丰纯债,011756037,4.510,4.5963632064155117
1026,000111.OF,易方达纯债1年定期开放债券A,041760040,3.320,2.4417668238450468
1027,004940.OF,中加聚鑫纯债一年A,011755048,9.630,7.3618646816352596
1028,001578.OF,博时裕瑞纯债债券,011764082,3.290,3.6630788331503504
1029,002447.OF,博时裕安一年定开债发起式,011755049,6.120,6.2818114148912628
1030,002985.OF,中银季季红定期开放债券,011794001,4.000,4.1658244791784462
1031,003452.OF,招商招盛纯债A,1789196,1.200,1.2230569756776190
1032,003155.OF,中加丰尚纯债债券A,1789197,2.820,2.9393131100622272
1033,004689.OF,博时丰庆纯债债券,111783042,19.000,19.9875929963151252
1034,003329.OF,万家鑫安纯债A,1789217,0.590,0.54126783864534087385
1035,003452.OF,招商招盛纯债A,1789217,0.320,0.32355956974055766496
1036,004388.OF,鹏华丰享债券,011754129,9.820,10.7220063309056283
1037,000111.OF,易方达纯债1年定期开放债券A,011752055,3.330,2.4503447460406282
1038,004388.OF,鹏华丰享债券,011759074,9.820,10.7241509466333822
1039,000111.OF,易方达纯债1年定期开放债券A,011764086,3.330,2.4491193285841165
1040,519718.OF,交银纯债债券A/B,170215,10.000,8.5582072984968658
1041,002169.OF,永赢稳益债券,170215,18.480,19.8016488214366371
1042,002341.OF,招商招瑞纯债债券发起式A,170215,12.320,12.3722953812686944
1043,002395.OF,鹏华丰尚定期开放债券A,170215,17.190,13.3721929175547661
1044,003265.OF,招商招坤纯债A,170215,12.170,10.3315838301792538
1045,003673.OF,中加丰裕纯债债券A,1722029,6.580,6.7064910596937705
1046,002929.OF,博时聚盈纯债债券,111783197,9.040,9.1756633857801850
1047,003983.OF,鹏华丰惠债券,146347,3.330,2.6444795817034128
1048,004438.OF,鹏华永安定期开放债券,146347,3.270,2.1546183054027002
1049,004503.OF,鹏华永泰定期开放债券,146347,2.390,1.6206047825240546
1050,004061.OF,华夏鼎隆债券A,011771029,9.260,11.5461489530632672
1051,004230.OF,永赢添益债券,170411,13.310,12.4395775648010338
1052,485105.OF,工银增强收益债券A,170412,10.610,8.6221032683453937
1053,002832.OF,工银恒享纯债债券A,011752057,8.340,8.5199241490610364
1054,002864.OF,广发安泽短债A,011758082,3.220,3.2324879230944080
1055,003327.OF,万家鑫璟纯债A,011754133,8.000,7.4706875121821954
1056,001299.OF,兴业添利债券,101751025,1.940,1.9957070242057903
1057,004141.OF,兴业瑞丰6个月定开债券,1722027,3.230,3.2402396137842680
1058,002754.OF,博时裕创纯债,1789240,1.630,1.3653236603718515
1059,002568.OF,博时裕发纯债债券,041756014,4.920,3.6228910946882418
1060,000032.OF,易方达信用债债券A,011751085,4.630,4.0293825388366434
1061,004061.OF,华夏鼎隆债券A,011758084,9.270,11.5554025286617952
1062,001299.OF,兴业添利债券,1789236,2.000,2.0512232921365098
1063,003155.OF,中加丰尚纯债债券A,1789236,0.870,0.91262332978464919257
1064,000183.OF,嘉实丰益策略定期债券,011756041,9.170,11.3971891675081689
1065,000244.OF,天弘稳利定期开放A,011755054,5.730,3.6600479165347275
1066,460008.OF,华泰柏瑞稳健收益债券A,011759076,7.120,8.7033293300218419
1067,161117.SZ,易方达永旭定期开放债券,011759076,4.060,2.9737901314221306
1068,000186.OF,华泰柏瑞季季红债券A,011759076,6.970,5.6550192042127422
1069,161115.SZ,易方达岁丰添利债券A,101758039,8.220,6.4717177921273934
1070,519137.OF,海富通瑞福债券A,011759080,2.970,2.5273148101355381
1071,003417.OF,中加丰泽纯债,011754135,8.030,7.9653978658758318
1072,000244.OF,天弘稳利定期开放A,011761063,5.730,3.6607798529243955
1073,519762.OF,交银裕通纯债债券A,011761063,4.150,3.5952665322503509
1074,003660.OF,中加纯债两年债券A,041754035,8.920,7.8201912511231224
1075,003983.OF,鹏华丰惠债券,146350,2.000,1.5866877490220477
1076,004438.OF,鹏华永安定期开放债券,146350,2.620,1.7236946443221602
1077,004821.OF,国寿安保安吉纯债半年定开债券发起式,1780267,3.270,2.3586562195194297
1078,002930.OF,博时聚润纯债债券,011760132,6.000,6.1263979066354513
1079,004910.OF,中加颐享纯债债券A,041772014,6.250,5.2414321180795862
1080,003983.OF,鹏华丰惠债券,146418,2.000,1.5866877490220477
1081,003859.OF,招商招旭纯债A,101782007,7.140,5.7691111400398674
1082,003673.OF,中加丰裕纯债债券A,041751021,6.670,6.8060384056387980
1083,003056.OF,嘉实稳泽纯债债券A,111783951,18.660,13.9672291477850353
1084,004238.OF,永赢瑞益债券A,111712194,7.580,5.5721322994036398
1085,001299.OF,兴业添利债券,116643,1.490,1.5290015044841527
1086,001246.OF,兴银长乐定开债,116643,2.960,3.1513686235902770
1087,003329.OF,万家鑫安纯债A,1789243,0.810,0.74158667951408440527
1088,000345.OF,鹏华丰融定期开放债券,041759020,8.650,6.1440658346820626
1089,000032.OF,易方达信用债债券A,011766024,5.780,5.0311855555076886
1090,004911.OF,中加纯债定开债券A,111784163,9.710,8.9397939613039085
1091,519324.OF,浦银安盛盛鑫定开债券A,170415,8.660,6.4213541260154177
1092,002341.OF,招商招瑞纯债债券发起式A,170415,24.670,24.7730774708982377
1093,003285.OF,国寿安保安康纯债债券,170415,3.530,3.3111889507551327
1094,003265.OF,招商招坤纯债A,170209,12.530,10.6397472411265157
1095,002929.OF,博时聚盈纯债债券,170209,6.560,6.6535392568958747
1096,003039.OF,广发集富纯债A,170209,34.950,39.1279659448847077
1097,004705.OF,南方祥元A,011756044,5.900,5.9179193343346393
1098,004705.OF,南方祥元A,011769035,5.900,5.9161446684007125
1099,003214.OF,易方达富惠纯债债券A,111714256,4.410,4.1824105268537462
1100,004689.OF,博时丰庆纯债债券,111784295,18.750,19.7199020186859047
1101,002638.OF,兴业天融债券,1789256,2.350,2.4704315940189323
1102,003983.OF,鹏华丰惠债券,116638,0.670,0.52889591634068255012
1103,004438.OF,鹏华永安定期开放债券,116638,3.270,2.1546183054027002
1104,004503.OF,鹏华永泰定期开放债券,116638,4.780,3.2412095650481091
1105,004052.OF,华夏鼎智债券A,011766025,4.730,4.3823660393369732
1106,002578.OF,博时裕泉纯债债券,011751091,4.200,3.9934752859522182
1107,000137.OF,民生加银岁岁增利债券A,111719297,8.020,5.8367448941475334
1108,004728.OF,中欧瑾泰债券A,111713099,8.540,11.3519861222747188
1109,004919.OF,兴全兴泰债券,111784637,4.810,3.7528159051315520
1110,004919.OF,兴全兴泰债券,111784712,4.810,3.7543716377070030
1111,004919.OF,兴全兴泰债券,111784668,4.750,3.7065328610118863
1112,004911.OF,中加纯债定开债券A,111784631,9.460,8.7088294259083184
1113,002698.OF,博时裕利纯债债券,111718364,16.380,12.0134901513876624
1114,002698.OF,博时裕利纯债债券,111717215,7.300,5.3541901979251751
1115,004919.OF,兴全兴泰债券,111784745,4.750,3.7030324627171216
1116,004705.OF,南方祥元A,011759084,5.880,5.9025388962406068
1117,003223.OF,广发景丰纯债,011756046,5.000,5.0948389464941257
1118,001299.OF,兴业添利债券,1789265,0.900,0.92629921121441224674
1119,003329.OF,万家鑫安纯债A,1789253,0.100,0.08888187666176123823
1120,000116.OF,嘉实丰益纯债定期债券,041754039,2.530,2.2696862339685102
1121,002868.OF,鹏华丰茂债券,116665,2.690,2.1445864071288197
1122,003209.OF,鹏华丰达债券,116665,2.800,2.9099837979377090
1123,003983.OF,鹏华丰惠债券,116665,2.000,1.5866877490220477
1124,004438.OF,鹏华永安定期开放债券,116665,3.270,2.1546183054027002
1125,004141.OF,兴业瑞丰6个月定开债券,116665,1.630,1.6373115784660273
1126,000265.OF,易方达恒久1年定期债券A,041776005,5.180,3.3847729735653576
1127,005024.OF,南方兴利半年定开债券发起,112587,3.260,2.7221068987768772
1128,004032.OF,工银丰淳半年定开债券,011769036,5.520,25.4637522583271839
1129,005024.OF,南方兴利半年定开债券发起,116686,1.290,1.0752142454468614
1130,003155.OF,中加丰尚纯债债券A,1789219,1.310,1.3710085841726085
1131,003285.OF,国寿安保安康纯债债券,1789220,1.510,1.4212187917393450
1132,003155.OF,中加丰尚纯债债券A,1789220,1.460,1.5233259302122477
1133,002868.OF,鹏华丰茂债券,146469,3.370,2.6807330089110246
1134,650001.OF,英大纯债债券A,011751094,7.640,8.3839231323926590
1135,002754.OF,博时裕创纯债,011751094,6.460,5.4234995891671785
1136,164703.SZ,汇添富纯债(LOF),011751094,9.570,9.3268623793728170
1137,004052.OF,华夏鼎智债券A,011769037,4.740,4.3915708489815097
1138,164703.SZ,汇添富纯债(LOF),011758092,9.560,9.3156667858395096
1139,650001.OF,英大纯债债券A,011754150,7.630,8.3814072006734254
1140,004122.OF,兴银长益三个月定开债,011754150,3.650,3.3251324650938825
1141,002395.OF,鹏华丰尚定期开放债券A,128016,6.930,5.3904783600802537
1142,004122.OF,兴银长益三个月定开债,011760148,3.310,3.0183107018003396
1143,004032.OF,工银丰淳半年定开债券,111705099,16.160,74.5362477416728161
1144,000137.OF,民生加银岁岁增利债券A,111785693,8.020,5.8336751850415338
1145,519743.OF,交银丰润收益债券A,011764106,7.920,8.0333194053187044
1146,001246.OF,兴银长乐定开债,111785765,4.540,4.8274986369485441
1147,161115.SZ,易方达岁丰添利债券A,143320,12.290,9.6781627602397990
1148,001819.OF,兴全稳益定开债券,011759089,2.860,2.9243765972554184
1149,004919.OF,兴全兴泰债券,111785895,3.900,3.0420794780367859
1150,005073.OF,永赢永益债券A,111785951,2.090,8.1692402793607114
1151,003452.OF,招商招盛纯债A,1789274,0.710,0.72010250107672984082
1152,519743.OF,交银丰润收益债券A,011754154,3.970,4.0210855522766269
1153,004899.OF,中银信享定期开放债券,143327,3.930,4.9418189817433025
1154,005024.OF,南方兴利半年定开债券发起,143327,3.290,2.7453420353988931
1155,003285.OF,国寿安保安康纯债债券,1789287,0.150,0.14205075422189069383
1156,003285.OF,国寿安保安康纯债债券,1789288,0.820,0.76672698303223597009
1157,003571.OF,招商招琪纯债A,1789288,2.110,2.1405496552914169
1158,003571.OF,招商招琪纯债A,1789289,0.640,0.65096802287542007625
1159,003155.OF,中加丰尚纯债债券A,1789278,2.440,2.5468558040501838
1160,003452.OF,招商招盛纯债A,1789278,0.810,0.82779350574225880801
1161,003315.OF,景顺长城政策性金融债A,071721010,9.400,11.8031457025320333
1162,003289.OF,创金合信尊泰纯债,1789281,7.600,8.2274092143688943
1163,005073.OF,永赢永益债券A,111786132,1.410,5.5181949103279367
1164,000265.OF,易方达恒久1年定期债券A,011773003,5.190,3.3932663314233455
1165,003452.OF,招商招盛纯债A,1789292,0.560,0.56808987225208633301
1166,004821.OF,国寿安保安吉纯债半年定开债券发起式,101773021,3.610,2.6008667084160754
1167,004910.OF,中加颐享纯债债券A,011762080,6.230,5.2241457639024299
1168,004238.OF,永赢瑞益债券A,170211,3.850,2.8348918491724220
1169,003289.OF,创金合信尊泰纯债,112595,6.750,7.2994167516310695
1170,005024.OF,南方兴利半年定开债券发起,146560,1.660,1.3830438465485607
1171,004555.OF,南方和元A,111786445,3.910,3.1344321706916664
1172,004728.OF,中欧瑾泰债券A,111721168,8.530,11.3437395570136226
1173,005073.OF,永赢永益债券A,111786429,1.410,5.5159612754725115
1174,004978.OF,富国聚利纯债三个月定开债发起式,111712221,6.490,7.5374879465794056
1175,004978.OF,富国聚利纯债三个月定开债发起式,111786473,6.490,7.5374879465794056
1176,004728.OF,中欧瑾泰债券A,111786477,8.640,11.4898215702101840
1177,004728.OF,中欧瑾泰债券A,111786507,8.640,11.4898215702101840
1178,005024.OF,南方兴利半年定开债券发起,116687,2.350,1.9586196719912891
1179,005024.OF,南方兴利半年定开债券发起,146563,0.230,0.19362613851679850356
1180,002868.OF,鹏华丰茂债券,146566,3.370,2.6807330089110246
1181,005024.OF,南方兴利半年定开债券发起,146566,1.660,1.3830438465485607
1182,003949.OF,兴全稳泰债券A,111714284,6.000,6.4858436423211432
1183,003605.OF,景顺长城景泰汇利定期开放债券A,111714285,3.290,2.4823345747679559
1184,003547.OF,鹏华丰禄债券,011754166,5.790,4.6417402413229278
1185,004499.OF,鹏华丰瑞债券,011754166,5.950,4.8048946809313152
1186,002377.OF,建信睿怡纯债A,111786690,4.140,3.4099587480439711
1187,003869.OF,长信稳势纯债债券,111709399,1.460,14.2594316140343283
1188,519743.OF,交银丰润收益债券A,101751034,4.860,4.9217459493920190
1189,519762.OF,交银裕通纯债债券A,011758104,4.140,3.5866404803885086
1190,003607.OF,博时富益纯债债券,170311,3.460,3.0040950982665806
1191,002377.OF,建信睿怡纯债A,111786770,2.760,2.2726062815630008
1192,003547.OF,鹏华丰禄债券,146569,8.110,6.5029884297529260
1193,005024.OF,南方兴利半年定开债券发起,146569,1.660,1.3830438465485607
1194,004499.OF,鹏华丰瑞债券,011759095,5.940,4.7976822902364318
1195,002109.OF,博时裕丰3个月定开债发起式,111710530,17.470,16.0947754208669741
1196,002930.OF,博时聚润纯债债券,111714298,9.880,10.0830936727566647
1197,004140.OF,兴业福鑫债券,116710,1.430,1.1247647955971041
1198,005024.OF,南方兴利半年定开债券发起,116710,3.310,2.7660876930971215
1199,003983.OF,鹏华丰惠债券,116711,2.000,1.5866877490220477
1200,003605.OF,景顺长城景泰汇利定期开放债券A,111714299,3.290,2.4818123628031368
1201,004136.OF,博时民泽纯债债券,011758107,4.250,4.3157631469189752
1202,004499.OF,鹏华丰瑞债券,011754172,6.600,5.3312923514252859
1203,004140.OF,兴业福鑫债券,146575,0.950,0.74984319706473604567
1204,002638.OF,兴业天融债券,1720076,4.630,4.8529336678110719
1205,002395.OF,鹏华丰尚定期开放债券A,113014,9.820,7.6347265769212799
1206,004140.OF,兴业福鑫债券,146623,0.950,0.74984319706473604567
1207,005024.OF,南方兴利半年定开债券发起,143366,3.280,2.7375969898582211
1208,003329.OF,万家鑫安纯债A,145891,1.970,1.7998851336206473
1209,002754.OF,博时裕创纯债,111787647,6.810,5.7235091193071655
1210,004499.OF,鹏华丰瑞债券,146650,4.630,3.7397581380876843
1211,519328.OF,浦银安盛盛泰纯债债券A,111711457,14.380,15.0377504008443100
1212,003327.OF,万家鑫璟纯债A,011751103,7.990,7.4609697877817182
1213,003983.OF,鹏华丰惠债券,041760054,3.320,2.6339016633765991
1214,004042.OF,华夏鼎茂债券A,011751104,6.820,5.5703802772373409
1215,004499.OF,鹏华丰瑞债券,146668,5.290,4.2740093006716392
1216,004499.OF,鹏华丰瑞债券,146653,4.630,3.7397581380876843
1217,004499.OF,鹏华丰瑞债券,011758119,5.270,4.2624694755598258
1218,519782.OF,交银裕隆纯债债券A,041760057,9.200,7.2237265013422631
1219,005073.OF,永赢永益债券A,111787795,2.110,8.2680786217132761
1220,004923.OF,华夏鼎祥三个月定期开放债券A,116704,0.660,0.65460279608127315367
1221,164703.SZ,汇添富纯债(LOF),111708376,9.460,9.2139734779119677
1222,004978.OF,富国聚利纯债三个月定开债发起式,111708376,9.730,11.2993671767483622
1223,004978.OF,富国聚利纯债三个月定开债发起式,111709431,6.490,7.5329114511655748
1224,000137.OF,民生加银岁岁增利债券A,111719349,8.020,5.8336751850415338
1225,162715.SZ,广发聚源债券(LOF)A,170413,61.700,65.2012756349269337
1226,004923.OF,华夏鼎祥三个月定期开放债券A,146656,1.980,1.9638083882438195
1227,002568.OF,博时裕发纯债债券,111788042,4.870,3.5847668648884558
1228,004923.OF,华夏鼎祥三个月定期开放债券A,146671,1.980,1.9638083882438195
1229,002864.OF,广发安泽短债A,146674,2.580,2.5844396746707239
1230,003983.OF,鹏华丰惠债券,146674,1.330,1.0577918326813651
1231,004923.OF,华夏鼎祥三个月定期开放债券A,146674,1.980,1.9638083882438195
1232,000469.OF,富国目标齐利一年期纯债债券,146705,0.650,0.45678215619274537952
1233,002985.OF,中银季季红定期开放债券,146705,0.940,0.97815803826218456947
1234,000469.OF,富国目标齐利一年期纯债债券,146706,0.690,0.48537047730607308418
1235,002985.OF,中银季季红定期开放债券,146706,0.400,0.41575094602579303771
1236,003223.OF,广发景丰纯债,011753079,5.000,5.0973871304225513
1237,002930.OF,博时聚润纯债债券,011769046,6.980,7.1317476613958349
1238,002781.OF,博时聚瑞6个月定开债发起式,011762099,7.890,7.4622557274307401
1239,004859.OF,泰康年年红纯债一年债券,101758059,4.170,2.5946008926945750
1240,004923.OF,华夏鼎祥三个月定期开放债券A,111788573,3.260,3.2307921000591236
1241,004238.OF,永赢瑞益债券A,1789319,2.980,2.1910075125256220
1242,000516.OF,富国祥利一年期定期开放债券型A,011758127,3.840,2.8017372055430895
1243,003327.OF,万家鑫璟纯债A,117576,7.980,7.4519995806428163
1244,003859.OF,招商招旭纯债A,101773022,7.180,5.8004807907862326
1245,003315.OF,景顺长城政策性金融债A,011764127,9.400,11.7925398407785600
1246,000469.OF,富国目标齐利一年期纯债债券,1722037,4.820,3.3802656151026848
1247,519330.OF,浦银安盛盛跃纯债债券A,1722037,4.970,4.7028626531538345
1248,160618.SZ,鹏华丰泽债券(LOF),011762095,5.480,6.2988658282965439
1249,004238.OF,永赢瑞益债券A,1789303,3.420,2.5123889539255665
1250,004027.OF,广发景源纯债A,1789303,1.730,1.6977127799375763
1251,003452.OF,招商招盛纯债A,1789304,0.150,0.15325154391345795167
1252,519743.OF,交银丰润收益债券A,111714315,18.480,18.7293908803759236
1253,004307.OF,博时富元纯债债券,111714315,13.230,13.5176779863842412
1254,002109.OF,博时裕丰3个月定开债发起式,1720081,3.470,3.2003841894570098
1255,005024.OF,南方兴利半年定开债券发起,011764131,3.310,2.7605555177109272
1256,003155.OF,中加丰尚纯债债券A,1789329,2.800,2.9216266114229898
1257,002447.OF,博时裕安一年定开债发起式,041760060,6.110,6.2811827308025027
1258,004923.OF,华夏鼎祥三个月定期开放债券A,111713129,9.790,9.6904124917891271
1259,000943.OF,工银中高等级信用债债券A,111709453,5.890,5.1399772524551099
1260,003329.OF,万家鑫安纯债A,111709453,2.570,2.3518547312589760
1261,005124.OF,易方达恒益定开债券发起式,111709453,9.680,12.3956848142215396
1262,004459.OF,鑫元瑞利定开债券,111789280,4.310,6.0294296160854276
1263,004459.OF,鑫元瑞利定开债券,111789258,4.310,6.0326073485699251
1264,004459.OF,鑫元瑞利定开债券,111789295,4.370,6.1107795676885619
1265,005124.OF,易方达恒益定开债券发起式,111712266,4.840,6.1978424071107698
1266,004238.OF,永赢瑞益债券A,1789351,2.980,2.1947408118854431
1267,004923.OF,华夏鼎祥三个月定期开放债券A,041758038,3.440,3.4022325723528091
1268,004136.OF,博时民泽纯债债券,111709455,6.670,6.7688986315127296
1269,002868.OF,鹏华丰茂债券,111789440,6.650,5.2912308129885803
1270,002336.OF,创金合信尊享纯债债券A,111721217,6.600,5.3018709857581681
1271,004052.OF,华夏鼎智债券A,011751117,5.190,4.8095130392703479
1272,003590.OF,建信睿富纯债债券,111789512,6.300,6.4205590898031075
1273,519718.OF,交银纯债债券A/B,111712274,10.210,8.7346559471419608
1274,005073.OF,永赢永益债券A,111789627,2.820,11.0196375592401844
1275,004140.OF,兴业福鑫债券,146683,0.950,0.74984319706473604567
1276,160618.SZ,鹏华丰泽债券(LOF),011779001,5.480,6.2944588257180255
1277,004136.OF,博时民泽纯债债券,111708400,4.350,4.4140519337737488
1278,001911.OF,博时裕恒纯债债券,041756022,3.990,3.9450532416528519
1279,002698.OF,博时裕利纯债债券,111715437,8.200,6.0136848802314032
1280,004238.OF,永赢瑞益债券A,111712283,9.460,6.9578451794313711
1281,003056.OF,嘉实稳泽纯债债券A,111789814,12.120,9.0705365661750242
1282,004923.OF,华夏鼎祥三个月定期开放债券A,116739,0.750,0.74205772963773124700
1283,002638.OF,兴业天融债券,1789369,3.080,3.2339960306942422
1284,004027.OF,广发景源纯债A,1789366,2.890,2.8268943443082665
1285,000943.OF,工银中高等级信用债债券A,011759117,4.820,4.2123357466797824
1286,004459.OF,鑫元瑞利定开债券,111719376,8.630,12.0753834410902419
1287,004042.OF,华夏鼎茂债券A,146602,9.500,7.7513668709956429
1288,003452.OF,招商招盛纯债A,1789379,0.710,0.72154414772553210277
1289,002754.OF,博时裕创纯债,011759120,5.020,4.2149018235841488
1290,002301.OF,兴业短债债券A,111716274,3.910,4.6153615989946441
1291,004899.OF,中银信享定期开放债券,111709480,3.910,4.9159273356928590
1292,002483.OF,富国泰利定期开放债券发起式,111770298,4.790,3.4775995007204214
1293,005124.OF,易方达恒益定开债券发起式,111708418,3.630,4.6474284866691452
1294,005124.OF,易方达恒益定开债券发起式,111708417,3.680,4.7060575845009713
1295,003313.OF,中银睿享定期开放债券,111718459,4.060,4.0841888466256562
1296,002698.OF,博时裕利纯债债券,111710633,17.810,13.0692543749709826
1297,002578.OF,博时裕泉纯债债券,111709483,4.150,3.9455200138303062
1298,002603.OF,工银瑞信瑞丰半年定期开放纯债债券,111709484,16.000,9.4305746758039011
1299,519324.OF,浦银安盛盛鑫定开债券A,111770468,8.930,6.6260910075160138
1300,003452.OF,招商招盛纯债A,111718474,1.820,1.8448571958891446
1301,003571.OF,招商招琪纯债A,111715462,4.520,4.5948347888166407
1302,000254.OF,长城定期开放债券A,111713146,4.430,3.1552116865199880
1303,519776.OF,交银裕盈纯债债券A,111712304,9.340,7.2089495638983694
1304,160515.SZ,博时安丰18个月定开债A,111770551,4.790,4.0882764180032422
1305,000254.OF,长城定期开放债券A,111714336,4.430,3.1552116865199880
1306,003162.OF,博时富宁纯债债券,111714336,4.750,4.3777604851971789
1307,004479.OF,博时富和纯债债券,111770568,7.650,6.2632441346784962
1308,004479.OF,博时富和纯债债券,111770608,8.480,6.9459939873997450
1309,004923.OF,华夏鼎祥三个月定期开放债券A,146735,2.650,2.6184111843250926
1310,000346.OF,建信安心回报6个月定期开放债券A,041760063,8.060,6.3175349289293580
1311,002198.OF,博时裕达纯债,111710643,8.620,8.8434407441441011
1312,519324.OF,浦银安盛盛鑫定开债券A,111770749,8.820,6.5408399125960934
1313,000346.OF,建信安心回报6个月定期开放债券A,011754199,8.080,6.3308403379663168
1314,003730.OF,博时富华纯债债券,111770863,9.850,7.9010748280147068
1315,005124.OF,易方达恒益定开债券发起式,111717299,2.450,3.1370539501126702
1316,003730.OF,博时富华纯债债券,111770840,9.850,7.9026761808375716
1317,002483.OF,富国泰利定期开放债券发起式,111709493,4.750,3.4486049493834254
1318,002169.OF,永赢稳益债券,1789382,0.530,0.57064704503911447358
1319,002198.OF,博时裕达纯债,111716286,7.290,7.4799053081413819
1320,002301.OF,兴业短债债券A,111718484,3.910,4.6153615989946441
1321,004020.OF,广发景祥纯债,111718484,4.670,4.4510603167818545
1322,002109.OF,博时裕丰3个月定开债发起式,1720092,9.510,8.7640287633836691
1323,160618.SZ,鹏华丰泽债券(LOF),011763034,5.480,6.2957179693118879
1324,003730.OF,博时富华纯债债券,111771208,9.850,7.9018755044261392
1325,003260.OF,博时利发纯债债券A,146677,9.560,9.7453547892240502
1326,004923.OF,华夏鼎祥三个月定期开放债券A,146686,1.320,1.3092055921625463
1327,004042.OF,华夏鼎茂债券A,011776001,9.500,7.7513668709956429
1328,004859.OF,泰康年年红纯债一年债券,111710663,5.100,3.1745505852540039
1329,004859.OF,泰康年年红纯债一年债券,111715486,5.100,3.1745505852540039
1330,160515.SZ,博时安丰18个月定开债A,111771585,3.680,3.1451467033514700
1331,003209.OF,鹏华丰达债券,146712,2.800,2.9099837979377090
1332,004899.OF,中银信享定期开放债券,111709511,3.910,4.9154294194226581
1333,004920.OF,富国泓利纯债债券型发起式A,111708437,2.930,2.2031836477832154
1334,003285.OF,国寿安保安康纯债债券,111707304,2.460,2.3117980245971963
1335,005124.OF,易方达恒益定开债券发起式,111707303,2.450,3.1370539501126702
1336,002985.OF,中银季季红定期开放债券,111710677,5.840,6.0809812120462619
1337,004459.OF,鑫元瑞利定开债券,111715496,8.970,12.5482300347834598
1338,000402.OF,工银纯债债券A,111715497,6.510,5.4330960559145198
1339,000402.OF,工银纯债债券A,111709524,6.510,5.4330960559145198
1340,003329.OF,万家鑫安纯债A,111709524,3.850,3.5274203472887010
1341,675041.OF,西部利得合享A,111709524,3.840,4.5608883980091932
1342,004899.OF,中银信享定期开放债券,111709524,7.730,9.7103631014567138
1343,004127.OF,鹏华丰康债券A,111772176,4.840,4.0186701100388456
1344,004821.OF,国寿安保安吉纯债半年定开债券发起式,111710684,16.260,11.7175752988251268
1345,000191.OF,富国信用债债券A/B,111710683,4.170,4.2989884791790963
1346,003607.OF,博时富益纯债债券,111772334,9.690,8.4197312541781479
1347,004923.OF,华夏鼎祥三个月定期开放债券A,146866,0.660,0.65460279608127315367
1348,004923.OF,华夏鼎祥三个月定期开放债券A,ZSWK2A,0.660,0.65460279608127315367
0,202108.OF,南方润元纯债债券A/B,122844,9.180,6.9093137046288647
1,217003.OF,招商安泰债券A,122831,9.780,8.5800347586543504
2,100058.OF,富国产业债A,122067,5.410,4.1294381537916733
3,110035.OF,易方达双债增强债券A,1180106,8.940,10.2949756691246193
4,070005.OF,嘉实债券,1182277,3.240,2.7939951023205700
5,100018.OF,富国天利增长债券A,110320,2.100,1.5949845625852253
6,217022.OF,招商产业债券A,1180160,5.400,4.1082419280411733
7,217022.OF,招商产业债券A,1280059,9.080,6.8991388525406268
8,160602.OF,鹏华普天债券A,122642,4.600,4.6469551236679412
9,217003.OF,招商安泰债券A,122591,8.660,7.6022717734176389
10,270048.OF,广发纯债债券A,124234,5.470,4.9176130707867987
11,070037.OF,嘉实纯债债券A,1382284,6.130,6.4933706593136442
12,070037.OF,嘉实纯债债券A,1382287,6.120,6.4791407405463466
13,217003.OF,招商安泰债券A,130318,16.930,14.8546167741750032
14,217022.OF,招商产业债券A,1380323,4.640,3.5297282391548470
15,261001.OF,景顺长城稳定收益债券A,101364010,4.220,4.5423421187056714
16,070037.OF,嘉实纯债债券A,112196,7.250,7.6768947523269888
17,261001.OF,景顺长城稳定收益债券A,1480099,4.010,4.3108966231737146
18,070025.OF,嘉实信用债券A,1480195,4.070,4.2425252357366834
19,202108.OF,南方润元纯债债券A/B,124752,8.830,6.6404464208861556
20,202108.OF,南方润元纯债债券A/B,124776,8.810,6.6245272009238034
21,270048.OF,广发纯债债券A,124805,4.410,3.9580517007769371
22,270048.OF,广发纯债债券A,124970,4.080,3.6693125332211959
23,100072.OF,富国强回报定期开放债券A,122330,5.320,3.0699697057084934
24,110035.OF,易方达双债增强债券A,112232,8.790,10.1196552913929921
25,100018.OF,富国天利增长债券A,110030,0.340,0.25406520669254848594
26,100066.OF,富国纯债债券发起式A/B,150201,20.710,24.9303474735860203
27,100018.OF,富国天利增长债券A,113008,0.490,0.37095661725147223103
28,217003.OF,招商安泰债券A,1580046,8.630,7.5744878880347415
29,040040.OF,华安纯债债券A,150004,6.510,10.0188776006880640
30,100066.OF,富国纯债债券发起式A/B,150409,8.860,10.6673378264458978
31,217022.OF,招商产业债券A,132002,0.080,0.05923174475358782369
32,100018.OF,富国天利增长债券A,110031,0.060,0.04415113347547708701
33,040045.OF,华安添鑫中短债A,112253,9.180,100.0000000000000000
34,110035.OF,易方达双债增强债券A,122366,8.800,10.1349448592184247
35,160602.OF,鹏华普天债券A,122395,6.570,6.6292903421287600
36,100018.OF,富国天利增长债券A,150218,3.120,2.3665687915311291
37,070025.OF,嘉实信用债券A,127275,3.900,4.0623360865948339
38,217022.OF,招商产业债券A,101564043,5.260,3.9960195900028262
39,202108.OF,南方润元纯债债券A/B,122456,8.310,6.2478138949698006
40,100018.OF,富国天利增长债券A,132003,0.190,0.14699673453452420977
41,110035.OF,易方达双债增强债券A,132004,1.110,1.2762130912572075
42,160602.OF,鹏华普天债券A,150317,7.520,7.5872579104575041
43,261001.OF,景顺长城稳定收益债券A,132005,0.010,0.00815961991573477749
44,070005.OF,嘉实债券,132005,0.450,0.38435690007933310352
45,100058.OF,富国产业债A,123001,0.020,0.01333754233593275892
46,110035.OF,易方达双债增强债券A,110032,1.070,1.2366202457209889
47,100018.OF,富国天利增长债券A,110032,0.030,0.01949854162966944089
48,110035.OF,易方达双债增强债券A,110033,3.190,3.6764750484420652
49,070005.OF,嘉实债券,110033,0.010,0.01286297404607259825
50,100018.OF,富国天利增长债券A,110034,0.090,0.07055427391629816188
51,050027.OF,博时信用债纯债债券A,160205,3.230,2.5580627759590840
52,100018.OF,富国天利增长债券A,113009,1.430,1.0870099446692524
53,110035.OF,易方达双债增强债券A,128010,4.540,5.2306534612979782
54,100018.OF,富国天利增长债券A,128010,0.130,0.09582327072213044396
55,100018.OF,富国天利增长债券A,160207,3.920,2.9691399444981310
56,110035.OF,易方达双债增强债券A,136253,8.330,9.5936941581981106
57,070025.OF,嘉实信用债券A,127400,7.330,7.6333941342737735
58,100018.OF,富国天利增长债券A,113010,0.140,0.10525492778014598397
59,100058.OF,富国产业债A,112367,7.140,5.4518638874621407
60,217022.OF,招商产业债券A,120001,0.380,0.28621492026190389920
61,100018.OF,富国天利增长债券A,120001,0.170,0.12817475951253904582
62,070005.OF,嘉实债券,120001,0.130,0.11570374642599537249
63,100018.OF,富国天利增长债券A,128012,0.280,0.21240745646036212560
64,100018.OF,富国天利增长债券A,127003,0.460,0.35035469763825578637
65,217022.OF,招商产业债券A,132006,0.090,0.06686752254299554903
66,100018.OF,富国天利增长债券A,132006,0.560,0.42644679877871148855
67,050027.OF,博时信用债纯债债券A,136577,3.090,2.4400713229486607
68,217022.OF,招商产业债券A,128013,0.010,0.01107236422846297968
69,100058.OF,富国产业债A,128013,0.050,0.03800902623460394588
70,100018.OF,富国天利增长债券A,128013,0.000,0.00282007221154792981
71,050027.OF,博时信用债纯债债券A,136593,3.080,2.4350246397574535
72,050027.OF,博时信用债纯债债券A,160213,5.530,4.3749696584574849
73,100058.OF,富国产业债A,1680372,4.800,3.6648201914049473
74,100066.OF,富国纯债债券发起式A/B,1689227,5.120,6.1591240340212516
75,217022.OF,招商产业债券A,132007,0.360,0.27064287190248027385
76,100058.OF,富国产业债A,132007,0.940,0.71676756329150167705
77,100018.OF,富国天利增长债券A,132007,0.000,0.00029251026843058344
78,100066.OF,富国纯债债券发起式A/B,170203,14.780,17.7967055493795880
79,040040.OF,华安纯债债券A,170204,7.810,12.0190401828949468
80,050027.OF,博时信用债纯债债券A,170204,5.100,4.0292718598597946
81,160602.OF,鹏华普天债券A,041762008,5.740,5.7919657890702330
82,100018.OF,富国天利增长债券A,113011,0.490,0.36896835745457991760
83,261001.OF,景顺长城稳定收益债券A,041762009,4.190,4.5078047094886933
84,100018.OF,富国天利增长债券A,113012,0.040,0.03063964701846506933
85,040040.OF,华安纯债债券A,111714123,6.220,9.5742855164343514
86,070025.OF,嘉实信用债券A,041754010,4.690,4.8796514424557339
87,070005.OF,嘉实债券,018005,3.180,2.7388796160634533
88,100072.OF,富国强回报定期开放债券A,101759019,5.020,2.8970915316517870
89,070037.OF,嘉实纯债债券A,170206,5.920,6.2734537329099547
90,100066.OF,富国纯债债券发起式A/B,108601,10.630,12.7943940898259643
91,202108.OF,南方润元纯债债券A/B,108601,8.390,6.3136092175608062
92,100058.OF,富国产业债A,108601,5.240,3.9964563792173294
93,110035.OF,易方达双债增强债券A,108601,14.860,17.1202055170703260
94,100018.OF,富国天利增长债券A,108601,2.750,2.0847624702859725
95,160602.OF,鹏华普天债券A,108601,5.550,5.6021420561883256
96,217003.OF,招商安泰债券A,011760044,8.610,7.5564659083269162
97,100018.OF,富国天利增长债券A,128014,0.580,0.43629537843687766916
98,270048.OF,广发纯债债券A,170408,4.110,3.6942309920189162
99,100072.OF,富国强回报定期开放债券A,127489,5.060,2.9193813632376886
100,100072.OF,富国强回报定期开放债券A,143103,5.030,2.9020774150328440
101,100066.OF,富国纯债债券发起式A/B,019563,9.450,11.3807732555544200
102,100072.OF,富国强回报定期开放债券A,112523,4.990,2.8797875834469424
103,070025.OF,嘉实信用债券A,011771019,5.460,5.6861392889063164
104,100058.OF,富国产业债A,127004,0.040,0.03263550348265542496
105,110035.OF,易方达双债增强债券A,127004,2.650,3.0569973530241494
106,100018.OF,富国天利增长债券A,127004,0.380,0.29057877362639855885
107,261001.OF,景顺长城稳定收益债券A,011759043,4.190,4.5064590961425773
108,100018.OF,富国天利增长债券A,128015,0.370,0.28275302430013506620
109,270043.OF,广发理财年年红债券,111799591,4.410,6.9995008825639229
110,270043.OF,广发理财年年红债券,111799979,4.850,7.6941920625483111
111,270043.OF,广发理财年年红债券,111719199,5.290,8.3944024004220049
112,270048.OF,广发纯债债券A,146156,3.440,3.0877891942652259
113,270048.OF,广发纯债债券A,116592,2.060,1.8526735165591355
114,100058.OF,富国产业债A,143081,5.320,4.0567840015879976
115,070037.OF,嘉实纯债债券A,170410,6.080,6.4338637262867635
116,070005.OF,嘉实债券,170410,5.120,4.4079094818053465
117,270048.OF,广发纯债债券A,119423,3.440,3.0877891942652259
118,270048.OF,广发纯债债券A,119424,3.440,3.0877891942652259
119,070005.OF,嘉实债券,101780008,3.810,3.2790113813831971
120,270048.OF,广发纯债债券A,146377,0.690,0.61755783885304517491
121,270043.OF,广发理财年年红债券,111784609,4.410,7.0059153005328718
122,270043.OF,广发理财年年红债券,111784615,4.410,7.0059165707786644
123,270048.OF,广发纯债债券A,143307,4.070,3.6608828687208518
124,040040.OF,华安纯债债券A,1789219,1.470,2.2560790189669205
125,040040.OF,华安纯债债券A,111720212,9.550,14.6986358148529886
126,040040.OF,华安纯债债券A,111720221,6.370,9.7980869493656785
127,070005.OF,嘉实债券,011754154,3.210,2.7679606515257510
128,217022.OF,招商产业债券A,101773021,5.320,4.0441148777335464
129,100018.OF,富国天利增长债券A,143360,3.300,2.5026021383441213
130,261001.OF,景顺长城稳定收益债券A,011754180,3.830,4.1199451186042095
131,270048.OF,广发纯债债券A,146674,2.060,1.8526735165591355
132,202108.OF,南方润元纯债债券A/B,1789382,2.100,1.5761370147274986
